order_id,risk_score,risk_band,top_3_risk_reasons,recommended_action,evidence_fields
O000002574,40,High,"Late night order, Unusual quantity, Multiple coupon usage",Hold for manual review,discount_pct=0.01; payment_failures=0; device_reuse=1; total_qty=14
O000001872,35,High,"Unusual quantity, Multiple coupon usage, Order value anomaly",Hold for manual review,discount_pct=0.0; payment_failures=0; device_reuse=1; total_qty=27
O000004057,35,High,"High discount usage, Late night order, Device reused across users",Hold for manual review,discount_pct=0.32; payment_failures=0; device_reuse=15; total_qty=2
O000002634,35,High,"Unusual quantity, Multiple coupon usage, Order value anomaly",Hold for manual review,discount_pct=0.0; payment_failures=0; device_reuse=1; total_qty=23
O000004554,35,High,"Late night order, Device reused across users, Order value anomaly",Hold for manual review,discount_pct=0.0; payment_failures=0; device_reuse=14; total_qty=8
O000003808,35,High,"Unusual quantity, Multiple coupon usage, Order value anomaly",Hold for manual review,discount_pct=0.0; payment_failures=0; device_reuse=1; total_qty=21
O000000180,35,High,"Late night order, Device reused across users, Order value anomaly",Hold for manual review,discount_pct=0.02; payment_failures=0; device_reuse=14; total_qty=7
O000001356,30,High,"Late night order, Unusual quantity, Order value anomaly",Hold for manual review,discount_pct=0.0; payment_failures=0; device_reuse=1; total_qty=11
O000004234,30,High,"Late night order, Unusual quantity, Order value anomaly",Hold for manual review,discount_pct=0.0; payment_failures=0; device_reuse=1; total_qty=27
O000000295,30,High,"Late night order, Unusual quantity, Order value anomaly",Hold for manual review,discount_pct=0.0; payment_failures=0; device_reuse=1; total_qty=11
O000003188,30,High,"High discount usage, Device reused across users",Hold for manual review,discount_pct=0.38; payment_failures=0; device_reuse=14; total_qty=3
O000001964,30,High,"Late night order, Multiple coupon usage, Device reused across users",Hold for manual review,discount_pct=0.1; payment_failures=0; device_reuse=11; total_qty=4
O000001811,30,High,"Late night order, Unusual quantity, Order value anomaly",Hold for manual review,discount_pct=0.01; payment_failures=0; device_reuse=0; total_qty=12
O000002627,30,High,"Late night order, Unusual quantity, Order value anomaly",Hold for manual review,discount_pct=0.0; payment_failures=0; device_reuse=1; total_qty=11
O000000363,30,High,"Late night order, Unusual quantity, Order value anomaly",Hold for manual review,discount_pct=0.0; payment_failures=0; device_reuse=1; total_qty=19
O000001062,30,High,"Late night order, Unusual quantity, Order value anomaly",Hold for manual review,discount_pct=0.0; payment_failures=0; device_reuse=1; total_qty=12
O000000373,30,High,"Late night order, Unusual quantity, Order value anomaly",Hold for manual review,discount_pct=0.0; payment_failures=0; device_reuse=0; total_qty=11
O000003582,25,High,"Multiple coupon usage, Device reused across users",Hold for manual review,discount_pct=0.01; payment_failures=0; device_reuse=11; total_qty=8
O000004051,25,High,"Unusual quantity, Order value anomaly",Hold for manual review,discount_pct=0.02; payment_failures=0; device_reuse=1; total_qty=27
O000003405,25,High,"Unusual quantity, Order value anomaly",Hold for manual review,discount_pct=0.0; payment_failures=0; device_reuse=1; total_qty=11
O000004492,25,High,"Multiple coupon usage, Device reused across users",Hold for manual review,discount_pct=0.0; payment_failures=0; device_reuse=11; total_qty=1
O000003633,25,High,"Unusual quantity, Order value anomaly",Hold for manual review,discount_pct=0.0; payment_failures=0; device_reuse=1; total_qty=28
O000003401,25,High,"Unusual quantity, Order value anomaly",Hold for manual review,discount_pct=0.0; payment_failures=0; device_reuse=1; total_qty=11
O000004546,25,High,"Unusual quantity, Order value anomaly",Hold for manual review,discount_pct=0.0; payment_failures=0; device_reuse=1; total_qty=27
O000001848,25,High,"Unusual quantity, Order value anomaly",Hold for manual review,discount_pct=0.0; payment_failures=0; device_reuse=1; total_qty=11
O000001600,25,High,"Unusual quantity, Order value anomaly",Hold for manual review,discount_pct=0.0; payment_failures=0; device_reuse=1; total_qty=11
O000000089,25,High,"Unusual quantity, Order value anomaly",Hold for manual review,discount_pct=0.01; payment_failures=0; device_reuse=1; total_qty=11
O000000502,25,High,"Unusual quantity, Order value anomaly",Hold for manual review,discount_pct=0.02; payment_failures=0; device_reuse=1; total_qty=26
O000000060,25,High,"Unusual quantity, Order value anomaly",Hold for manual review,discount_pct=0.02; payment_failures=0; device_reuse=1; total_qty=25
O000002860,25,High,"Unusual quantity, Order value anomaly",Hold for manual review,discount_pct=0.0; payment_failures=0; device_reuse=1; total_qty=18
O000001287,25,High,"Unusual quantity, Order value anomaly",Hold for manual review,discount_pct=0.03; payment_failures=0; device_reuse=1; total_qty=11
O000002743,25,High,"Unusual quantity, Order value anomaly",Hold for manual review,discount_pct=0.0; payment_failures=0; device_reuse=1; total_qty=11
O000001025,25,High,"Unusual quantity, Order value anomaly",Hold for manual review,discount_pct=0.0; payment_failures=0; device_reuse=1; total_qty=12
O000000824,25,High,"Multiple coupon usage, Order value anomaly",Hold for manual review,discount_pct=0.02; payment_failures=0; device_reuse=1; total_qty=7
O000002355,25,High,"Unusual quantity, Order value anomaly",Hold for manual review,discount_pct=0.02; payment_failures=0; device_reuse=1; total_qty=26
O000002973,25,High,"Unusual quantity, Order value anomaly",Hold for manual review,discount_pct=0.0; payment_failures=0; device_reuse=1; total_qty=11
O000004469,25,High,"Multiple coupon usage, Device reused across users",Hold for manual review,discount_pct=0.12; payment_failures=0; device_reuse=11; total_qty=3
O000004548,25,High,"Unusual quantity, Order value anomaly",Hold for manual review,discount_pct=0.0; payment_failures=0; device_reuse=0; total_qty=11
O000002614,25,High,"Unusual quantity, Order value anomaly",Hold for manual review,discount_pct=0.0; payment_failures=0; device_reuse=1; total_qty=11
O000003819,25,High,"Unusual quantity, Order value anomaly",Hold for manual review,discount_pct=0.0; payment_failures=0; device_reuse=1; total_qty=12
O000001150,25,High,"Unusual quantity, Order value anomaly",Hold for manual review,discount_pct=0.0; payment_failures=0; device_reuse=1; total_qty=11
O000001193,25,High,"Unusual quantity, Order value anomaly",Hold for manual review,discount_pct=0.0; payment_failures=0; device_reuse=0; total_qty=11
O000003952,25,High,"Late night order, Unusual quantity, Multiple coupon usage",Hold for manual review,discount_pct=0.0; payment_failures=0; device_reuse=1; total_qty=20
O000001073,25,High,"Unusual quantity, Order value anomaly",Hold for manual review,discount_pct=0.0; payment_failures=0; device_reuse=1; total_qty=14
O000004271,25,High,"Unusual quantity, Order value anomaly",Hold for manual review,discount_pct=0.0; payment_failures=0; device_reuse=1; total_qty=12
O000002058,20,High,"Late night order, Device reused across users",Hold for manual review,discount_pct=0.0; payment_failures=0; device_reuse=10; total_qty=6
O000002013,20,High,"Late night order, Device reused across users",Hold for manual review,discount_pct=0.0; payment_failures=0; device_reuse=10; total_qty=1
O000002018,20,High,"Late night order, Order value anomaly",Hold for manual review,discount_pct=0.0; payment_failures=0; device_reuse=1; total_qty=9
O000001977,20,High,"Late night order, Order value anomaly",Hold for manual review,discount_pct=0.0; payment_failures=0; device_reuse=1; total_qty=8
O000001934,20,High,"Late night order, Order value anomaly",Hold for manual review,discount_pct=0.0; payment_failures=0; device_reuse=1; total_qty=9
O000001928,20,High,"Late night order, Order value anomaly",Hold for manual review,discount_pct=0.0; payment_failures=0; device_reuse=1; total_qty=10
O000000474,20,High,"Late night order, Order value anomaly",Hold for manual review,discount_pct=0.0; payment_failures=0; device_reuse=1; total_qty=6
O000000072,20,High,"Late night order, Order value anomaly",Hold for manual review,discount_pct=0.0; payment_failures=0; device_reuse=1; total_qty=5
O000001622,20,High,"Late night order, Order value anomaly",Hold for manual review,discount_pct=0.01; payment_failures=0; device_reuse=1; total_qty=5
O000001664,20,High,"Late night order, Order value anomaly",Hold for manual review,discount_pct=0.0; payment_failures=0; device_reuse=1; total_qty=10
O000001628,20,High,"Late night order, Order value anomaly",Hold for manual review,discount_pct=0.0; payment_failures=0; device_reuse=1; total_qty=8
O000001668,20,High,"Late night order, Order value anomaly",Hold for manual review,discount_pct=0.0; payment_failures=0; device_reuse=0; total_qty=5
O000004594,20,High,"Late night order, Device reused across users",Hold for manual review,discount_pct=0.08; payment_failures=0; device_reuse=10; total_qty=6
O000001810,20,High,"Late night order, Device reused across users",Hold for manual review,discount_pct=0.0; payment_failures=0; device_reuse=14; total_qty=4
O000001723,20,High,"Late night order, Order value anomaly",Hold for manual review,discount_pct=0.01; payment_failures=0; device_reuse=1; total_qty=5
O000001754,20,High,"Late night order, Order value anomaly",Hold for manual review,discount_pct=0.0; payment_failures=0; device_reuse=1; total_qty=6
O000003027,20,High,"Late night order, Order value anomaly",Hold for manual review,discount_pct=0.0; payment_failures=0; device_reuse=1; total_qty=8
O000000814,20,High,"Late night order, Device reused across users",Hold for manual review,discount_pct=0.0; payment_failures=0; device_reuse=15; total_qty=9
O000003127,20,High,"Late night order, Order value anomaly",Hold for manual review,discount_pct=0.0; payment_failures=0; device_reuse=1; total_qty=6
O000003156,20,High,"Late night order, Order value anomaly",Hold for manual review,discount_pct=0.0; payment_failures=0; device_reuse=1; total_qty=7
O000001402,20,High,"Late night order, Order value anomaly",Hold for manual review,discount_pct=0.0; payment_failures=0; device_reuse=1; total_qty=6
O000002239,20,High,"Late night order, Order value anomaly",Hold for manual review,discount_pct=0.0; payment_failures=0; device_reuse=0; total_qty=5
O000004467,20,High,"Late night order, Order value anomaly",Hold for manual review,discount_pct=0.0; payment_failures=0; device_reuse=0; total_qty=7
O000002204,20,High,"Late night order, Order value anomaly",Hold for manual review,discount_pct=0.0; payment_failures=0; device_reuse=1; total_qty=7
O000003275,20,High,"Late night order, Device reused across users",Hold for manual review,discount_pct=0.0; payment_failures=0; device_reuse=15; total_qty=7
O000004094,20,High,"Late night order, Order value anomaly",Hold for manual review,discount_pct=0.0; payment_failures=0; device_reuse=1; total_qty=8
O000000750,20,High,"Late night order, Device reused across users",Hold for manual review,discount_pct=0.24; payment_failures=0; device_reuse=15; total_qty=2
O000000784,20,High,"Late night order, Device reused across users",Hold for manual review,discount_pct=0.0; payment_failures=0; device_reuse=14; total_qty=7
O000003488,20,High,"Late night order, Order value anomaly",Hold for manual review,discount_pct=0.0; payment_failures=0; device_reuse=1; total_qty=10
O000002191,20,High,"Late night order, Order value anomaly",Hold for manual review,discount_pct=0.0; payment_failures=0; device_reuse=1; total_qty=6
O000000693,20,High,"Late night order, Order value anomaly",Hold for manual review,discount_pct=0.0; payment_failures=0; device_reuse=1; total_qty=8
O000003457,20,High,"Late night order, Device reused across users",Hold for manual review,discount_pct=0.0; payment_failures=0; device_reuse=10; total_qty=8
O000002115,20,High,"Unusual quantity, Multiple coupon usage",Hold for manual review,discount_pct=0.05; payment_failures=0; device_reuse=1; total_qty=18
O000003485,20,High,"Late night order, Order value anomaly",Hold for manual review,discount_pct=0.0; payment_failures=0; device_reuse=1; total_qty=8
O000003524,20,High,"Late night order, Device reused across users",Hold for manual review,discount_pct=0.04; payment_failures=0; device_reuse=15; total_qty=8
O000003382,20,High,"Late night order, Order value anomaly",Hold for manual review,discount_pct=0.0; payment_failures=0; device_reuse=0; total_qty=8
O000003335,20,High,"Late night order, Order value anomaly",Hold for manual review,discount_pct=0.01; payment_failures=0; device_reuse=1; total_qty=9
O000000475,20,High,"Late night order, Device reused across users",Hold for manual review,discount_pct=0.0; payment_failures=0; device_reuse=15; total_qty=8
O000003990,20,High,"Late night order, Order value anomaly",Hold for manual review,discount_pct=0.0; payment_failures=0; device_reuse=1; total_qty=9
O000001341,20,High,"Late night order, Device reused across users",Hold for manual review,discount_pct=0.03; payment_failures=0; device_reuse=11; total_qty=5
O000002857,20,High,"Late night order, Device reused across users",Hold for manual review,discount_pct=0.0; payment_failures=0; device_reuse=14; total_qty=1
O000002833,20,High,"Late night order, Order value anomaly",Hold for manual review,discount_pct=0.0; payment_failures=0; device_reuse=1; total_qty=7
O000002912,20,High,"Late night order, Order value anomaly",Hold for manual review,discount_pct=0.01; payment_failures=0; device_reuse=1; total_qty=10
O000002820,20,High,"Late night order, Device reused across users",Hold for manual review,discount_pct=0.0; payment_failures=0; device_reuse=14; total_qty=7
O000002278,20,High,"Late night order, Order value anomaly",Hold for manual review,discount_pct=0.0; payment_failures=0; device_reuse=1; total_qty=7
O000002909,20,High,"Late night order, Order value anomaly",Hold for manual review,discount_pct=0.0; payment_failures=0; device_reuse=0; total_qty=7
O000000915,20,High,"Late night order, Order value anomaly",Hold for manual review,discount_pct=0.0; payment_failures=0; device_reuse=1; total_qty=3
O000004225,20,High,"Late night order, Device reused across users",Hold for manual review,discount_pct=0.0; payment_failures=0; device_reuse=14; total_qty=2
O000001063,20,High,"Late night order, Device reused across users",Hold for manual review,discount_pct=0.07; payment_failures=0; device_reuse=15; total_qty=5
O000001044,20,High,"Late night order, Order value anomaly",Hold for manual review,discount_pct=0.0; payment_failures=0; device_reuse=0; total_qty=4
O000001337,20,High,"Late night order, Order value anomaly",Hold for manual review,discount_pct=0.0; payment_failures=0; device_reuse=1; total_qty=8
O000002732,20,High,"Late night order, Order value anomaly",Hold for manual review,discount_pct=0.03; payment_failures=0; device_reuse=1; total_qty=9
O000004624,20,High,"Late night order, Device reused across users",Hold for manual review,discount_pct=0.0; payment_failures=0; device_reuse=14; total_qty=7
O000002891,20,High,"Late night order, Device reused across users",Hold for manual review,discount_pct=0.0; payment_failures=0; device_reuse=10; total_qty=5
O000001272,20,High,"Late night order, Order value anomaly",Hold for manual review,discount_pct=0.0; payment_failures=0; device_reuse=1; total_qty=9
O000001292,20,High,"Late night order, Order value anomaly",Hold for manual review,discount_pct=0.02; payment_failures=0; device_reuse=1; total_qty=7
O000002870,20,High,"Late night order, Order value anomaly",Hold for manual review,discount_pct=0.0; payment_failures=0; device_reuse=1; total_qty=6
O000000992,20,High,"Late night order, Order value anomaly",Hold for manual review,discount_pct=0.0; payment_failures=0; device_reuse=1; total_qty=9
O000001005,20,High,"Late night order, Order value anomaly",Hold for manual review,discount_pct=0.0; payment_failures=0; device_reuse=1; total_qty=9
O000002302,20,High,"Late night order, Device reused across users",Hold for manual review,discount_pct=0.0; payment_failures=0; device_reuse=14; total_qty=3
O000002311,20,High,"Late night order, Order value anomaly",Hold for manual review,discount_pct=0.0; payment_failures=0; device_reuse=1; total_qty=7
O000000136,20,High,"Late night order, Order value anomaly",Hold for manual review,discount_pct=0.0; payment_failures=0; device_reuse=1; total_qty=6
O000001144,20,High,"Late night order, Device reused across users",Hold for manual review,discount_pct=0.2; payment_failures=0; device_reuse=15; total_qty=5
O000002822,20,High,"Late night order, Device reused across users",Hold for manual review,discount_pct=0.0; payment_failures=0; device_reuse=14; total_qty=2
O000001199,20,High,"Late night order, Order value anomaly",Hold for manual review,discount_pct=0.02; payment_failures=0; device_reuse=1; total_qty=6
O000002605,20,High,"Late night order, Device reused across users",Hold for manual review,discount_pct=0.0; payment_failures=0; device_reuse=14; total_qty=4
O000001235,20,High,"Late night order, Order value anomaly",Hold for manual review,discount_pct=0.0; payment_failures=0; device_reuse=1; total_qty=10
O000000135,20,High,"Late night order, Order value anomaly",Hold for manual review,discount_pct=0.0; payment_failures=0; device_reuse=0; total_qty=10
O000001226,20,High,"Late night order, Order value anomaly",Hold for manual review,discount_pct=0.0; payment_failures=0; device_reuse=1; total_qty=9
O000001114,20,High,"Late night order, Order value anomaly",Hold for manual review,discount_pct=0.0; payment_failures=0; device_reuse=1; total_qty=8
O000004353,20,High,"Late night order, Order value anomaly",Hold for manual review,discount_pct=0.0; payment_failures=0; device_reuse=1; total_qty=5
O000004352,20,High,"Late night order, Order value anomaly",Hold for manual review,discount_pct=0.0; payment_failures=0; device_reuse=1; total_qty=5
O000004010,20,High,"Late night order, Device reused across users",Hold for manual review,discount_pct=0.0; payment_failures=0; device_reuse=14; total_qty=2
O000004018,20,High,"Late night order, Device reused across users",Hold for manual review,discount_pct=0.02; payment_failures=0; device_reuse=11; total_qty=7
O000003860,20,High,"Late night order, Order value anomaly",Hold for manual review,discount_pct=0.0; payment_failures=0; device_reuse=1; total_qty=9
O000003877,20,High,"Late night order, Order value anomaly",Hold for manual review,discount_pct=0.0; payment_failures=0; device_reuse=1; total_qty=7
O000003925,20,High,"Late night order, Order value anomaly",Hold for manual review,discount_pct=0.0; payment_failures=0; device_reuse=1; total_qty=10
O000001705,20,High,"Late night order, Order value anomaly",Hold for manual review,discount_pct=0.0; payment_failures=0; device_reuse=0; total_qty=10
O000004602,20,High,"Late night order, Order value anomaly",Hold for manual review,discount_pct=0.0; payment_failures=0; device_reuse=1; total_qty=3
O000001828,20,High,"Late night order, Order value anomaly",Hold for manual review,discount_pct=0.01; payment_failures=0; device_reuse=1; total_qty=6
O000000040,15,High,Device reused across users,Hold for manual review,discount_pct=0.06; payment_failures=0; device_reuse=11; total_qty=1
O000001699,15,High,High discount usage,Hold for manual review,discount_pct=0.37; payment_failures=0; device_reuse=1; total_qty=4
O000004591,15,High,Order value anomaly,Hold for manual review,discount_pct=0.0; payment_failures=0; device_reuse=1; total_qty=6
O000000017,15,High,Order value anomaly,Hold for manual review,discount_pct=0.0; payment_failures=0; device_reuse=1; total_qty=10
O000001729,15,High,Device reused across users,Hold for manual review,discount_pct=0.0; payment_failures=0; device_reuse=11; total_qty=5
O000001691,15,High,Order value anomaly,Hold for manual review,discount_pct=0.03; payment_failures=0; device_reuse=1; total_qty=8
O000001709,15,High,Order value anomaly,Hold for manual review,discount_pct=0.01; payment_failures=0; device_reuse=0; total_qty=5
O000000394,15,High,"Late night order, Multiple coupon usage",Hold for manual review,discount_pct=0.01; payment_failures=0; device_reuse=1; total_qty=10
O000000377,15,High,"Late night order, Multiple coupon usage",Hold for manual review,discount_pct=0.0; payment_failures=0; device_reuse=1; total_qty=3
O000003941,15,High,Device reused across users,Hold for manual review,discount_pct=0.02; payment_failures=0; device_reuse=14; total_qty=5
O000000057,15,High,Order value anomaly,Hold for manual review,discount_pct=0.0; payment_failures=0; device_reuse=1; total_qty=9
O000004562,15,High,Order value anomaly,Hold for manual review,discount_pct=0.0; payment_failures=0; device_reuse=0; total_qty=10
O000003870,15,High,"Late night order, Unusual quantity",Hold for manual review,discount_pct=0.0; payment_failures=0; device_reuse=1; total_qty=11
O000003867,15,High,Order value anomaly,Hold for manual review,discount_pct=0.0; payment_failures=0; device_reuse=1; total_qty=7
O000003857,15,High,Order value anomaly,Hold for manual review,discount_pct=0.01; payment_failures=0; device_reuse=1; total_qty=9
O000003815,15,High,Order value anomaly,Hold for manual review,discount_pct=0.0; payment_failures=0; device_reuse=1; total_qty=10
O000003794,15,High,Order value anomaly,Hold for manual review,discount_pct=0.0; payment_failures=0; device_reuse=0; total_qty=7
O000003798,15,High,Order value anomaly,Hold for manual review,discount_pct=0.0; payment_failures=0; device_reuse=1; total_qty=10
O000000446,15,High,Device reused across users,Hold for manual review,discount_pct=0.0; payment_failures=0; device_reuse=15; total_qty=8
O000001157,15,High,"Late night order, Multiple coupon usage",Hold for manual review,discount_pct=0.15; payment_failures=0; device_reuse=1; total_qty=3
O000001168,15,High,Order value anomaly,Hold for manual review,discount_pct=0.0; payment_failures=0; device_reuse=1; total_qty=10
O000001154,15,High,Device reused across users,Hold for manual review,discount_pct=0.07; payment_failures=0; device_reuse=10; total_qty=5
O000002598,15,High,"Late night order, Multiple coupon usage",Hold for manual review,discount_pct=0.17; payment_failures=0; device_reuse=1; total_qty=4
O000002592,15,High,Order value anomaly,Hold for manual review,discount_pct=0.01; payment_failures=0; device_reuse=1; total_qty=8
O000004343,15,High,"Late night order, Unusual quantity",Hold for manual review,discount_pct=0.03; payment_failures=0; device_reuse=1; total_qty=12
O000000158,15,High,Device reused across users,Hold for manual review,discount_pct=0.0; payment_failures=0; device_reuse=14; total_qty=6
O000000171,15,High,Order value anomaly,Hold for manual review,discount_pct=0.0; payment_failures=0; device_reuse=1; total_qty=7
O000002562,15,High,Device reused across users,Hold for manual review,discount_pct=0.05; payment_failures=0; device_reuse=15; total_qty=3
O000002566,15,High,Order value anomaly,Hold for manual review,discount_pct=0.01; payment_failures=0; device_reuse=1; total_qty=7
O000002560,15,High,"Late night order, Unusual quantity",Hold for manual review,discount_pct=0.0; payment_failures=0; device_reuse=1; total_qty=11
O000002552,15,High,Order value anomaly,Hold for manual review,discount_pct=0.0; payment_failures=0; device_reuse=1; total_qty=10
O000002532,15,High,Device reused across users,Hold for manual review,discount_pct=0.0; payment_failures=0; device_reuse=14; total_qty=2
O000001215,15,High,Device reused across users,Hold for manual review,discount_pct=0.0; payment_failures=0; device_reuse=14; total_qty=2
O000001228,15,High,Order value anomaly,Hold for manual review,discount_pct=0.0; payment_failures=0; device_reuse=1; total_qty=8
O000001238,15,High,Order value anomaly,Hold for manual review,discount_pct=0.0; payment_failures=0; device_reuse=1; total_qty=9
O000004340,15,High,Order value anomaly,Hold for manual review,discount_pct=0.02; payment_failures=0; device_reuse=1; total_qty=6
O000004341,15,High,Order value anomaly,Hold for manual review,discount_pct=0.0; payment_failures=0; device_reuse=1; total_qty=4
O000004356,15,High,Device reused across users,Hold for manual review,discount_pct=0.07; payment_failures=0; device_reuse=11; total_qty=2
O000002708,15,High,Device reused across users,Hold for manual review,discount_pct=0.0; payment_failures=0; device_reuse=11; total_qty=2
O000002690,15,High,"Late night order, Unusual quantity",Hold for manual review,discount_pct=0.08; payment_failures=0; device_reuse=1; total_qty=30
O000002681,15,High,Device reused across users,Hold for manual review,discount_pct=0.0; payment_failures=0; device_reuse=10; total_qty=9
O000001138,15,High,Order value anomaly,Hold for manual review,discount_pct=0.0; payment_failures=0; device_reuse=1; total_qty=10
O000001153,15,High,"Late night order, Multiple coupon usage",Hold for manual review,discount_pct=0.03; payment_failures=0; device_reuse=1; total_qty=4
O000001141,15,High,"Late night order, Multiple coupon usage",Hold for manual review,discount_pct=0.19; payment_failures=0; device_reuse=1; total_qty=1
O000001123,15,High,Device reused across users,Hold for manual review,discount_pct=0.0; payment_failures=0; device_reuse=15; total_qty=7
O000001148,15,High,Device reused across users,Hold for manual review,discount_pct=0.0; payment_failures=0; device_reuse=15; total_qty=5
O000001134,15,High,Device reused across users,Hold for manual review,discount_pct=0.18; payment_failures=0; device_reuse=15; total_qty=3
O000002687,15,High,Order value anomaly,Hold for manual review,discount_pct=0.03; payment_failures=0; device_reuse=0; total_qty=8
O000000186,15,High,Device reused across users,Hold for manual review,discount_pct=0.0; payment_failures=0; device_reuse=15; total_qty=4
O000002618,15,High,Device reused across users,Hold for manual review,discount_pct=0.07; payment_failures=0; device_reuse=10; total_qty=6
O000001173,15,High,Device reused across users,Hold for manual review,discount_pct=0.04; payment_failures=0; device_reuse=15; total_qty=4
O000002823,15,High,Order value anomaly,Hold for manual review,discount_pct=0.0; payment_failures=0; device_reuse=1; total_qty=10
O000001040,15,High,"Late night order, Multiple coupon usage",Hold for manual review,discount_pct=0.0; payment_failures=0; device_reuse=1; total_qty=3
O000001052,15,High,"Late night order, Unusual quantity",Hold for manual review,discount_pct=0.0; payment_failures=0; device_reuse=1; total_qty=11
O000001071,15,High,Order value anomaly,Hold for manual review,discount_pct=0.0; payment_failures=0; device_reuse=1; total_qty=7
O000002747,15,High,Device reused across users,Hold for manual review,discount_pct=0.0; payment_failures=0; device_reuse=14; total_qty=2
O000000208,15,High,"Late night order, Multiple coupon usage",Hold for manual review,discount_pct=0.0; payment_failures=0; device_reuse=1; total_qty=4
O000001091,15,High,Device reused across users,Hold for manual review,discount_pct=0.0; payment_failures=0; device_reuse=11; total_qty=1
O000002508,15,High,"Late night order, Unusual quantity",Hold for manual review,discount_pct=0.0; payment_failures=0; device_reuse=1; total_qty=16
O000002494,15,High,Device reused across users,Hold for manual review,discount_pct=0.0; payment_failures=0; device_reuse=11; total_qty=2
O000002488,15,High,Device reused across users,Hold for manual review,discount_pct=0.0; payment_failures=0; device_reuse=15; total_qty=6
O000002462,15,High,Order value anomaly,Hold for manual review,discount_pct=0.0; payment_failures=0; device_reuse=1; total_qty=9
O000002474,15,High,Order value anomaly,Hold for manual review,discount_pct=0.01; payment_failures=0; device_reuse=0; total_qty=7
O000002447,15,High,Order value anomaly,Hold for manual review,discount_pct=0.0; payment_failures=0; device_reuse=1; total_qty=8
O000001274,15,High,Device reused across users,Hold for manual review,discount_pct=0.0; payment_failures=0; device_reuse=15; total_qty=6
O000001266,15,High,Order value anomaly,Hold for manual review,discount_pct=0.0; payment_failures=0; device_reuse=1; total_qty=10
O000001263,15,High,"Late night order, Unusual quantity",Hold for manual review,discount_pct=0.0; payment_failures=0; device_reuse=1; total_qty=21
O000002410,15,High,Order value anomaly,Hold for manual review,discount_pct=0.0; payment_failures=0; device_reuse=1; total_qty=6
O000004385,15,High,Order value anomaly,Hold for manual review,discount_pct=0.0; payment_failures=0; device_reuse=1; total_qty=10
O000001110,15,High,Order value anomaly,Hold for manual review,discount_pct=0.0; payment_failures=0; device_reuse=1; total_qty=5
O000002896,15,High,Order value anomaly,Hold for manual review,discount_pct=0.0; payment_failures=0; device_reuse=1; total_qty=7
O000002895,15,High,Order value anomaly,Hold for manual review,discount_pct=0.0; payment_failures=0; device_reuse=1; total_qty=8
O000000988,15,High,"Late night order, Unusual quantity",Hold for manual review,discount_pct=0.0; payment_failures=0; device_reuse=1; total_qty=11
O000002872,15,High,Order value anomaly,Hold for manual review,discount_pct=0.0; payment_failures=0; device_reuse=1; total_qty=9
O000000213,15,High,Order value anomaly,Hold for manual review,discount_pct=0.0; payment_failures=0; device_reuse=1; total_qty=10
O000004220,15,High,Device reused across users,Hold for manual review,discount_pct=0.18; payment_failures=0; device_reuse=14; total_qty=1
O000001034,15,High,Order value anomaly,Hold for manual review,discount_pct=0.01; payment_failures=0; device_reuse=1; total_qty=8
O000001420,15,High,High discount usage,Hold for manual review,discount_pct=0.34; payment_failures=0; device_reuse=1; total_qty=5
O000002349,15,High,Order value anomaly,Hold for manual review,discount_pct=0.0; payment_failures=0; device_reuse=1; total_qty=7
O000002326,15,High,Order value anomaly,Hold for manual review,discount_pct=0.0; payment_failures=0; device_reuse=0; total_qty=9
O000001324,15,High,"Late night order, Unusual quantity",Hold for manual review,discount_pct=0.0; payment_failures=0; device_reuse=1; total_qty=11
O000002288,15,High,"Late night order, Multiple coupon usage",Hold for manual review,discount_pct=0.01; payment_failures=0; device_reuse=1; total_qty=6
O000001338,15,High,Order value anomaly,Hold for manual review,discount_pct=0.0; payment_failures=0; device_reuse=0; total_qty=10
O000001367,15,High,Device reused across users,Hold for manual review,discount_pct=0.0; payment_failures=0; device_reuse=15; total_qty=1
O000002279,15,High,Order value anomaly,Hold for manual review,discount_pct=0.0; payment_failures=0; device_reuse=1; total_qty=9
O000002237,15,High,Device reused across users,Hold for manual review,discount_pct=0.0; payment_failures=0; device_reuse=14; total_qty=1
O000004443,15,High,Order value anomaly,Hold for manual review,discount_pct=0.0; payment_failures=0; device_reuse=1; total_qty=7
O000000941,15,High,"Late night order, Multiple coupon usage",Hold for manual review,discount_pct=0.06; payment_failures=0; device_reuse=1; total_qty=5
O000002903,15,High,Order value anomaly,Hold for manual review,discount_pct=0.0; payment_failures=0; device_reuse=1; total_qty=5
O000004223,15,High,"Late night order, Multiple coupon usage",Hold for manual review,discount_pct=0.25; payment_failures=0; device_reuse=1; total_qty=4
O000004227,15,High,"Late night order, Unusual quantity",Hold for manual review,discount_pct=0.0; payment_failures=0; device_reuse=1; total_qty=11
O000004176,15,High,Order value anomaly,Hold for manual review,discount_pct=0.0; payment_failures=0; device_reuse=1; total_qty=9
O000000220,15,High,Order value anomaly,Hold for manual review,discount_pct=0.0; payment_failures=0; device_reuse=1; total_qty=7
O000004174,15,High,Order value anomaly,Hold for manual review,discount_pct=0.0; payment_failures=0; device_reuse=1; total_qty=10
O000002892,15,High,Order value anomaly,Hold for manual review,discount_pct=0.0; payment_failures=0; device_reuse=1; total_qty=10
O000002878,15,High,Order value anomaly,Hold for manual review,discount_pct=0.0; payment_failures=0; device_reuse=1; total_qty=9
O000002873,15,High,Device reused across users,Hold for manual review,discount_pct=0.0; payment_failures=0; device_reuse=14; total_qty=6
O000002879,15,High,Device reused across users,Hold for manual review,discount_pct=0.0; payment_failures=0; device_reuse=14; total_qty=6
O000002889,15,High,Device reused across users,Hold for manual review,discount_pct=0.09; payment_failures=0; device_reuse=14; total_qty=1
O000000876,15,High,"Late night order, Multiple coupon usage",Hold for manual review,discount_pct=0.0; payment_failures=0; device_reuse=1; total_qty=5
O000000832,15,High,Device reused across users,Hold for manual review,discount_pct=0.0; payment_failures=0; device_reuse=15; total_qty=1
O000003083,15,High,Order value anomaly,Hold for manual review,discount_pct=0.0; payment_failures=0; device_reuse=1; total_qty=6
O000000854,15,High,Order value anomaly,Hold for manual review,discount_pct=0.0; payment_failures=0; device_reuse=1; total_qty=9
O000003053,15,High,Order value anomaly,Hold for manual review,discount_pct=0.01; payment_failures=0; device_reuse=1; total_qty=10
O000003055,15,High,Device reused across users,Hold for manual review,discount_pct=0.01; payment_failures=0; device_reuse=15; total_qty=9
O000003044,15,High,Device reused across users,Hold for manual review,discount_pct=0.0; payment_failures=0; device_reuse=14; total_qty=3
O000003037,15,High,Order value anomaly,Hold for manual review,discount_pct=0.0; payment_failures=0; device_reuse=1; total_qty=6
O000002987,15,High,Order value anomaly,Hold for manual review,discount_pct=0.0; payment_failures=0; device_reuse=1; total_qty=6
O000002956,15,High,"Late night order, Unusual quantity",Hold for manual review,discount_pct=0.02; payment_failures=0; device_reuse=1; total_qty=11
O000002941,15,High,Order value anomaly,Hold for manual review,discount_pct=0.03; payment_failures=0; device_reuse=1; total_qty=7
O000002948,15,High,Order value anomaly,Hold for manual review,discount_pct=0.0; payment_failures=0; device_reuse=1; total_qty=6
O000003250,15,High,Order value anomaly,Hold for manual review,discount_pct=0.0; payment_failures=0; device_reuse=1; total_qty=7
O000000788,15,High,Device reused across users,Hold for manual review,discount_pct=0.25; payment_failures=0; device_reuse=14; total_qty=3
O000000781,15,High,Order value anomaly,Hold for manual review,discount_pct=0.0; payment_failures=0; device_reuse=1; total_qty=6
O000000798,15,High,Order value anomaly,Hold for manual review,discount_pct=0.0; payment_failures=0; device_reuse=1; total_qty=10
O000003187,15,High,Order value anomaly,Hold for manual review,discount_pct=0.0; payment_failures=0; device_reuse=0; total_qty=9
O000000794,15,High,Order value anomaly,Hold for manual review,discount_pct=0.0; payment_failures=0; device_reuse=1; total_qty=10
O000003138,15,High,Order value anomaly,Hold for manual review,discount_pct=0.0; payment_failures=0; device_reuse=1; total_qty=8
O000004129,15,High,Order value anomaly,Hold for manual review,discount_pct=0.0; payment_failures=0; device_reuse=1; total_qty=6
O000004132,15,High,Order value anomaly,Hold for manual review,discount_pct=0.0; payment_failures=0; device_reuse=1; total_qty=6
O000003146,15,High,"Late night order, Multiple coupon usage",Hold for manual review,discount_pct=0.12; payment_failures=0; device_reuse=1; total_qty=4
O000000870,15,High,"Late night order, Multiple coupon usage",Hold for manual review,discount_pct=0.0; payment_failures=0; device_reuse=1; total_qty=1
O000001507,15,High,Device reused across users,Hold for manual review,discount_pct=0.0; payment_failures=0; device_reuse=14; total_qty=3
O000001380,15,High,Order value anomaly,Hold for manual review,discount_pct=0.03; payment_failures=0; device_reuse=1; total_qty=10
O000001400,15,High,Device reused across users,Hold for manual review,discount_pct=0.03; payment_failures=0; device_reuse=10; total_qty=5
O000002250,15,High,Order value anomaly,Hold for manual review,discount_pct=0.0; payment_failures=0; device_reuse=0; total_qty=8
O000001408,15,High,Order value anomaly,Hold for manual review,discount_pct=0.0; payment_failures=0; device_reuse=1; total_qty=9
O000001424,15,High,"Late night order, Unusual quantity",Hold for manual review,discount_pct=0.0; payment_failures=0; device_reuse=1; total_qty=12
O000001403,15,High,"Late night order, Multiple coupon usage",Hold for manual review,discount_pct=0.04; payment_failures=0; device_reuse=1; total_qty=3
O000004460,15,High,High discount usage,Hold for manual review,discount_pct=0.36; payment_failures=0; device_reuse=1; total_qty=3
O000002228,15,High,"Late night order, Multiple coupon usage",Hold for manual review,discount_pct=0.12; payment_failures=0; device_reuse=1; total_qty=7
O000002194,15,High,Order value anomaly,Hold for manual review,discount_pct=0.0; payment_failures=0; device_reuse=1; total_qty=9
O000001419,15,High,Order value anomaly,Hold for manual review,discount_pct=0.0; payment_failures=0; device_reuse=1; total_qty=6
O000000879,15,High,"Late night order, Unusual quantity",Hold for manual review,discount_pct=0.0; payment_failures=0; device_reuse=1; total_qty=11
O000003327,15,High,Order value anomaly,Hold for manual review,discount_pct=0.0; payment_failures=0; device_reuse=1; total_qty=9
O000000718,15,High,Device reused across users,Hold for manual review,discount_pct=0.0; payment_failures=0; device_reuse=11; total_qty=10
O000003325,15,High,Order value anomaly,Hold for manual review,discount_pct=0.0; payment_failures=0; device_reuse=1; total_qty=8
O000003339,15,High,Order value anomaly,Hold for manual review,discount_pct=0.0; payment_failures=0; device_reuse=0; total_qty=9
O000003336,15,High,Order value anomaly,Hold for manual review,discount_pct=0.0; payment_failures=0; device_reuse=1; total_qty=7
O000003349,15,High,Device reused across users,Hold for manual review,discount_pct=0.14; payment_failures=0; device_reuse=10; total_qty=3
O000003352,15,High,Device reused across users,Hold for manual review,discount_pct=0.0; payment_failures=0; device_reuse=11; total_qty=2
O000003306,15,High,Order value anomaly,Hold for manual review,discount_pct=0.03; payment_failures=0; device_reuse=0; total_qty=9
O000000756,15,High,Order value anomaly,Hold for manual review,discount_pct=0.0; payment_failures=0; device_reuse=0; total_qty=8
O000000739,15,High,Device reused across users,Hold for manual review,discount_pct=0.05; payment_failures=0; device_reuse=10; total_qty=9
O000003280,15,High,Order value anomaly,Hold for manual review,discount_pct=0.0; payment_failures=0; device_reuse=1; total_qty=9
O000004103,15,High,Order value anomaly,Hold for manual review,discount_pct=0.0; payment_failures=0; device_reuse=0; total_qty=10
O000003499,15,High,"Late night order, Unusual quantity",Hold for manual review,discount_pct=0.0; payment_failures=0; device_reuse=1; total_qty=11
O000003459,15,High,Order value anomaly,Hold for manual review,discount_pct=0.0; payment_failures=0; device_reuse=1; total_qty=10
O000000672,15,High,Order value anomaly,Hold for manual review,discount_pct=0.0; payment_failures=0; device_reuse=1; total_qty=9
O000000649,15,High,Order value anomaly,Hold for manual review,discount_pct=0.0; payment_failures=0; device_reuse=1; total_qty=8
O000003443,15,High,Order value anomaly,Hold for manual review,discount_pct=0.0; payment_failures=0; device_reuse=1; total_qty=6
O000003442,15,High,Device reused across users,Hold for manual review,discount_pct=0.0; payment_failures=0; device_reuse=15; total_qty=8
O000003421,15,High,Order value anomaly,Hold for manual review,discount_pct=0.0; payment_failures=0; device_reuse=1; total_qty=7
O000000698,15,High,Order value anomaly,Hold for manual review,discount_pct=0.0; payment_failures=0; device_reuse=0; total_qty=9
O000001895,15,High,Device reused across users,Hold for manual review,discount_pct=0.07; payment_failures=0; device_reuse=14; total_qty=8
O000002166,15,High,Order value anomaly,Hold for manual review,discount_pct=0.0; payment_failures=0; device_reuse=1; total_qty=10
O000001428,15,High,Order value anomaly,Hold for manual review,discount_pct=0.0; payment_failures=0; device_reuse=1; total_qty=8
O000002143,15,High,Order value anomaly,Hold for manual review,discount_pct=0.0; payment_failures=0; device_reuse=1; total_qty=10
O000002136,15,High,Order value anomaly,Hold for manual review,discount_pct=0.0; payment_failures=0; device_reuse=1; total_qty=9
O000002123,15,High,"Late night order, Unusual quantity",Hold for manual review,discount_pct=0.03; payment_failures=0; device_reuse=1; total_qty=11
O000002108,15,High,High discount usage,Hold for manual review,discount_pct=0.33; payment_failures=0; device_reuse=1; total_qty=1
O000001459,15,High,Device reused across users,Hold for manual review,discount_pct=0.0; payment_failures=0; device_reuse=15; total_qty=9
O000002067,15,High,Order value anomaly,Hold for manual review,discount_pct=0.0; payment_failures=0; device_reuse=1; total_qty=8
O000000090,15,High,Device reused across users,Hold for manual review,discount_pct=0.0; payment_failures=0; device_reuse=14; total_qty=1
O000004484,15,High,High discount usage,Hold for manual review,discount_pct=0.38; payment_failures=0; device_reuse=1; total_qty=1
O000002075,15,High,Order value anomaly,Hold for manual review,discount_pct=0.03; payment_failures=0; device_reuse=0; total_qty=10
O000001478,15,High,"Late night order, Unusual quantity",Hold for manual review,discount_pct=0.0; payment_failures=0; device_reuse=1; total_qty=12
O000003606,15,High,Order value anomaly,Hold for manual review,discount_pct=0.0; payment_failures=0; device_reuse=1; total_qty=8
O000003583,15,High,Order value anomaly,Hold for manual review,discount_pct=0.0; payment_failures=0; device_reuse=1; total_qty=9
O000000585,15,High,"Late night order, Unusual quantity",Hold for manual review,discount_pct=0.0; payment_failures=0; device_reuse=1; total_qty=12
O000003578,15,High,"Late night order, Multiple coupon usage",Hold for manual review,discount_pct=0.03; payment_failures=0; device_reuse=1; total_qty=6
O000003572,15,High,Device reused across users,Hold for manual review,discount_pct=0.17; payment_failures=0; device_reuse=14; total_qty=2
O000000617,15,High,Order value anomaly,Hold for manual review,discount_pct=0.01; payment_failures=0; device_reuse=1; total_qty=8
O000003534,15,High,Order value anomaly,Hold for manual review,discount_pct=0.0; payment_failures=0; device_reuse=1; total_qty=8
O000003512,15,High,Device reused across users,Hold for manual review,discount_pct=0.0; payment_failures=0; device_reuse=14; total_qty=6
O000000290,15,High,Order value anomaly,Hold for manual review,discount_pct=0.0; payment_failures=0; device_reuse=1; total_qty=10
O000004074,15,High,Device reused across users,Hold for manual review,discount_pct=0.0; payment_failures=0; device_reuse=10; total_qty=7
O000004063,15,High,"Late night order, Unusual quantity",Hold for manual review,discount_pct=0.0; payment_failures=0; device_reuse=1; total_qty=11
O000003505,15,High,Device reused across users,Hold for manual review,discount_pct=0.09; payment_failures=0; device_reuse=10; total_qty=7
O000003677,15,High,Device reused across users,Hold for manual review,discount_pct=0.11; payment_failures=0; device_reuse=15; total_qty=5
O000003689,15,High,"Late night order, Unusual quantity",Hold for manual review,discount_pct=0.03; payment_failures=0; device_reuse=1; total_qty=22
O000003648,15,High,Order value anomaly,Hold for manual review,discount_pct=0.0; payment_failures=0; device_reuse=1; total_qty=7
O000000527,15,High,Device reused across users,Hold for manual review,discount_pct=0.09; payment_failures=0; device_reuse=14; total_qty=5
O000000536,15,High,Order value anomaly,Hold for manual review,discount_pct=0.0; payment_failures=0; device_reuse=0; total_qty=6
O000003649,15,High,Order value anomaly,Hold for manual review,discount_pct=0.0; payment_failures=0; device_reuse=1; total_qty=8
O000003662,15,High,Order value anomaly,Hold for manual review,discount_pct=0.0; payment_failures=0; device_reuse=1; total_qty=7
O000003645,15,High,Order value anomaly,Hold for manual review,discount_pct=0.0; payment_failures=0; device_reuse=0; total_qty=6
O000004025,15,High,Device reused across users,Hold for manual review,discount_pct=0.04; payment_failures=0; device_reuse=15; total_qty=5
O000004052,15,High,Order value anomaly,Hold for manual review,discount_pct=0.0; payment_failures=0; device_reuse=1; total_qty=5
O000000339,15,High,Device reused across users,Hold for manual review,discount_pct=0.05; payment_failures=0; device_reuse=15; total_qty=7
O000000561,15,High,Order value anomaly,Hold for manual review,discount_pct=0.0; payment_failures=0; device_reuse=1; total_qty=6
O000000554,15,High,Order value anomaly,Hold for manual review,discount_pct=0.0; payment_failures=0; device_reuse=1; total_qty=6
O000001994,15,High,"Late night order, Multiple coupon usage",Hold for manual review,discount_pct=0.1; payment_failures=0; device_reuse=1; total_qty=2
O000001963,15,High,Order value anomaly,Hold for manual review,discount_pct=0.0; payment_failures=0; device_reuse=1; total_qty=8
O000001562,15,High,High discount usage,Hold for manual review,discount_pct=0.3; payment_failures=0; device_reuse=0; total_qty=2
O000001580,15,High,Device reused across users,Hold for manual review,discount_pct=0.0; payment_failures=0; device_reuse=10; total_qty=4
O000001590,15,High,Device reused across users,Hold for manual review,discount_pct=0.0; payment_failures=0; device_reuse=15; total_qty=7
O000001936,15,High,"Late night order, Unusual quantity",Hold for manual review,discount_pct=0.0; payment_failures=0; device_reuse=1; total_qty=12
O000000572,15,High,Order value anomaly,Hold for manual review,discount_pct=0.0; payment_failures=0; device_reuse=0; total_qty=8
O000003776,15,High,Order value anomaly,Hold for manual review,discount_pct=0.0; payment_failures=0; device_reuse=1; total_qty=10
O000000485,15,High,Order value anomaly,Hold for manual review,discount_pct=0.0; payment_failures=0; device_reuse=1; total_qty=8
O000003744,15,High,"Late night order, Unusual quantity",Hold for manual review,discount_pct=0.03; payment_failures=0; device_reuse=1; total_qty=11
O000003746,15,High,"Late night order, Multiple coupon usage",Hold for manual review,discount_pct=0.08; payment_failures=0; device_reuse=1; total_qty=6
O000003692,15,High,Order value anomaly,Hold for manual review,discount_pct=0.0; payment_failures=0; device_reuse=1; total_qty=6
O000004058,15,High,"Late night order, Multiple coupon usage",Hold for manual review,discount_pct=0.0; payment_failures=0; device_reuse=1; total_qty=9
O000000342,15,High,Order value anomaly,Hold for manual review,discount_pct=0.0; payment_failures=0; device_reuse=1; total_qty=8
O000000327,15,High,Order value anomaly,Hold for manual review,discount_pct=0.0; payment_failures=0; device_reuse=0; total_qty=10
O000003992,15,High,Order value anomaly,Hold for manual review,discount_pct=0.01; payment_failures=0; device_reuse=1; total_qty=6
O000004012,15,High,Device reused across users,Hold for manual review,discount_pct=0.0; payment_failures=0; device_reuse=14; total_qty=8
O000003675,15,High,"Late night order, Unusual quantity",Hold for manual review,discount_pct=0.0; payment_failures=0; device_reuse=0; total_qty=11
O000000518,15,High,Order value anomaly,Hold for manual review,discount_pct=0.0; payment_failures=0; device_reuse=1; total_qty=6
O000003904,15,High,Order value anomaly,Hold for manual review,discount_pct=0.0; payment_failures=0; device_reuse=1; total_qty=4
O000001624,15,High,"Late night order, Multiple coupon usage",Hold for manual review,discount_pct=0.02; payment_failures=0; device_reuse=1; total_qty=8
O000001913,15,High,Device reused across users,Hold for manual review,discount_pct=0.0; payment_failures=0; device_reuse=11; total_qty=6
O000001923,15,High,"Late night order, Multiple coupon usage",Hold for manual review,discount_pct=0.0; payment_failures=0; device_reuse=1; total_qty=5
O000001883,15,High,Order value anomaly,Hold for manual review,discount_pct=0.0; payment_failures=0; device_reuse=1; total_qty=10
O000001852,15,High,Order value anomaly,Hold for manual review,discount_pct=0.0; payment_failures=0; device_reuse=1; total_qty=5
O000004559,15,High,Order value anomaly,Hold for manual review,discount_pct=0.0; payment_failures=0; device_reuse=1; total_qty=10
O000004528,15,High,Order value anomaly,Hold for manual review,discount_pct=0.0; payment_failures=0; device_reuse=1; total_qty=8
O000004531,15,High,Order value anomaly,Hold for manual review,discount_pct=0.0; payment_failures=0; device_reuse=1; total_qty=9
O000003881,15,High,Order value anomaly,Hold for manual review,discount_pct=0.0; payment_failures=0; device_reuse=1; total_qty=6
O000001630,15,High,Order value anomaly,Hold for manual review,discount_pct=0.0; payment_failures=0; device_reuse=1; total_qty=9
O000001645,15,High,Order value anomaly,Hold for manual review,discount_pct=0.0; payment_failures=0; device_reuse=1; total_qty=7
O000001747,15,High,Device reused across users,Hold for manual review,discount_pct=0.0; payment_failures=0; device_reuse=15; total_qty=7
O000001685,15,High,"Late night order, Multiple coupon usage",Hold for manual review,discount_pct=0.01; payment_failures=0; device_reuse=1; total_qty=10
O000004574,15,High,Order value anomaly,Hold for manual review,discount_pct=0.0; payment_failures=0; device_reuse=1; total_qty=8
O000004563,15,High,Order value anomaly,Hold for manual review,discount_pct=0.0; payment_failures=0; device_reuse=1; total_qty=8
O000003946,15,High,Order value anomaly,Hold for manual review,discount_pct=0.0; payment_failures=0; device_reuse=1; total_qty=10
O000003984,10,High,Unusual quantity,Hold for manual review,discount_pct=0.0; payment_failures=0; device_reuse=1; total_qty=11
O000003396,10,High,Unusual quantity,Hold for manual review,discount_pct=0.0; payment_failures=0; device_reuse=1; total_qty=11
O000004155,10,High,Unusual quantity,Hold for manual review,discount_pct=0.01; payment_failures=0; device_reuse=1; total_qty=11
O000000592,10,High,Unusual quantity,Hold for manual review,discount_pct=0.0; payment_failures=0; device_reuse=1; total_qty=11
O000000744,10,High,Unusual quantity,Hold for manual review,discount_pct=0.01; payment_failures=0; device_reuse=1; total_qty=11
O000004240,10,High,Unusual quantity,Hold for manual review,discount_pct=0.01; payment_failures=0; device_reuse=0; total_qty=11
O000003968,10,High,Unusual quantity,Hold for manual review,discount_pct=0.02; payment_failures=0; device_reuse=1; total_qty=12
O000000384,10,High,Multiple coupon usage,Hold for manual review,discount_pct=0.15; payment_failures=0; device_reuse=1; total_qty=3
O000000512,10,High,Multiple coupon usage,Hold for manual review,discount_pct=0.02; payment_failures=0; device_reuse=1; total_qty=4
O000000499,10,High,Multiple coupon usage,Hold for manual review,discount_pct=0.02; payment_failures=0; device_reuse=1; total_qty=9
O000000352,10,High,Multiple coupon usage,Hold for manual review,discount_pct=0.0; payment_failures=0; device_reuse=1; total_qty=3
O000000514,10,High,Unusual quantity,Hold for manual review,discount_pct=0.0; payment_failures=0; device_reuse=0; total_qty=12
O000003702,10,High,Multiple coupon usage,Hold for manual review,discount_pct=0.04; payment_failures=0; device_reuse=1; total_qty=6
O000003078,10,High,Multiple coupon usage,Hold for manual review,discount_pct=0.02; payment_failures=0; device_reuse=1; total_qty=8
O000003048,10,High,Unusual quantity,Hold for manual review,discount_pct=0.03; payment_failures=0; device_reuse=1; total_qty=11
O000000583,10,High,Multiple coupon usage,Hold for manual review,discount_pct=0.02; payment_failures=0; device_reuse=1; total_qty=7
O000004197,10,High,Multiple coupon usage,Hold for manual review,discount_pct=0.02; payment_failures=0; device_reuse=1; total_qty=5
O000003682,10,High,Multiple coupon usage,Hold for manual review,discount_pct=0.0; payment_failures=0; device_reuse=1; total_qty=3
O000000248,10,High,Unusual quantity,Hold for manual review,discount_pct=0.0; payment_failures=0; device_reuse=1; total_qty=11
O000004041,10,High,Unusual quantity,Hold for manual review,discount_pct=0.0; payment_failures=0; device_reuse=1; total_qty=16
O000001722,10,High,Unusual quantity,Hold for manual review,discount_pct=0.0; payment_failures=0; device_reuse=1; total_qty=12
O000000460,10,High,Multiple coupon usage,Hold for manual review,discount_pct=0.0; payment_failures=0; device_reuse=1; total_qty=10
O000003020,10,High,Multiple coupon usage,Hold for manual review,discount_pct=0.03; payment_failures=0; device_reuse=1; total_qty=9
O000000935,10,High,Multiple coupon usage,Hold for manual review,discount_pct=0.03; payment_failures=0; device_reuse=1; total_qty=5
O000004138,10,High,Unusual quantity,Hold for manual review,discount_pct=0.0; payment_failures=0; device_reuse=1; total_qty=11
O000000311,10,High,Multiple coupon usage,Hold for manual review,discount_pct=0.02; payment_failures=0; device_reuse=1; total_qty=4
O000003851,10,High,Multiple coupon usage,Hold for manual review,discount_pct=0.1; payment_failures=0; device_reuse=1; total_qty=3
O000000938,10,High,Unusual quantity,Hold for manual review,discount_pct=0.0; payment_failures=0; device_reuse=1; total_qty=11
O000003993,10,High,Multiple coupon usage,Hold for manual review,discount_pct=0.0; payment_failures=0; device_reuse=1; total_qty=1
O000004056,10,High,Unusual quantity,Hold for manual review,discount_pct=0.03; payment_failures=0; device_reuse=0; total_qty=12
O000004045,10,High,Multiple coupon usage,Hold for manual review,discount_pct=0.0; payment_failures=0; device_reuse=1; total_qty=8
O000000887,10,High,Unusual quantity,Hold for manual review,discount_pct=0.1; payment_failures=0; device_reuse=1; total_qty=25
O000003133,10,High,Multiple coupon usage,Hold for manual review,discount_pct=0.08; payment_failures=0; device_reuse=1; total_qty=1
O000002899,10,High,Multiple coupon usage,Hold for manual review,discount_pct=0.1; payment_failures=0; device_reuse=1; total_qty=2
O000004111,10,High,Unusual quantity,Hold for manual review,discount_pct=0.0; payment_failures=0; device_reuse=1; total_qty=12
O000003858,10,High,Multiple coupon usage,Hold for manual review,discount_pct=0.0; payment_failures=0; device_reuse=1; total_qty=2
O000003389,10,High,Multiple coupon usage,Hold for manual review,discount_pct=0.0; payment_failures=0; device_reuse=1; total_qty=9
O000001078,10,High,Unusual quantity,Hold for manual review,discount_pct=0.01; payment_failures=0; device_reuse=1; total_qty=11
O000001081,10,High,Unusual quantity,Hold for manual review,discount_pct=0.0; payment_failures=0; device_reuse=1; total_qty=11
O000004247,10,High,Unusual quantity,Hold for manual review,discount_pct=0.0; payment_failures=0; device_reuse=1; total_qty=15
O000002738,10,High,Multiple coupon usage,Hold for manual review,discount_pct=0.2; payment_failures=0; device_reuse=1; total_qty=3
O000002700,10,High,Unusual quantity,Hold for manual review,discount_pct=0.0; payment_failures=0; device_reuse=1; total_qty=14
O000002666,10,High,Multiple coupon usage,Hold for manual review,discount_pct=0.06; payment_failures=0; device_reuse=1; total_qty=5
O000002669,10,High,Unusual quantity,Hold for manual review,discount_pct=0.0; payment_failures=0; device_reuse=1; total_qty=11
O000002655,10,High,Multiple coupon usage,Hold for manual review,discount_pct=0.02; payment_failures=0; device_reuse=1; total_qty=6
O000002630,10,High,Multiple coupon usage,Hold for manual review,discount_pct=0.0; payment_failures=0; device_reuse=1; total_qty=3
O000001161,10,High,Multiple coupon usage,Hold for manual review,discount_pct=0.03; payment_failures=0; device_reuse=1; total_qty=10
O000001354,10,High,Unusual quantity,Hold for manual review,discount_pct=0.0; payment_failures=0; device_reuse=1; total_qty=11
O000004405,10,High,Multiple coupon usage,Hold for manual review,discount_pct=0.0; payment_failures=0; device_reuse=1; total_qty=6
O000001383,10,High,Unusual quantity,Hold for manual review,discount_pct=0.0; payment_failures=0; device_reuse=1; total_qty=11
O000004468,10,High,Unusual quantity,Hold for manual review,discount_pct=0.1; payment_failures=0; device_reuse=1; total_qty=13
O000002178,10,High,Unusual quantity,Hold for manual review,discount_pct=0.01; payment_failures=0; device_reuse=1; total_qty=21
O000002162,10,High,Multiple coupon usage,Hold for manual review,discount_pct=0.06; payment_failures=0; device_reuse=1; total_qty=2
O000001443,10,High,Multiple coupon usage,Hold for manual review,discount_pct=0.1; payment_failures=0; device_reuse=1; total_qty=6
O000001444,10,High,Multiple coupon usage,Hold for manual review,discount_pct=0.04; payment_failures=0; device_reuse=1; total_qty=6
O000001468,10,High,Multiple coupon usage,Hold for manual review,discount_pct=0.0; payment_failures=0; device_reuse=1; total_qty=7
O000001460,10,High,Multiple coupon usage,Hold for manual review,discount_pct=0.03; payment_failures=0; device_reuse=1; total_qty=5
O000001451,10,High,Unusual quantity,Hold for manual review,discount_pct=0.0; payment_failures=0; device_reuse=1; total_qty=11
O000002080,10,High,Unusual quantity,Hold for manual review,discount_pct=0.06; payment_failures=0; device_reuse=1; total_qty=11
O000002055,10,High,Multiple coupon usage,Hold for manual review,discount_pct=0.04; payment_failures=0; device_reuse=1; total_qty=4
O000001531,10,High,Multiple coupon usage,Hold for manual review,discount_pct=0.06; payment_failures=0; device_reuse=1; total_qty=7
O000001539,10,High,Multiple coupon usage,Hold for manual review,discount_pct=0.0; payment_failures=0; device_reuse=1; total_qty=7
O000004619,10,High,Multiple coupon usage,Hold for manual review,discount_pct=0.0; payment_failures=0; device_reuse=1; total_qty=3
O000001536,10,High,Multiple coupon usage,Hold for manual review,discount_pct=0.02; payment_failures=0; device_reuse=1; total_qty=5
O000001519,10,High,Multiple coupon usage,Hold for manual review,discount_pct=0.02; payment_failures=0; device_reuse=1; total_qty=6
O000001570,10,High,Unusual quantity,Hold for manual review,discount_pct=0.0; payment_failures=0; device_reuse=1; total_qty=11
O000001566,10,High,Multiple coupon usage,Hold for manual review,discount_pct=0.0; payment_failures=0; device_reuse=1; total_qty=6
O000004511,10,High,Multiple coupon usage,Hold for manual review,discount_pct=0.05; payment_failures=0; device_reuse=1; total_qty=3
O000001614,10,High,Multiple coupon usage,Hold for manual review,discount_pct=0.02; payment_failures=0; device_reuse=1; total_qty=3
O000001637,10,High,Multiple coupon usage,Hold for manual review,discount_pct=0.05; payment_failures=0; device_reuse=1; total_qty=4
O000001829,10,High,Multiple coupon usage,Hold for manual review,discount_pct=0.01; payment_failures=0; device_reuse=1; total_qty=5
O000001646,10,High,Multiple coupon usage,Hold for manual review,discount_pct=0.0; payment_failures=0; device_reuse=1; total_qty=3
O000004575,10,High,Multiple coupon usage,Hold for manual review,discount_pct=0.08; payment_failures=0; device_reuse=1; total_qty=7
O000004580,10,High,Unusual quantity,Hold for manual review,discount_pct=0.0; payment_failures=0; device_reuse=0; total_qty=11
O000003949,5,High,Late night order,Hold for manual review,discount_pct=0.0; payment_failures=0; device_reuse=1; total_qty=10
O000003962,5,High,Late night order,Hold for manual review,discount_pct=0.0; payment_failures=0; device_reuse=1; total_qty=9
O000003969,5,High,Late night order,Hold for manual review,discount_pct=0.0; payment_failures=0; device_reuse=1; total_qty=4
O000003945,5,High,Late night order,Hold for manual review,discount_pct=0.08; payment_failures=0; device_reuse=0; total_qty=2
O000003926,5,High,Late night order,Hold for manual review,discount_pct=0.0; payment_failures=0; device_reuse=1; total_qty=6
O000003933,5,High,Late night order,Hold for manual review,discount_pct=0.0; payment_failures=0; device_reuse=1; total_qty=5
O000000353,5,Medium,Late night order,Call verification,discount_pct=0.0; payment_failures=0; device_reuse=1; total_qty=3
O000000369,5,Medium,Late night order,Call verification,discount_pct=0.0; payment_failures=0; device_reuse=0; total_qty=3
O000003939,5,High,Late night order,Hold for manual review,discount_pct=0.0; payment_failures=0; device_reuse=0; total_qty=6
O000003899,5,High,Late night order,Hold for manual review,discount_pct=0.02; payment_failures=0; device_reuse=0; total_qty=4
O000003892,5,High,Late night order,Hold for manual review,discount_pct=0.0; payment_failures=0; device_reuse=1; total_qty=5
O000003905,5,High,Late night order,Hold for manual review,discount_pct=0.0; payment_failures=0; device_reuse=0; total_qty=5
O000003901,5,High,Late night order,Hold for manual review,discount_pct=0.12; payment_failures=0; device_reuse=1; total_qty=2
O000003891,5,High,Late night order,Hold for manual review,discount_pct=0.0; payment_failures=0; device_reuse=1; total_qty=4
O000003903,5,High,Late night order,Hold for manual review,discount_pct=0.0; payment_failures=0; device_reuse=1; total_qty=7
O000003883,5,High,Late night order,Hold for manual review,discount_pct=0.0; payment_failures=0; device_reuse=1; total_qty=7
O000003893,5,High,Late night order,Hold for manual review,discount_pct=0.07; payment_failures=0; device_reuse=0; total_qty=6
O000003898,5,High,Late night order,Hold for manual review,discount_pct=0.0; payment_failures=0; device_reuse=1; total_qty=2
O000003895,5,High,Late night order,Hold for manual review,discount_pct=0.0; payment_failures=0; device_reuse=0; total_qty=9
O000003859,5,High,Late night order,Hold for manual review,discount_pct=0.0; payment_failures=0; device_reuse=1; total_qty=1
O000003878,5,High,Late night order,Hold for manual review,discount_pct=0.0; payment_failures=0; device_reuse=1; total_qty=8
O000003875,5,High,Late night order,Hold for manual review,discount_pct=0.0; payment_failures=0; device_reuse=1; total_qty=3
O000000439,5,Medium,Late night order,Call verification,discount_pct=0.0; payment_failures=0; device_reuse=1; total_qty=3
O000000432,5,Medium,Late night order,Call verification,discount_pct=0.0; payment_failures=0; device_reuse=1; total_qty=5
O000000423,5,Medium,Late night order,Call verification,discount_pct=0.0; payment_failures=0; device_reuse=1; total_qty=7
O000000444,5,Medium,Late night order,Call verification,discount_pct=0.0; payment_failures=0; device_reuse=1; total_qty=6
O000000421,5,Medium,Late night order,Call verification,discount_pct=0.0; payment_failures=0; device_reuse=1; total_qty=4
O000000425,5,Medium,Late night order,Call verification,discount_pct=0.0; payment_failures=0; device_reuse=1; total_qty=5
O000000430,5,Medium,Late night order,Call verification,discount_pct=0.0; payment_failures=0; device_reuse=1; total_qty=9
O000000442,5,Medium,Late night order,Call verification,discount_pct=0.0; payment_failures=0; device_reuse=1; total_qty=3
O000003874,5,High,Late night order,Hold for manual review,discount_pct=0.0; payment_failures=0; device_reuse=1; total_qty=1
O000003871,5,High,Late night order,Hold for manual review,discount_pct=0.0; payment_failures=0; device_reuse=1; total_qty=2
O000003855,5,High,Late night order,Hold for manual review,discount_pct=0.0; payment_failures=0; device_reuse=0; total_qty=8
O000003854,5,High,Late night order,Hold for manual review,discount_pct=0.05; payment_failures=0; device_reuse=1; total_qty=5
O000003838,5,High,Late night order,Hold for manual review,discount_pct=0.0; payment_failures=0; device_reuse=1; total_qty=6
O000000463,5,Medium,Late night order,Call verification,discount_pct=0.0; payment_failures=0; device_reuse=1; total_qty=6
O000000445,5,Medium,Late night order,Call verification,discount_pct=0.0; payment_failures=0; device_reuse=1; total_qty=10
O000000464,5,Medium,Late night order,Call verification,discount_pct=0.0; payment_failures=0; device_reuse=1; total_qty=5
O000000426,5,Medium,Late night order,Call verification,discount_pct=0.05; payment_failures=0; device_reuse=1; total_qty=2
O000003832,5,High,Late night order,Hold for manual review,discount_pct=0.0; payment_failures=0; device_reuse=1; total_qty=6
O000003834,5,High,Late night order,Hold for manual review,discount_pct=0.0; payment_failures=0; device_reuse=1; total_qty=9
O000003844,5,High,Late night order,Hold for manual review,discount_pct=0.0; payment_failures=0; device_reuse=1; total_qty=3
O000003847,5,High,Late night order,Hold for manual review,discount_pct=0.0; payment_failures=0; device_reuse=1; total_qty=5
O000003841,5,High,Late night order,Hold for manual review,discount_pct=0.01; payment_failures=0; device_reuse=1; total_qty=10
O000003843,5,High,Late night order,Hold for manual review,discount_pct=0.0; payment_failures=0; device_reuse=1; total_qty=6
O000003805,5,High,Late night order,Hold for manual review,discount_pct=0.0; payment_failures=0; device_reuse=1; total_qty=3
O000003812,5,High,Late night order,Hold for manual review,discount_pct=0.0; payment_failures=0; device_reuse=1; total_qty=2
O000003823,5,High,Late night order,Hold for manual review,discount_pct=0.0; payment_failures=0; device_reuse=1; total_qty=7
O000003797,5,High,Late night order,Hold for manual review,discount_pct=0.0; payment_failures=0; device_reuse=1; total_qty=2
O000000456,5,Medium,Late night order,Call verification,discount_pct=0.0; payment_failures=0; device_reuse=1; total_qty=4
O000000451,5,Medium,Late night order,Call verification,discount_pct=0.0; payment_failures=0; device_reuse=1; total_qty=8
O000000454,5,Medium,Late night order,Call verification,discount_pct=0.0; payment_failures=0; device_reuse=1; total_qty=1
O000000452,5,Medium,Late night order,Call verification,discount_pct=0.0; payment_failures=0; device_reuse=1; total_qty=1
O000000447,5,Medium,Late night order,Call verification,discount_pct=0.01; payment_failures=0; device_reuse=0; total_qty=7
O000003789,5,High,Late night order,Hold for manual review,discount_pct=0.0; payment_failures=0; device_reuse=1; total_qty=5
O000003790,5,High,Late night order,Hold for manual review,discount_pct=0.0; payment_failures=0; device_reuse=1; total_qty=2
O000003779,5,High,Late night order,Hold for manual review,discount_pct=0.0; payment_failures=0; device_reuse=1; total_qty=8
O000004003,5,High,Late night order,Hold for manual review,discount_pct=0.1; payment_failures=0; device_reuse=0; total_qty=2
O000004019,5,High,Late night order,Hold for manual review,discount_pct=0.0; payment_failures=0; device_reuse=1; total_qty=7
O000003999,5,High,Late night order,Hold for manual review,discount_pct=0.1; payment_failures=0; device_reuse=0; total_qty=7
O000000351,5,Medium,Late night order,Call verification,discount_pct=0.0; payment_failures=0; device_reuse=1; total_qty=1
O000000361,5,Medium,Late night order,Call verification,discount_pct=0.12; payment_failures=0; device_reuse=0; total_qty=2
O000003987,5,High,Late night order,Hold for manual review,discount_pct=0.0; payment_failures=0; device_reuse=1; total_qty=8
O000003988,5,High,Late night order,Hold for manual review,discount_pct=0.02; payment_failures=0; device_reuse=1; total_qty=4
O000003947,5,High,Late night order,Hold for manual review,discount_pct=0.0; payment_failures=0; device_reuse=1; total_qty=7
O000003967,5,High,Late night order,Hold for manual review,discount_pct=0.0; payment_failures=0; device_reuse=1; total_qty=9
O000003961,5,High,Late night order,Hold for manual review,discount_pct=0.0; payment_failures=0; device_reuse=1; total_qty=9
O000003784,5,High,Late night order,Hold for manual review,discount_pct=0.0; payment_failures=0; device_reuse=0; total_qty=6
O000003793,5,High,Late night order,Hold for manual review,discount_pct=0.01; payment_failures=0; device_reuse=1; total_qty=7
O000003761,5,High,Late night order,Hold for manual review,discount_pct=0.0; payment_failures=0; device_reuse=1; total_qty=2
O000000484,5,Medium,Late night order,Call verification,discount_pct=0.1; payment_failures=0; device_reuse=1; total_qty=1
O000000478,5,Medium,Late night order,Call verification,discount_pct=0.0; payment_failures=0; device_reuse=0; total_qty=1
O000000466,5,Medium,Late night order,Call verification,discount_pct=0.0; payment_failures=0; device_reuse=1; total_qty=4
O000000470,5,Medium,Late night order,Call verification,discount_pct=0.0; payment_failures=0; device_reuse=0; total_qty=2
O000000472,5,Medium,Late night order,Call verification,discount_pct=0.0; payment_failures=0; device_reuse=1; total_qty=10
O000003769,5,High,Late night order,Hold for manual review,discount_pct=0.0; payment_failures=0; device_reuse=0; total_qty=5
O000003770,5,High,Late night order,Hold for manual review,discount_pct=0.0; payment_failures=0; device_reuse=1; total_qty=6
O000003750,5,High,Late night order,Hold for manual review,discount_pct=0.1; payment_failures=0; device_reuse=1; total_qty=2
O000003754,5,High,Late night order,Hold for manual review,discount_pct=0.05; payment_failures=0; device_reuse=1; total_qty=3
O000003756,5,High,Late night order,Hold for manual review,discount_pct=0.0; payment_failures=0; device_reuse=1; total_qty=3
O000003749,5,High,Late night order,Hold for manual review,discount_pct=0.05; payment_failures=0; device_reuse=1; total_qty=5
O000000515,5,Medium,Late night order,Call verification,discount_pct=0.0; payment_failures=0; device_reuse=0; total_qty=9
O000000505,5,Medium,Late night order,Call verification,discount_pct=0.0; payment_failures=0; device_reuse=0; total_qty=3
O000000494,5,Medium,Late night order,Call verification,discount_pct=0.0; payment_failures=0; device_reuse=1; total_qty=2
O000000504,5,Medium,Late night order,Call verification,discount_pct=0.04; payment_failures=0; device_reuse=1; total_qty=5
O000000513,5,Medium,Late night order,Call verification,discount_pct=0.06; payment_failures=0; device_reuse=1; total_qty=4
O000000491,5,Medium,Late night order,Call verification,discount_pct=0.0; payment_failures=0; device_reuse=1; total_qty=4
O000000507,5,Medium,Late night order,Call verification,discount_pct=0.0; payment_failures=0; device_reuse=1; total_qty=2
O000003728,5,High,Late night order,Hold for manual review,discount_pct=0.02; payment_failures=0; device_reuse=0; total_qty=5
O000003730,5,High,Late night order,Hold for manual review,discount_pct=0.0; payment_failures=0; device_reuse=1; total_qty=8
O000003733,5,High,Late night order,Hold for manual review,discount_pct=0.0; payment_failures=0; device_reuse=1; total_qty=5
O000003739,5,High,Late night order,Hold for manual review,discount_pct=0.0; payment_failures=0; device_reuse=1; total_qty=8
O000003741,5,High,Late night order,Hold for manual review,discount_pct=0.0; payment_failures=0; device_reuse=0; total_qty=9
O000003742,5,High,Late night order,Hold for manual review,discount_pct=0.0; payment_failures=0; device_reuse=1; total_qty=6
O000003731,5,High,Late night order,Hold for manual review,discount_pct=0.0; payment_failures=0; device_reuse=1; total_qty=9
O000003710,5,High,Late night order,Hold for manual review,discount_pct=0.0; payment_failures=0; device_reuse=1; total_qty=10
O000003691,5,High,Late night order,Hold for manual review,discount_pct=0.0; payment_failures=0; device_reuse=1; total_qty=8
O000003713,5,High,Late night order,Hold for manual review,discount_pct=0.0; payment_failures=0; device_reuse=1; total_qty=4
O000003698,5,High,Late night order,Hold for manual review,discount_pct=0.0; payment_failures=0; device_reuse=1; total_qty=8
O000003697,5,High,Late night order,Hold for manual review,discount_pct=0.0; payment_failures=0; device_reuse=1; total_qty=7
O000003705,5,High,Late night order,Hold for manual review,discount_pct=0.0; payment_failures=0; device_reuse=1; total_qty=7
O000003695,5,High,Late night order,Hold for manual review,discount_pct=0.17; payment_failures=0; device_reuse=0; total_qty=1
O000003717,5,High,Late night order,Hold for manual review,discount_pct=0.0; payment_failures=0; device_reuse=1; total_qty=6
O000003700,5,High,Late night order,Hold for manual review,discount_pct=0.0; payment_failures=0; device_reuse=1; total_qty=5
O000004037,5,High,Late night order,Hold for manual review,discount_pct=0.05; payment_failures=0; device_reuse=1; total_qty=3
O000004039,5,High,Late night order,Hold for manual review,discount_pct=0.0; payment_failures=0; device_reuse=1; total_qty=3
O000004049,5,High,Late night order,Hold for manual review,discount_pct=0.0; payment_failures=0; device_reuse=1; total_qty=4
O000000357,5,Medium,Late night order,Call verification,discount_pct=0.0; payment_failures=0; device_reuse=1; total_qty=1
O000004006,5,High,Late night order,Hold for manual review,discount_pct=0.0; payment_failures=0; device_reuse=1; total_qty=7
O000004016,5,High,Late night order,Hold for manual review,discount_pct=0.04; payment_failures=0; device_reuse=1; total_qty=5
O000003996,5,High,Late night order,Hold for manual review,discount_pct=0.0; payment_failures=0; device_reuse=1; total_qty=7
O000003998,5,High,Late night order,Hold for manual review,discount_pct=0.0; payment_failures=0; device_reuse=1; total_qty=2
O000003991,5,High,Late night order,Hold for manual review,discount_pct=0.0; payment_failures=0; device_reuse=1; total_qty=9
O000003704,5,High,Late night order,Hold for manual review,discount_pct=0.0; payment_failures=0; device_reuse=0; total_qty=9
O000003703,5,High,Late night order,Hold for manual review,discount_pct=0.0; payment_failures=0; device_reuse=1; total_qty=3
O000003708,5,High,Late night order,Hold for manual review,discount_pct=0.04; payment_failures=0; device_reuse=1; total_qty=7
O000003721,5,High,Late night order,Hold for manual review,discount_pct=0.01; payment_failures=0; device_reuse=1; total_qty=4
O000003696,5,High,Late night order,Hold for manual review,discount_pct=0.0; payment_failures=0; device_reuse=0; total_qty=6
O000003681,5,High,Late night order,Hold for manual review,discount_pct=0.0; payment_failures=0; device_reuse=1; total_qty=6
O000000532,5,Medium,Late night order,Call verification,discount_pct=0.0; payment_failures=0; device_reuse=1; total_qty=9
O000000520,5,Medium,Late night order,Call verification,discount_pct=0.0; payment_failures=0; device_reuse=1; total_qty=2
O000000528,5,Medium,Late night order,Call verification,discount_pct=0.24; payment_failures=0; device_reuse=1; total_qty=4
O000000531,5,Medium,Late night order,Call verification,discount_pct=0.0; payment_failures=0; device_reuse=1; total_qty=5
O000000500,5,Medium,Late night order,Call verification,discount_pct=0.0; payment_failures=0; device_reuse=1; total_qty=6
O000003684,5,High,Late night order,Hold for manual review,discount_pct=0.0; payment_failures=0; device_reuse=1; total_qty=6
O000003672,5,High,Late night order,Hold for manual review,discount_pct=0.0; payment_failures=0; device_reuse=1; total_qty=8
O000003666,5,High,Late night order,Hold for manual review,discount_pct=0.0; payment_failures=0; device_reuse=1; total_qty=2
O000003673,5,High,Late night order,Hold for manual review,discount_pct=0.0; payment_failures=0; device_reuse=1; total_qty=4
O000003663,5,High,Late night order,Hold for manual review,discount_pct=0.05; payment_failures=0; device_reuse=1; total_qty=3
O000003632,5,High,Late night order,Hold for manual review,discount_pct=0.04; payment_failures=0; device_reuse=1; total_qty=6
O000003661,5,High,Late night order,Hold for manual review,discount_pct=0.0; payment_failures=0; device_reuse=1; total_qty=7
O000003640,5,High,Late night order,Hold for manual review,discount_pct=0.0; payment_failures=0; device_reuse=1; total_qty=1
O000003646,5,High,Late night order,Hold for manual review,discount_pct=0.0; payment_failures=0; device_reuse=1; total_qty=6
O000000535,5,Medium,Late night order,Call verification,discount_pct=0.0; payment_failures=0; device_reuse=0; total_qty=3
O000000546,5,Medium,Late night order,Call verification,discount_pct=0.0; payment_failures=0; device_reuse=1; total_qty=7
O000000538,5,Medium,Late night order,Call verification,discount_pct=0.0; payment_failures=0; device_reuse=1; total_qty=3
O000000540,5,Medium,Late night order,Call verification,discount_pct=0.0; payment_failures=0; device_reuse=1; total_qty=2
O000000542,5,Medium,Late night order,Call verification,discount_pct=0.02; payment_failures=0; device_reuse=0; total_qty=3
O000000524,5,Medium,Late night order,Call verification,discount_pct=0.0; payment_failures=0; device_reuse=1; total_qty=3
O000000529,5,Medium,Late night order,Call verification,discount_pct=0.01; payment_failures=0; device_reuse=1; total_qty=5
O000000579,5,Medium,Late night order,Call verification,discount_pct=0.0; payment_failures=0; device_reuse=1; total_qty=2
O000000567,5,Medium,Late night order,Call verification,discount_pct=0.0; payment_failures=0; device_reuse=0; total_qty=4
O000000559,5,Medium,Late night order,Call verification,discount_pct=0.0; payment_failures=0; device_reuse=1; total_qty=1
O000000581,5,Medium,Late night order,Call verification,discount_pct=0.0; payment_failures=0; device_reuse=1; total_qty=5
O000000573,5,Medium,Late night order,Call verification,discount_pct=0.0; payment_failures=0; device_reuse=1; total_qty=10
O000000562,5,Medium,Late night order,Call verification,discount_pct=0.0; payment_failures=0; device_reuse=1; total_qty=6
O000000537,5,Medium,Late night order,Call verification,discount_pct=0.0; payment_failures=0; device_reuse=0; total_qty=4
O000000553,5,Medium,Late night order,Call verification,discount_pct=0.05; payment_failures=0; device_reuse=1; total_qty=7
O000000332,5,Medium,Late night order,Call verification,discount_pct=0.0; payment_failures=0; device_reuse=1; total_qty=4
O000000345,5,Medium,Late night order,Call verification,discount_pct=0.03; payment_failures=0; device_reuse=1; total_qty=3
O000000306,5,Medium,Late night order,Call verification,discount_pct=0.0; payment_failures=0; device_reuse=1; total_qty=8
O000000298,5,Medium,Late night order,Call verification,discount_pct=0.0; payment_failures=0; device_reuse=1; total_qty=1
O000000314,5,Medium,Late night order,Call verification,discount_pct=0.0; payment_failures=0; device_reuse=1; total_qty=6
O000004060,5,High,Late night order,Hold for manual review,discount_pct=0.0; payment_failures=0; device_reuse=1; total_qty=6
O000004022,5,High,Late night order,Hold for manual review,discount_pct=0.0; payment_failures=0; device_reuse=1; total_qty=2
O000004055,5,High,Late night order,Hold for manual review,discount_pct=0.0; payment_failures=0; device_reuse=1; total_qty=8
O000004023,5,High,Late night order,Hold for manual review,discount_pct=0.0; payment_failures=0; device_reuse=0; total_qty=8
O000003637,5,High,Late night order,Hold for manual review,discount_pct=0.0; payment_failures=0; device_reuse=1; total_qty=9
O000003651,5,High,Late night order,Hold for manual review,discount_pct=0.0; payment_failures=0; device_reuse=1; total_qty=2
O000003641,5,High,Late night order,Hold for manual review,discount_pct=0.02; payment_failures=0; device_reuse=0; total_qty=5
O000003657,5,High,Late night order,Hold for manual review,discount_pct=0.0; payment_failures=0; device_reuse=0; total_qty=7
O000003659,5,High,Late night order,Hold for manual review,discount_pct=0.0; payment_failures=0; device_reuse=1; total_qty=4
O000003638,5,High,Late night order,Hold for manual review,discount_pct=0.0; payment_failures=0; device_reuse=1; total_qty=6
O000003618,5,High,Late night order,Hold for manual review,discount_pct=0.06; payment_failures=0; device_reuse=1; total_qty=3
O000003610,5,High,Late night order,Hold for manual review,discount_pct=0.0; payment_failures=0; device_reuse=1; total_qty=3
O000000580,5,Medium,Late night order,Call verification,discount_pct=0.0; payment_failures=0; device_reuse=0; total_qty=10
O000000557,5,Medium,Late night order,Call verification,discount_pct=0.0; payment_failures=0; device_reuse=1; total_qty=1
O000003605,5,High,Late night order,Hold for manual review,discount_pct=0.0; payment_failures=0; device_reuse=0; total_qty=3
O000003622,5,High,Late night order,Hold for manual review,discount_pct=0.0; payment_failures=0; device_reuse=1; total_qty=7
O000003616,5,High,Late night order,Hold for manual review,discount_pct=0.0; payment_failures=0; device_reuse=1; total_qty=6
O000003628,5,High,Late night order,Hold for manual review,discount_pct=0.0; payment_failures=0; device_reuse=1; total_qty=6
O000003614,5,High,Late night order,Hold for manual review,discount_pct=0.0; payment_failures=0; device_reuse=0; total_qty=2
O000003600,5,High,Late night order,Hold for manual review,discount_pct=0.01; payment_failures=0; device_reuse=1; total_qty=6
O000003603,5,High,Late night order,Hold for manual review,discount_pct=0.14; payment_failures=0; device_reuse=0; total_qty=1
O000003590,5,High,Late night order,Hold for manual review,discount_pct=0.0; payment_failures=0; device_reuse=1; total_qty=3
O000000601,5,Medium,Late night order,Call verification,discount_pct=0.01; payment_failures=0; device_reuse=1; total_qty=5
O000000591,5,Medium,Late night order,Call verification,discount_pct=0.07; payment_failures=0; device_reuse=1; total_qty=3
O000000603,5,Medium,Late night order,Call verification,discount_pct=0.03; payment_failures=0; device_reuse=1; total_qty=5
O000000556,5,Medium,Late night order,Call verification,discount_pct=0.05; payment_failures=0; device_reuse=1; total_qty=6
O000000571,5,Medium,Late night order,Call verification,discount_pct=0.0; payment_failures=0; device_reuse=1; total_qty=6
O000000564,5,Medium,Late night order,Call verification,discount_pct=0.0; payment_failures=0; device_reuse=1; total_qty=9
O000000569,5,Medium,Late night order,Call verification,discount_pct=0.0; payment_failures=0; device_reuse=1; total_qty=7
O000000560,5,Medium,Late night order,Call verification,discount_pct=0.0; payment_failures=0; device_reuse=1; total_qty=8
O000003594,5,High,Late night order,Hold for manual review,discount_pct=0.04; payment_failures=0; device_reuse=1; total_qty=5
O000003585,5,High,Late night order,Hold for manual review,discount_pct=0.0; payment_failures=0; device_reuse=1; total_qty=5
O000003596,5,High,Late night order,Hold for manual review,discount_pct=0.0; payment_failures=0; device_reuse=0; total_qty=5
O000003592,5,High,Late night order,Hold for manual review,discount_pct=0.0; payment_failures=0; device_reuse=1; total_qty=6
O000003598,5,High,Late night order,Hold for manual review,discount_pct=0.0; payment_failures=0; device_reuse=1; total_qty=5
O000003597,5,High,Late night order,Hold for manual review,discount_pct=0.0; payment_failures=0; device_reuse=0; total_qty=9
O000003580,5,High,Late night order,Hold for manual review,discount_pct=0.0; payment_failures=0; device_reuse=0; total_qty=7
O000003586,5,High,Late night order,Hold for manual review,discount_pct=0.0; payment_failures=0; device_reuse=1; total_qty=2
O000003588,5,High,Late night order,Hold for manual review,discount_pct=0.0; payment_failures=0; device_reuse=1; total_qty=7
O000003561,5,High,Late night order,Hold for manual review,discount_pct=0.03; payment_failures=0; device_reuse=1; total_qty=7
O000000613,5,Medium,Late night order,Call verification,discount_pct=0.0; payment_failures=0; device_reuse=1; total_qty=1
O000000618,5,Medium,Late night order,Call verification,discount_pct=0.0; payment_failures=0; device_reuse=1; total_qty=6
O000000612,5,Medium,Late night order,Call verification,discount_pct=0.0; payment_failures=0; device_reuse=1; total_qty=1
O000000608,5,Medium,Late night order,Call verification,discount_pct=0.0; payment_failures=0; device_reuse=1; total_qty=1
O000000588,5,Medium,Late night order,Call verification,discount_pct=0.0; payment_failures=0; device_reuse=1; total_qty=3
O000000635,5,Medium,Late night order,Call verification,discount_pct=0.08; payment_failures=0; device_reuse=1; total_qty=2
O000000626,5,Medium,Late night order,Call verification,discount_pct=0.01; payment_failures=0; device_reuse=1; total_qty=8
O000000632,5,Medium,Late night order,Call verification,discount_pct=0.0; payment_failures=0; device_reuse=1; total_qty=1
O000000614,5,Medium,Late night order,Call verification,discount_pct=0.0; payment_failures=0; device_reuse=1; total_qty=6
O000000610,5,Medium,Late night order,Call verification,discount_pct=0.0; payment_failures=0; device_reuse=0; total_qty=6
O000003577,5,High,Late night order,Hold for manual review,discount_pct=0.0; payment_failures=0; device_reuse=1; total_qty=6
O000003566,5,High,Late night order,Hold for manual review,discount_pct=0.03; payment_failures=0; device_reuse=1; total_qty=6
O000003573,5,High,Late night order,Hold for manual review,discount_pct=0.05; payment_failures=0; device_reuse=1; total_qty=3
O000003551,5,High,Late night order,Hold for manual review,discount_pct=0.0; payment_failures=0; device_reuse=1; total_qty=8
O000003552,5,High,Late night order,Hold for manual review,discount_pct=0.0; payment_failures=0; device_reuse=1; total_qty=6
O000003544,5,High,Late night order,Hold for manual review,discount_pct=0.0; payment_failures=0; device_reuse=1; total_qty=2
O000003558,5,High,Late night order,Hold for manual review,discount_pct=0.0; payment_failures=0; device_reuse=1; total_qty=1
O000003542,5,High,Late night order,Hold for manual review,discount_pct=0.04; payment_failures=0; device_reuse=1; total_qty=6
O000003535,5,High,Late night order,Hold for manual review,discount_pct=0.02; payment_failures=0; device_reuse=1; total_qty=4
O000003553,5,High,Late night order,Hold for manual review,discount_pct=0.0; payment_failures=0; device_reuse=1; total_qty=3
O000003541,5,High,Late night order,Hold for manual review,discount_pct=0.0; payment_failures=0; device_reuse=1; total_qty=8
O000003543,5,High,Late night order,Hold for manual review,discount_pct=0.09; payment_failures=0; device_reuse=1; total_qty=2
O000003546,5,High,Late night order,Hold for manual review,discount_pct=0.0; payment_failures=0; device_reuse=1; total_qty=3
O000003545,5,High,Late night order,Hold for manual review,discount_pct=0.0; payment_failures=0; device_reuse=1; total_qty=4
O000000639,5,Medium,Late night order,Call verification,discount_pct=0.0; payment_failures=0; device_reuse=1; total_qty=9
O000000669,5,Medium,Late night order,Call verification,discount_pct=0.0; payment_failures=0; device_reuse=1; total_qty=5
O000000657,5,Medium,Late night order,Call verification,discount_pct=0.0; payment_failures=0; device_reuse=1; total_qty=9
O000000630,5,Medium,Late night order,Call verification,discount_pct=0.05; payment_failures=0; device_reuse=1; total_qty=5
O000003517,5,High,Late night order,Hold for manual review,discount_pct=0.02; payment_failures=0; device_reuse=1; total_qty=8
O000003521,5,High,Late night order,Hold for manual review,discount_pct=0.0; payment_failures=0; device_reuse=1; total_qty=1
O000000323,5,Medium,Late night order,Call verification,discount_pct=0.0; payment_failures=0; device_reuse=1; total_qty=6
O000000325,5,Medium,Late night order,Call verification,discount_pct=0.01; payment_failures=0; device_reuse=1; total_qty=6
O000004065,5,High,Late night order,Hold for manual review,discount_pct=0.0; payment_failures=0; device_reuse=0; total_qty=2
O000004068,5,High,Late night order,Hold for manual review,discount_pct=0.0; payment_failures=0; device_reuse=1; total_qty=5
O000004075,5,High,Late night order,Hold for manual review,discount_pct=0.0; payment_failures=0; device_reuse=1; total_qty=7
O000004071,5,High,Late night order,Hold for manual review,discount_pct=0.0; payment_failures=0; device_reuse=1; total_qty=1
O000004077,5,High,Late night order,Hold for manual review,discount_pct=0.0; payment_failures=0; device_reuse=0; total_qty=6
O000004081,5,High,Late night order,Hold for manual review,discount_pct=0.0; payment_failures=0; device_reuse=1; total_qty=6
O000004036,5,High,Late night order,Hold for manual review,discount_pct=0.0; payment_failures=0; device_reuse=1; total_qty=1
O000004053,5,High,Late night order,Hold for manual review,discount_pct=0.0; payment_failures=0; device_reuse=1; total_qty=5
O000004032,5,High,Late night order,Hold for manual review,discount_pct=0.0; payment_failures=0; device_reuse=1; total_qty=6
O000003527,5,High,Late night order,Hold for manual review,discount_pct=0.0; payment_failures=0; device_reuse=1; total_qty=5
O000003518,5,High,Late night order,Hold for manual review,discount_pct=0.0; payment_failures=0; device_reuse=1; total_qty=1
O000003523,5,High,Late night order,Hold for manual review,discount_pct=0.0; payment_failures=0; device_reuse=1; total_qty=7
O000003498,5,High,Late night order,Hold for manual review,discount_pct=0.0; payment_failures=0; device_reuse=1; total_qty=6
O000000642,5,Medium,Late night order,Call verification,discount_pct=0.16; payment_failures=0; device_reuse=1; total_qty=1
O000000646,5,Medium,Late night order,Call verification,discount_pct=0.0; payment_failures=0; device_reuse=1; total_qty=8
O000000674,5,Medium,Late night order,Call verification,discount_pct=0.0; payment_failures=0; device_reuse=0; total_qty=1
O000000645,5,Medium,Late night order,Call verification,discount_pct=0.0; payment_failures=0; device_reuse=1; total_qty=1
O000000670,5,Medium,Late night order,Call verification,discount_pct=0.0; payment_failures=0; device_reuse=1; total_qty=2
O000000663,5,Medium,Late night order,Call verification,discount_pct=0.0; payment_failures=0; device_reuse=1; total_qty=6
O000003510,5,High,Late night order,Hold for manual review,discount_pct=0.03; payment_failures=0; device_reuse=0; total_qty=4
O000003511,5,High,Late night order,Hold for manual review,discount_pct=0.0; payment_failures=0; device_reuse=0; total_qty=3
O000003506,5,High,Late night order,Hold for manual review,discount_pct=0.0; payment_failures=0; device_reuse=1; total_qty=9
O000003456,5,High,Late night order,Hold for manual review,discount_pct=0.0; payment_failures=0; device_reuse=1; total_qty=3
O000003477,5,High,Late night order,Hold for manual review,discount_pct=0.0; payment_failures=0; device_reuse=1; total_qty=3
O000003475,5,High,Late night order,Hold for manual review,discount_pct=0.0; payment_failures=0; device_reuse=1; total_qty=5
O000003480,5,High,Late night order,Hold for manual review,discount_pct=0.0; payment_failures=0; device_reuse=1; total_qty=2
O000003462,5,High,Late night order,Hold for manual review,discount_pct=0.0; payment_failures=0; device_reuse=1; total_qty=1
O000003478,5,High,Late night order,Hold for manual review,discount_pct=0.0; payment_failures=0; device_reuse=1; total_qty=8
O000003472,5,High,Late night order,Hold for manual review,discount_pct=0.0; payment_failures=0; device_reuse=1; total_qty=7
O000003463,5,High,Late night order,Hold for manual review,discount_pct=0.0; payment_failures=0; device_reuse=1; total_qty=7
O000003446,5,High,Late night order,Hold for manual review,discount_pct=0.0; payment_failures=0; device_reuse=1; total_qty=3
O000003447,5,High,Late night order,Hold for manual review,discount_pct=0.0; payment_failures=0; device_reuse=1; total_qty=3
O000003433,5,High,Late night order,Hold for manual review,discount_pct=0.0; payment_failures=1; device_reuse=1; total_qty=5
O000003441,5,High,Late night order,Hold for manual review,discount_pct=0.0; payment_failures=0; device_reuse=1; total_qty=2
O000003434,5,High,Late night order,Hold for manual review,discount_pct=0.0; payment_failures=0; device_reuse=0; total_qty=4
O000003402,5,High,Late night order,Hold for manual review,discount_pct=0.0; payment_failures=0; device_reuse=1; total_qty=9
O000000701,5,Medium,Late night order,Call verification,discount_pct=0.0; payment_failures=0; device_reuse=0; total_qty=8
O000000695,5,Medium,Late night order,Call verification,discount_pct=0.0; payment_failures=0; device_reuse=1; total_qty=3
O000000684,5,Medium,Late night order,Call verification,discount_pct=0.02; payment_failures=0; device_reuse=1; total_qty=2
O000000707,5,Medium,Late night order,Call verification,discount_pct=0.0; payment_failures=0; device_reuse=1; total_qty=1
O000000700,5,Medium,Late night order,Call verification,discount_pct=0.0; payment_failures=0; device_reuse=1; total_qty=6
O000000697,5,Medium,Late night order,Call verification,discount_pct=0.0; payment_failures=0; device_reuse=1; total_qty=2
O000000683,5,Medium,Late night order,Call verification,discount_pct=0.0; payment_failures=0; device_reuse=1; total_qty=6
O000000703,5,Medium,Late night order,Call verification,discount_pct=0.0; payment_failures=0; device_reuse=1; total_qty=6
O000000710,5,Medium,Late night order,Call verification,discount_pct=0.0; payment_failures=0; device_reuse=1; total_qty=4
O000000647,5,Medium,Late night order,Call verification,discount_pct=0.0; payment_failures=0; device_reuse=1; total_qty=8
O000000637,5,Medium,Late night order,Call verification,discount_pct=0.0; payment_failures=0; device_reuse=1; total_qty=9
O000000658,5,Medium,Late night order,Call verification,discount_pct=0.0; payment_failures=0; device_reuse=1; total_qty=8
O000000704,5,Medium,Late night order,Call verification,discount_pct=0.0; payment_failures=0; device_reuse=1; total_qty=10
O000003424,5,High,Late night order,Hold for manual review,discount_pct=0.0; payment_failures=0; device_reuse=1; total_qty=7
O000003404,5,High,Late night order,Hold for manual review,discount_pct=0.0; payment_failures=0; device_reuse=1; total_qty=4
O000003411,5,High,Late night order,Hold for manual review,discount_pct=0.0; payment_failures=0; device_reuse=1; total_qty=6
O000003418,5,High,Late night order,Hold for manual review,discount_pct=0.0; payment_failures=0; device_reuse=1; total_qty=4
O000003426,5,High,Late night order,Hold for manual review,discount_pct=0.0; payment_failures=0; device_reuse=0; total_qty=2
O000003423,5,High,Late night order,Hold for manual review,discount_pct=0.0; payment_failures=0; device_reuse=0; total_qty=2
O000003372,5,High,Late night order,Hold for manual review,discount_pct=0.0; payment_failures=0; device_reuse=1; total_qty=2
O000003370,5,High,Late night order,Hold for manual review,discount_pct=0.0; payment_failures=0; device_reuse=1; total_qty=6
O000003380,5,High,Late night order,Hold for manual review,discount_pct=0.08; payment_failures=0; device_reuse=1; total_qty=3
O000003377,5,High,Late night order,Hold for manual review,discount_pct=0.0; payment_failures=0; device_reuse=1; total_qty=4
O000003373,5,High,Late night order,Hold for manual review,discount_pct=0.04; payment_failures=0; device_reuse=1; total_qty=8
O000003385,5,High,Late night order,Hold for manual review,discount_pct=0.0; payment_failures=0; device_reuse=1; total_qty=8
O000003379,5,High,Late night order,Hold for manual review,discount_pct=0.0; payment_failures=0; device_reuse=0; total_qty=4
O000003367,5,High,Late night order,Hold for manual review,discount_pct=0.16; payment_failures=0; device_reuse=1; total_qty=7
O000000719,5,Medium,Late night order,Call verification,discount_pct=0.0; payment_failures=0; device_reuse=1; total_qty=7
O000000736,5,Medium,Late night order,Call verification,discount_pct=0.0; payment_failures=0; device_reuse=1; total_qty=3
O000000726,5,Medium,Late night order,Call verification,discount_pct=0.0; payment_failures=0; device_reuse=1; total_qty=3
O000000721,5,Medium,Late night order,Call verification,discount_pct=0.06; payment_failures=0; device_reuse=1; total_qty=8
O000000730,5,Medium,Late night order,Call verification,discount_pct=0.0; payment_failures=0; device_reuse=1; total_qty=3
O000000709,5,Medium,Late night order,Call verification,discount_pct=0.0; payment_failures=0; device_reuse=1; total_qty=4
O000003354,5,High,Late night order,Hold for manual review,discount_pct=0.0; payment_failures=0; device_reuse=1; total_qty=1
O000004083,5,High,Late night order,Hold for manual review,discount_pct=0.0; payment_failures=0; device_reuse=1; total_qty=2
O000004113,5,High,Late night order,Hold for manual review,discount_pct=0.0; payment_failures=0; device_reuse=1; total_qty=3
O000004110,5,High,Late night order,Hold for manual review,discount_pct=0.12; payment_failures=0; device_reuse=1; total_qty=1
O000004114,5,High,Late night order,Hold for manual review,discount_pct=0.0; payment_failures=0; device_reuse=1; total_qty=3
O000004096,5,High,Late night order,Hold for manual review,discount_pct=0.0; payment_failures=0; device_reuse=0; total_qty=5
O000004095,5,High,Late night order,Hold for manual review,discount_pct=0.0; payment_failures=0; device_reuse=1; total_qty=4
O000004107,5,High,Late night order,Hold for manual review,discount_pct=0.0; payment_failures=0; device_reuse=1; total_qty=3
O000004091,5,High,Late night order,Hold for manual review,discount_pct=0.02; payment_failures=0; device_reuse=1; total_qty=8
O000004070,5,High,Late night order,Hold for manual review,discount_pct=0.0; payment_failures=0; device_reuse=1; total_qty=8
O000000293,5,Medium,Late night order,Call verification,discount_pct=0.0; payment_failures=0; device_reuse=1; total_qty=5
O000000302,5,Medium,Late night order,Call verification,discount_pct=0.0; payment_failures=0; device_reuse=0; total_qty=6
O000000300,5,Medium,Late night order,Call verification,discount_pct=0.02; payment_failures=0; device_reuse=1; total_qty=10
O000000308,5,Medium,Late night order,Call verification,discount_pct=0.0; payment_failures=0; device_reuse=1; total_qty=4
O000000305,5,Medium,Late night order,Call verification,discount_pct=0.0; payment_failures=0; device_reuse=1; total_qty=8
O000000321,5,Medium,Late night order,Call verification,discount_pct=0.0; payment_failures=0; device_reuse=1; total_qty=5
O000003338,5,High,Late night order,Hold for manual review,discount_pct=0.0; payment_failures=0; device_reuse=1; total_qty=5
O000003321,5,High,Late night order,Hold for manual review,discount_pct=0.13; payment_failures=0; device_reuse=1; total_qty=5
O000003342,5,High,Late night order,Hold for manual review,discount_pct=0.0; payment_failures=0; device_reuse=1; total_qty=1
O000003320,5,High,Late night order,Hold for manual review,discount_pct=0.0; payment_failures=0; device_reuse=1; total_qty=10
O000003322,5,High,Late night order,Hold for manual review,discount_pct=0.0; payment_failures=0; device_reuse=1; total_qty=1
O000003333,5,High,Late night order,Hold for manual review,discount_pct=0.0; payment_failures=0; device_reuse=1; total_qty=2
O000003329,5,High,Late night order,Hold for manual review,discount_pct=0.0; payment_failures=0; device_reuse=0; total_qty=1
O000003310,5,High,Late night order,Hold for manual review,discount_pct=0.03; payment_failures=0; device_reuse=1; total_qty=1
O000003296,5,High,Late night order,Hold for manual review,discount_pct=0.05; payment_failures=0; device_reuse=1; total_qty=1
O000003311,5,High,Late night order,Hold for manual review,discount_pct=0.0; payment_failures=0; device_reuse=1; total_qty=10
O000003295,5,High,Late night order,Hold for manual review,discount_pct=0.0; payment_failures=0; device_reuse=0; total_qty=6
O000003303,5,High,Late night order,Hold for manual review,discount_pct=0.0; payment_failures=0; device_reuse=1; total_qty=5
O000003297,5,High,Late night order,Hold for manual review,discount_pct=0.0; payment_failures=0; device_reuse=1; total_qty=6
O000003309,5,High,Late night order,Hold for manual review,discount_pct=0.09; payment_failures=0; device_reuse=0; total_qty=5
O000003312,5,High,Late night order,Hold for manual review,discount_pct=0.0; payment_failures=0; device_reuse=1; total_qty=9
O000003315,5,High,Late night order,Hold for manual review,discount_pct=0.0; payment_failures=0; device_reuse=1; total_qty=5
O000003307,5,High,Late night order,Hold for manual review,discount_pct=0.12; payment_failures=0; device_reuse=1; total_qty=7
O000003302,5,High,Late night order,Hold for manual review,discount_pct=0.0; payment_failures=0; device_reuse=1; total_qty=9
O000003284,5,High,Late night order,Hold for manual review,discount_pct=0.0; payment_failures=0; device_reuse=0; total_qty=9
O000003263,5,High,Late night order,Hold for manual review,discount_pct=0.0; payment_failures=0; device_reuse=1; total_qty=9
O000003262,5,High,Late night order,Hold for manual review,discount_pct=0.09; payment_failures=0; device_reuse=1; total_qty=2
O000000751,5,Medium,Late night order,Call verification,discount_pct=0.0; payment_failures=0; device_reuse=1; total_qty=1
O000000749,5,Medium,Late night order,Call verification,discount_pct=0.12; payment_failures=0; device_reuse=1; total_qty=7
O000000743,5,Medium,Late night order,Call verification,discount_pct=0.0; payment_failures=0; device_reuse=1; total_qty=8
O000000757,5,Medium,Late night order,Call verification,discount_pct=0.0; payment_failures=0; device_reuse=1; total_qty=1
O000000745,5,Medium,Late night order,Call verification,discount_pct=0.04; payment_failures=0; device_reuse=1; total_qty=3
O000000728,5,Medium,Late night order,Call verification,discount_pct=0.0; payment_failures=0; device_reuse=1; total_qty=1
O000000786,5,Medium,Late night order,Call verification,discount_pct=0.0; payment_failures=0; device_reuse=1; total_qty=2
O000000773,5,Medium,Late night order,Call verification,discount_pct=0.0; payment_failures=0; device_reuse=1; total_qty=6
O000000762,5,Medium,Late night order,Call verification,discount_pct=0.0; payment_failures=0; device_reuse=1; total_qty=1
O000000777,5,Medium,Late night order,Call verification,discount_pct=0.0; payment_failures=0; device_reuse=1; total_qty=9
O000000761,5,Medium,Late night order,Call verification,discount_pct=0.0; payment_failures=0; device_reuse=1; total_qty=3
O000003276,5,High,Late night order,Hold for manual review,discount_pct=0.0; payment_failures=0; device_reuse=1; total_qty=6
O000004133,5,High,Late night order,Hold for manual review,discount_pct=0.0; payment_failures=0; device_reuse=1; total_qty=10
O000004118,5,High,Late night order,Hold for manual review,discount_pct=0.0; payment_failures=0; device_reuse=1; total_qty=3
O000004137,5,High,Late night order,Hold for manual review,discount_pct=0.0; payment_failures=0; device_reuse=1; total_qty=2
O000004121,5,High,Late night order,Hold for manual review,discount_pct=0.0; payment_failures=0; device_reuse=1; total_qty=5
O000004134,5,High,Late night order,Hold for manual review,discount_pct=0.0; payment_failures=0; device_reuse=1; total_qty=8
O000004125,5,High,Late night order,Hold for manual review,discount_pct=0.0; payment_failures=0; device_reuse=1; total_qty=2
O000004104,5,High,Late night order,Hold for manual review,discount_pct=0.0; payment_failures=0; device_reuse=1; total_qty=4
O000000282,5,Medium,Late night order,Call verification,discount_pct=0.0; payment_failures=0; device_reuse=0; total_qty=2
O000000274,5,Medium,Late night order,Call verification,discount_pct=0.0; payment_failures=0; device_reuse=1; total_qty=5
O000000272,5,Medium,Late night order,Call verification,discount_pct=0.04; payment_failures=0; device_reuse=1; total_qty=5
O000004106,5,High,Late night order,Hold for manual review,discount_pct=0.06; payment_failures=0; device_reuse=1; total_qty=2
O000004087,5,High,Late night order,Hold for manual review,discount_pct=0.0; payment_failures=0; device_reuse=1; total_qty=7
O000004102,5,High,Late night order,Hold for manual review,discount_pct=0.0; payment_failures=0; device_reuse=1; total_qty=2
O000003285,5,High,Late night order,Hold for manual review,discount_pct=0.0; payment_failures=0; device_reuse=1; total_qty=7
O000003288,5,High,Late night order,Hold for manual review,discount_pct=0.12; payment_failures=0; device_reuse=0; total_qty=5
O000003290,5,High,Late night order,Hold for manual review,discount_pct=0.0; payment_failures=0; device_reuse=1; total_qty=1
O000003283,5,High,Late night order,Hold for manual review,discount_pct=0.0; payment_failures=0; device_reuse=1; total_qty=3
O000003269,5,High,Late night order,Hold for manual review,discount_pct=0.0; payment_failures=0; device_reuse=1; total_qty=7
O000003281,5,High,Late night order,Hold for manual review,discount_pct=0.0; payment_failures=0; device_reuse=1; total_qty=8
O000003282,5,High,Late night order,Hold for manual review,discount_pct=0.0; payment_failures=0; device_reuse=1; total_qty=3
O000003292,5,High,Late night order,Hold for manual review,discount_pct=0.0; payment_failures=0; device_reuse=1; total_qty=7
O000000763,5,Medium,Late night order,Call verification,discount_pct=0.0; payment_failures=0; device_reuse=1; total_qty=9
O000000771,5,Medium,Late night order,Call verification,discount_pct=0.0; payment_failures=0; device_reuse=1; total_qty=4
O000000775,5,Medium,Late night order,Call verification,discount_pct=0.0; payment_failures=0; device_reuse=1; total_qty=3
O000000782,5,Medium,Late night order,Call verification,discount_pct=0.0; payment_failures=0; device_reuse=1; total_qty=10
O000000767,5,Medium,Late night order,Call verification,discount_pct=0.0; payment_failures=0; device_reuse=1; total_qty=5
O000003240,5,High,Late night order,Hold for manual review,discount_pct=0.03; payment_failures=0; device_reuse=1; total_qty=10
O000003254,5,High,Late night order,Hold for manual review,discount_pct=0.0; payment_failures=0; device_reuse=1; total_qty=5
O000003248,5,High,Late night order,Hold for manual review,discount_pct=0.0; payment_failures=0; device_reuse=0; total_qty=2
O000003252,5,High,Late night order,Hold for manual review,discount_pct=0.08; payment_failures=0; device_reuse=1; total_qty=6
O000003245,5,High,Late night order,Hold for manual review,discount_pct=0.0; payment_failures=0; device_reuse=1; total_qty=1
O000003226,5,High,Late night order,Hold for manual review,discount_pct=0.07; payment_failures=0; device_reuse=1; total_qty=2
O000000803,5,Medium,Late night order,Call verification,discount_pct=0.0; payment_failures=0; device_reuse=0; total_qty=6
O000000799,5,Medium,Late night order,Call verification,discount_pct=0.05; payment_failures=0; device_reuse=1; total_qty=2
O000000817,5,Medium,Late night order,Call verification,discount_pct=0.0; payment_failures=0; device_reuse=1; total_qty=3
O000000795,5,Medium,Late night order,Call verification,discount_pct=0.0; payment_failures=0; device_reuse=1; total_qty=9
O000003236,5,High,Late night order,Hold for manual review,discount_pct=0.0; payment_failures=0; device_reuse=0; total_qty=6
O000003239,5,High,Late night order,Hold for manual review,discount_pct=0.0; payment_failures=0; device_reuse=1; total_qty=7
O000003230,5,High,Late night order,Hold for manual review,discount_pct=0.0; payment_failures=0; device_reuse=1; total_qty=5
O000003231,5,High,Late night order,Hold for manual review,discount_pct=0.0; payment_failures=0; device_reuse=1; total_qty=5
O000003196,5,High,Late night order,Hold for manual review,discount_pct=0.0; payment_failures=0; device_reuse=1; total_qty=6
O000003215,5,High,Late night order,Hold for manual review,discount_pct=0.0; payment_failures=0; device_reuse=0; total_qty=3
O000003194,5,High,Late night order,Hold for manual review,discount_pct=0.16; payment_failures=0; device_reuse=1; total_qty=6
O000003210,5,High,Late night order,Hold for manual review,discount_pct=0.0; payment_failures=0; device_reuse=1; total_qty=1
O000003206,5,High,Late night order,Hold for manual review,discount_pct=0.0; payment_failures=0; device_reuse=1; total_qty=1
O000003212,5,High,Late night order,Hold for manual review,discount_pct=0.0; payment_failures=0; device_reuse=1; total_qty=7
O000003208,5,High,Late night order,Hold for manual review,discount_pct=0.0; payment_failures=0; device_reuse=0; total_qty=8
O000003217,5,High,Late night order,Hold for manual review,discount_pct=0.0; payment_failures=0; device_reuse=1; total_qty=2
O000003190,5,High,Late night order,Hold for manual review,discount_pct=0.0; payment_failures=0; device_reuse=1; total_qty=5
O000003186,5,High,Late night order,Hold for manual review,discount_pct=0.0; payment_failures=0; device_reuse=1; total_qty=6
O000003179,5,High,Late night order,Hold for manual review,discount_pct=0.0; payment_failures=0; device_reuse=1; total_qty=5
O000003176,5,High,Late night order,Hold for manual review,discount_pct=0.0; payment_failures=0; device_reuse=0; total_qty=2
O000003185,5,High,Late night order,Hold for manual review,discount_pct=0.0; payment_failures=0; device_reuse=1; total_qty=1
O000003173,5,High,Late night order,Hold for manual review,discount_pct=0.0; payment_failures=0; device_reuse=1; total_qty=1
O000003161,5,High,Late night order,Hold for manual review,discount_pct=0.0; payment_failures=0; device_reuse=1; total_qty=1
O000003160,5,High,Late night order,Hold for manual review,discount_pct=0.0; payment_failures=0; device_reuse=1; total_qty=5
O000003170,5,High,Late night order,Hold for manual review,discount_pct=0.02; payment_failures=0; device_reuse=1; total_qty=7
O000003162,5,High,Late night order,Hold for manual review,discount_pct=0.0; payment_failures=0; device_reuse=1; total_qty=8
O000003150,5,High,Late night order,Hold for manual review,discount_pct=0.0; payment_failures=0; device_reuse=1; total_qty=3
O000003135,5,High,Late night order,Hold for manual review,discount_pct=0.03; payment_failures=0; device_reuse=1; total_qty=6
O000000836,5,Medium,Late night order,Call verification,discount_pct=0.02; payment_failures=0; device_reuse=1; total_qty=4
O000000830,5,Medium,Late night order,Call verification,discount_pct=0.0; payment_failures=0; device_reuse=1; total_qty=4
O000000831,5,Medium,Late night order,Call verification,discount_pct=0.0; payment_failures=0; device_reuse=1; total_qty=1
O000000847,5,Medium,Late night order,Call verification,discount_pct=0.03; payment_failures=0; device_reuse=1; total_qty=3
O000000833,5,Medium,Late night order,Call verification,discount_pct=0.01; payment_failures=0; device_reuse=1; total_qty=5
O000004625,5,Medium,Late night order,Call verification,discount_pct=0.0; payment_failures=0; device_reuse=1; total_qty=8
O000000820,5,Medium,Late night order,Call verification,discount_pct=0.0; payment_failures=0; device_reuse=1; total_qty=3
O000000849,5,Medium,Late night order,Call verification,discount_pct=0.0; payment_failures=0; device_reuse=1; total_qty=2
O000000829,5,Medium,Late night order,Call verification,discount_pct=0.0; payment_failures=0; device_reuse=1; total_qty=5
O000000848,5,Medium,Late night order,Call verification,discount_pct=0.0; payment_failures=0; device_reuse=1; total_qty=2
O000000843,5,Medium,Late night order,Call verification,discount_pct=0.0; payment_failures=0; device_reuse=0; total_qty=9
O000000840,5,Medium,Late night order,Call verification,discount_pct=0.0; payment_failures=0; device_reuse=1; total_qty=2
O000000816,5,Medium,Late night order,Call verification,discount_pct=0.0; payment_failures=0; device_reuse=1; total_qty=5
O000000844,5,Medium,Late night order,Call verification,discount_pct=0.0; payment_failures=0; device_reuse=1; total_qty=3
O000003142,5,High,Late night order,Hold for manual review,discount_pct=0.0; payment_failures=0; device_reuse=1; total_qty=2
O000003137,5,High,Late night order,Hold for manual review,discount_pct=0.0; payment_failures=0; device_reuse=1; total_qty=7
O000003121,5,High,Late night order,Hold for manual review,discount_pct=0.0; payment_failures=0; device_reuse=1; total_qty=4
O000003114,5,High,Late night order,Hold for manual review,discount_pct=0.0; payment_failures=0; device_reuse=1; total_qty=7
O000003144,5,High,Late night order,Hold for manual review,discount_pct=0.0; payment_failures=0; device_reuse=1; total_qty=5
O000003119,5,High,Late night order,Hold for manual review,discount_pct=0.0; payment_failures=0; device_reuse=1; total_qty=4
O000004156,5,High,Late night order,Hold for manual review,discount_pct=0.0; payment_failures=0; device_reuse=1; total_qty=3
O000004139,5,High,Late night order,Hold for manual review,discount_pct=0.0; payment_failures=0; device_reuse=0; total_qty=4
O000004157,5,High,Late night order,Hold for manual review,discount_pct=0.0; payment_failures=0; device_reuse=1; total_qty=3
O000000281,5,Medium,Late night order,Call verification,discount_pct=0.0; payment_failures=0; device_reuse=1; total_qty=8
O000000289,5,Medium,Late night order,Call verification,discount_pct=0.0; payment_failures=0; device_reuse=0; total_qty=5
O000000270,5,Medium,Late night order,Call verification,discount_pct=0.0; payment_failures=0; device_reuse=1; total_qty=3
O000000273,5,Medium,Late night order,Call verification,discount_pct=0.03; payment_failures=0; device_reuse=1; total_qty=2
O000000278,5,Medium,Late night order,Call verification,discount_pct=0.01; payment_failures=0; device_reuse=1; total_qty=6
O000000279,5,Medium,Late night order,Call verification,discount_pct=0.0; payment_failures=0; device_reuse=1; total_qty=2
O000000267,5,Medium,Late night order,Call verification,discount_pct=0.0; payment_failures=0; device_reuse=1; total_qty=5
O000000275,5,Medium,Late night order,Call verification,discount_pct=0.2; payment_failures=0; device_reuse=1; total_qty=2
O000004122,5,High,Late night order,Hold for manual review,discount_pct=0.0; payment_failures=0; device_reuse=1; total_qty=4
O000003112,5,High,Late night order,Hold for manual review,discount_pct=0.11; payment_failures=0; device_reuse=1; total_qty=3
O000003143,5,High,Late night order,Hold for manual review,discount_pct=0.0; payment_failures=0; device_reuse=1; total_qty=2
O000003130,5,High,Late night order,Hold for manual review,discount_pct=0.0; payment_failures=0; device_reuse=1; total_qty=5
O000003147,5,High,Late night order,Hold for manual review,discount_pct=0.0; payment_failures=0; device_reuse=1; total_qty=7
O000003111,5,High,Late night order,Hold for manual review,discount_pct=0.0; payment_failures=0; device_reuse=1; total_qty=8
O000000868,5,Medium,Late night order,Call verification,discount_pct=0.0; payment_failures=0; device_reuse=1; total_qty=3
O000000861,5,Medium,Late night order,Call verification,discount_pct=0.0; payment_failures=0; device_reuse=1; total_qty=3
O000000875,5,Medium,Late night order,Call verification,discount_pct=0.0; payment_failures=0; device_reuse=1; total_qty=6
O000000837,5,Medium,Late night order,Call verification,discount_pct=0.0; payment_failures=0; device_reuse=1; total_qty=4
O000003108,5,High,Late night order,Hold for manual review,discount_pct=0.0; payment_failures=0; device_reuse=1; total_qty=9
O000003107,5,High,Late night order,Hold for manual review,discount_pct=0.0; payment_failures=0; device_reuse=1; total_qty=6
O000003102,5,High,Late night order,Hold for manual review,discount_pct=0.0; payment_failures=0; device_reuse=1; total_qty=5
O000003092,5,High,Late night order,Hold for manual review,discount_pct=0.0; payment_failures=0; device_reuse=1; total_qty=7
O000003088,5,High,Late night order,Hold for manual review,discount_pct=0.0; payment_failures=0; device_reuse=0; total_qty=5
O000003109,5,High,Late night order,Hold for manual review,discount_pct=0.0; payment_failures=0; device_reuse=1; total_qty=6
O000003095,5,High,Late night order,Hold for manual review,discount_pct=0.0; payment_failures=0; device_reuse=1; total_qty=9
O000003065,5,High,Late night order,Hold for manual review,discount_pct=0.0; payment_failures=0; device_reuse=0; total_qty=3
O000003070,5,High,Late night order,Hold for manual review,discount_pct=0.0; payment_failures=0; device_reuse=1; total_qty=2
O000003087,5,High,Late night order,Hold for manual review,discount_pct=0.0; payment_failures=0; device_reuse=0; total_qty=5
O000003069,5,High,Late night order,Hold for manual review,discount_pct=0.02; payment_failures=0; device_reuse=1; total_qty=9
O000003067,5,High,Late night order,Hold for manual review,discount_pct=0.0; payment_failures=0; device_reuse=1; total_qty=7
O000003082,5,High,Late night order,Hold for manual review,discount_pct=0.0; payment_failures=0; device_reuse=1; total_qty=2
O000003081,5,High,Late night order,Hold for manual review,discount_pct=0.0; payment_failures=0; device_reuse=1; total_qty=6
O000003075,5,High,Late night order,Hold for manual review,discount_pct=0.0; payment_failures=0; device_reuse=1; total_qty=5
O000003050,5,High,Late night order,Hold for manual review,discount_pct=0.0; payment_failures=0; device_reuse=1; total_qty=10
O000003056,5,High,Late night order,Hold for manual review,discount_pct=0.0; payment_failures=0; device_reuse=1; total_qty=2
O000003054,5,High,Late night order,Hold for manual review,discount_pct=0.0; payment_failures=0; device_reuse=1; total_qty=3
O000003045,5,High,Late night order,Hold for manual review,discount_pct=0.0; payment_failures=0; device_reuse=1; total_qty=3
O000003062,5,High,Late night order,Hold for manual review,discount_pct=0.04; payment_failures=0; device_reuse=1; total_qty=6
O000000890,5,Medium,Late night order,Call verification,discount_pct=0.0; payment_failures=0; device_reuse=1; total_qty=1
O000000886,5,Medium,Late night order,Call verification,discount_pct=0.0; payment_failures=0; device_reuse=0; total_qty=3
O000000894,5,Medium,Late night order,Call verification,discount_pct=0.0; payment_failures=0; device_reuse=1; total_qty=1
O000000908,5,Medium,Late night order,Call verification,discount_pct=0.0; payment_failures=0; device_reuse=1; total_qty=6
O000000916,5,Medium,Late night order,Call verification,discount_pct=0.0; payment_failures=0; device_reuse=1; total_qty=2
O000000902,5,Medium,Late night order,Call verification,discount_pct=0.0; payment_failures=0; device_reuse=1; total_qty=3
O000000906,5,Medium,Late night order,Call verification,discount_pct=0.0; payment_failures=0; device_reuse=1; total_qty=5
O000000893,5,Medium,Late night order,Call verification,discount_pct=0.11; payment_failures=0; device_reuse=1; total_qty=1
O000000901,5,Medium,Late night order,Call verification,discount_pct=0.0; payment_failures=0; device_reuse=1; total_qty=6
O000003061,5,High,Late night order,Hold for manual review,discount_pct=0.0; payment_failures=0; device_reuse=1; total_qty=2
O000003063,5,High,Late night order,Hold for manual review,discount_pct=0.0; payment_failures=0; device_reuse=1; total_qty=1
O000003049,5,High,Late night order,Hold for manual review,discount_pct=0.0; payment_failures=0; device_reuse=0; total_qty=2
O000003035,5,High,Late night order,Hold for manual review,discount_pct=0.0; payment_failures=0; device_reuse=1; total_qty=5
O000003034,5,High,Late night order,Hold for manual review,discount_pct=0.0; payment_failures=0; device_reuse=1; total_qty=6
O000003036,5,High,Late night order,Hold for manual review,discount_pct=0.08; payment_failures=0; device_reuse=1; total_qty=2
O000003038,5,High,Late night order,Hold for manual review,discount_pct=0.05; payment_failures=0; device_reuse=1; total_qty=5
O000003031,5,High,Late night order,Hold for manual review,discount_pct=0.04; payment_failures=0; device_reuse=1; total_qty=4
O000003039,5,High,Late night order,Hold for manual review,discount_pct=0.0; payment_failures=0; device_reuse=1; total_qty=1
O000003017,5,High,Late night order,Hold for manual review,discount_pct=0.0; payment_failures=0; device_reuse=1; total_qty=1
O000003001,5,High,Late night order,Hold for manual review,discount_pct=0.0; payment_failures=0; device_reuse=1; total_qty=6
O000003016,5,High,Late night order,Hold for manual review,discount_pct=0.0; payment_failures=0; device_reuse=1; total_qty=5
O000003014,5,High,Late night order,Hold for manual review,discount_pct=0.0; payment_failures=0; device_reuse=1; total_qty=5
O000003013,5,High,Late night order,Hold for manual review,discount_pct=0.0; payment_failures=0; device_reuse=1; total_qty=1
O000003002,5,High,Late night order,Hold for manual review,discount_pct=0.08; payment_failures=0; device_reuse=1; total_qty=5
O000003005,5,High,Late night order,Hold for manual review,discount_pct=0.25; payment_failures=0; device_reuse=1; total_qty=2
O000000920,5,Medium,Late night order,Call verification,discount_pct=0.0; payment_failures=0; device_reuse=1; total_qty=5
O000000928,5,Medium,Late night order,Call verification,discount_pct=0.0; payment_failures=0; device_reuse=1; total_qty=2
O000000921,5,Medium,Late night order,Call verification,discount_pct=0.0; payment_failures=0; device_reuse=1; total_qty=1
O000000936,5,Medium,Late night order,Call verification,discount_pct=0.0; payment_failures=0; device_reuse=1; total_qty=7
O000000910,5,Medium,Late night order,Call verification,discount_pct=0.0; payment_failures=0; device_reuse=1; total_qty=2
O000002995,5,High,Late night order,Hold for manual review,discount_pct=0.0; payment_failures=0; device_reuse=1; total_qty=2
O000002994,5,High,Late night order,Hold for manual review,discount_pct=0.0; payment_failures=0; device_reuse=1; total_qty=1
O000002999,5,High,Late night order,Hold for manual review,discount_pct=0.0; payment_failures=0; device_reuse=1; total_qty=9
O000003000,5,High,Late night order,Hold for manual review,discount_pct=0.02; payment_failures=0; device_reuse=1; total_qty=9
O000002988,5,High,Late night order,Hold for manual review,discount_pct=0.09; payment_failures=0; device_reuse=1; total_qty=2
O000002986,5,High,Late night order,Hold for manual review,discount_pct=0.0; payment_failures=0; device_reuse=1; total_qty=4
O000002985,5,High,Late night order,Hold for manual review,discount_pct=0.0; payment_failures=0; device_reuse=0; total_qty=7
O000000950,5,Medium,Late night order,Call verification,discount_pct=0.0; payment_failures=0; device_reuse=1; total_qty=3
O000000953,5,Medium,Late night order,Call verification,discount_pct=0.0; payment_failures=0; device_reuse=0; total_qty=5
O000002975,5,High,Late night order,Hold for manual review,discount_pct=0.1; payment_failures=0; device_reuse=1; total_qty=5
O000002979,5,High,Late night order,Hold for manual review,discount_pct=0.0; payment_failures=0; device_reuse=1; total_qty=2
O000002970,5,High,Late night order,Hold for manual review,discount_pct=0.0; payment_failures=0; device_reuse=1; total_qty=7
O000002963,5,High,Late night order,Hold for manual review,discount_pct=0.0; payment_failures=0; device_reuse=1; total_qty=4
O000002961,5,High,Late night order,Hold for manual review,discount_pct=0.0; payment_failures=0; device_reuse=1; total_qty=2
O000002974,5,High,Late night order,Hold for manual review,discount_pct=0.0; payment_failures=0; device_reuse=1; total_qty=2
O000004181,5,High,Late night order,Hold for manual review,discount_pct=0.0; payment_failures=0; device_reuse=1; total_qty=4
O000004191,5,High,Late night order,Hold for manual review,discount_pct=0.0; payment_failures=0; device_reuse=1; total_qty=6
O000004180,5,High,Late night order,Hold for manual review,discount_pct=0.0; payment_failures=0; device_reuse=1; total_qty=4
O000004199,5,High,Late night order,Hold for manual review,discount_pct=0.0; payment_failures=0; device_reuse=1; total_qty=4
O000004172,5,High,Late night order,Hold for manual review,discount_pct=0.1; payment_failures=0; device_reuse=1; total_qty=2
O000004173,5,High,Late night order,Hold for manual review,discount_pct=0.0; payment_failures=0; device_reuse=1; total_qty=9
O000004193,5,High,Late night order,Hold for manual review,discount_pct=0.0; payment_failures=0; device_reuse=1; total_qty=6
O000004198,5,High,Late night order,Hold for manual review,discount_pct=0.0; payment_failures=0; device_reuse=0; total_qty=4
O000000255,5,Medium,Late night order,Call verification,discount_pct=0.0; payment_failures=0; device_reuse=1; total_qty=4
O000000242,5,Medium,Late night order,Call verification,discount_pct=0.0; payment_failures=0; device_reuse=1; total_qty=2
O000000243,5,Medium,Late night order,Call verification,discount_pct=0.0; payment_failures=0; device_reuse=1; total_qty=1
O000004145,5,High,Late night order,Hold for manual review,discount_pct=0.06; payment_failures=0; device_reuse=1; total_qty=3
O000004166,5,High,Late night order,Hold for manual review,discount_pct=0.1; payment_failures=0; device_reuse=0; total_qty=3
O000004150,5,High,Late night order,Hold for manual review,discount_pct=0.13; payment_failures=0; device_reuse=0; total_qty=3
O000004148,5,High,Late night order,Hold for manual review,discount_pct=0.0; payment_failures=0; device_reuse=1; total_qty=6
O000002966,5,High,Late night order,Hold for manual review,discount_pct=0.0; payment_failures=0; device_reuse=1; total_qty=7
O000000957,5,Medium,Late night order,Call verification,discount_pct=0.0; payment_failures=0; device_reuse=1; total_qty=6
O000000961,5,Medium,Late night order,Call verification,discount_pct=0.05; payment_failures=0; device_reuse=1; total_qty=7
O000000942,5,Medium,Late night order,Call verification,discount_pct=0.0; payment_failures=0; device_reuse=1; total_qty=4
O000000955,5,Medium,Late night order,Call verification,discount_pct=0.0; payment_failures=0; device_reuse=0; total_qty=3
O000000956,5,Medium,Late night order,Call verification,discount_pct=0.0; payment_failures=0; device_reuse=1; total_qty=6
O000002959,5,High,Late night order,Hold for manual review,discount_pct=0.0; payment_failures=0; device_reuse=0; total_qty=6
O000002945,5,High,Late night order,Hold for manual review,discount_pct=0.0; payment_failures=0; device_reuse=1; total_qty=10
O000002935,5,High,Late night order,Hold for manual review,discount_pct=0.08; payment_failures=0; device_reuse=0; total_qty=1
O000002949,5,High,Late night order,Hold for manual review,discount_pct=0.0; payment_failures=0; device_reuse=1; total_qty=2
O000002937,5,High,Late night order,Hold for manual review,discount_pct=0.0; payment_failures=0; device_reuse=1; total_qty=4
O000002901,5,High,Late night order,Hold for manual review,discount_pct=0.0; payment_failures=0; device_reuse=1; total_qty=2
O000002920,5,High,Late night order,Hold for manual review,discount_pct=0.0; payment_failures=0; device_reuse=1; total_qty=4
O000000978,5,Medium,Late night order,Call verification,discount_pct=0.01; payment_failures=0; device_reuse=1; total_qty=2
O000000981,5,Medium,Late night order,Call verification,discount_pct=0.0; payment_failures=0; device_reuse=1; total_qty=7
O000000975,5,Medium,Late night order,Call verification,discount_pct=0.0; payment_failures=0; device_reuse=1; total_qty=1
O000000968,5,Medium,Late night order,Call verification,discount_pct=0.02; payment_failures=0; device_reuse=1; total_qty=10
O000000977,5,Medium,Late night order,Call verification,discount_pct=0.03; payment_failures=0; device_reuse=1; total_qty=4
O000000982,5,Medium,Late night order,Call verification,discount_pct=0.0; payment_failures=0; device_reuse=0; total_qty=8
O000002902,5,High,Late night order,Hold for manual review,discount_pct=0.0; payment_failures=0; device_reuse=1; total_qty=3
O000002923,5,High,Late night order,Hold for manual review,discount_pct=0.0; payment_failures=0; device_reuse=1; total_qty=3
O000002924,5,High,Late night order,Hold for manual review,discount_pct=0.0; payment_failures=0; device_reuse=1; total_qty=1
O000002906,5,High,Late night order,Hold for manual review,discount_pct=0.01; payment_failures=0; device_reuse=1; total_qty=3
O000002904,5,High,Late night order,Hold for manual review,discount_pct=0.0; payment_failures=0; device_reuse=1; total_qty=7
O000004215,5,High,Late night order,Hold for manual review,discount_pct=0.0; payment_failures=0; device_reuse=1; total_qty=3
O000004211,5,High,Late night order,Hold for manual review,discount_pct=0.0; payment_failures=0; device_reuse=0; total_qty=8
O000000259,5,Medium,Late night order,Call verification,discount_pct=0.0; payment_failures=0; device_reuse=1; total_qty=3
O000000225,5,Medium,Late night order,Call verification,discount_pct=0.0; payment_failures=0; device_reuse=1; total_qty=10
O000000231,5,Medium,Late night order,Call verification,discount_pct=0.0; payment_failures=0; device_reuse=0; total_qty=9
O000000236,5,Medium,Late night order,Call verification,discount_pct=0.0; payment_failures=0; device_reuse=1; total_qty=3
O000004189,5,High,Late night order,Hold for manual review,discount_pct=0.0; payment_failures=0; device_reuse=1; total_qty=7
O000004194,5,High,Late night order,Hold for manual review,discount_pct=0.0; payment_failures=0; device_reuse=1; total_qty=4
O000002911,5,High,Late night order,Hold for manual review,discount_pct=0.0; payment_failures=0; device_reuse=1; total_qty=3
O000002882,5,High,Late night order,Hold for manual review,discount_pct=0.0; payment_failures=0; device_reuse=1; total_qty=3
O000000986,5,Medium,Late night order,Call verification,discount_pct=0.0; payment_failures=0; device_reuse=1; total_qty=4
O000000989,5,Medium,Late night order,Call verification,discount_pct=0.25; payment_failures=0; device_reuse=1; total_qty=5
O000000998,5,Medium,Late night order,Call verification,discount_pct=0.0; payment_failures=0; device_reuse=1; total_qty=9
O000001001,5,Medium,Late night order,Call verification,discount_pct=0.0; payment_failures=0; device_reuse=1; total_qty=6
O000000984,5,Medium,Late night order,Call verification,discount_pct=0.0; payment_failures=0; device_reuse=1; total_qty=5
O000001003,5,Medium,Late night order,Call verification,discount_pct=0.0; payment_failures=0; device_reuse=1; total_qty=4
O000002887,5,High,Late night order,Hold for manual review,discount_pct=0.02; payment_failures=0; device_reuse=1; total_qty=4
O000002883,5,High,Late night order,Hold for manual review,discount_pct=0.0; payment_failures=0; device_reuse=1; total_qty=6
O000002876,5,High,Late night order,Hold for manual review,discount_pct=0.0; payment_failures=0; device_reuse=1; total_qty=3
O000002893,5,High,Late night order,Hold for manual review,discount_pct=0.0; payment_failures=0; device_reuse=1; total_qty=5
O000002874,5,High,Late night order,Hold for manual review,discount_pct=0.0; payment_failures=0; device_reuse=0; total_qty=2
O000002888,5,High,Late night order,Hold for manual review,discount_pct=0.0; payment_failures=0; device_reuse=1; total_qty=6
O000002894,5,High,Late night order,Hold for manual review,discount_pct=0.0; payment_failures=0; device_reuse=1; total_qty=6
O000002884,5,High,Late night order,Hold for manual review,discount_pct=0.0; payment_failures=0; device_reuse=1; total_qty=3
O000002864,5,High,Late night order,Hold for manual review,discount_pct=0.0; payment_failures=0; device_reuse=1; total_qty=6
O000000993,5,Medium,Late night order,Call verification,discount_pct=0.0; payment_failures=0; device_reuse=1; total_qty=5
O000000999,5,Medium,Late night order,Call verification,discount_pct=0.0; payment_failures=0; device_reuse=1; total_qty=8
O000001002,5,Medium,Late night order,Call verification,discount_pct=0.13; payment_failures=0; device_reuse=1; total_qty=6
O000001000,5,Medium,Late night order,Call verification,discount_pct=0.0; payment_failures=0; device_reuse=1; total_qty=6
O000002854,5,High,Late night order,Hold for manual review,discount_pct=0.0; payment_failures=0; device_reuse=1; total_qty=9
O000002853,5,High,Late night order,Hold for manual review,discount_pct=0.0; payment_failures=0; device_reuse=1; total_qty=3
O000001011,5,Medium,Late night order,Call verification,discount_pct=0.0; payment_failures=0; device_reuse=1; total_qty=4
O000001020,5,Medium,Late night order,Call verification,discount_pct=0.0; payment_failures=0; device_reuse=1; total_qty=1
O000001032,5,Medium,Late night order,Call verification,discount_pct=0.0; payment_failures=0; device_reuse=1; total_qty=3
O000001029,5,Medium,Late night order,Call verification,discount_pct=0.0; payment_failures=0; device_reuse=1; total_qty=8
O000001033,5,Medium,Late night order,Call verification,discount_pct=0.0; payment_failures=0; device_reuse=1; total_qty=1
O000001023,5,Medium,Late night order,Call verification,discount_pct=0.0; payment_failures=0; device_reuse=1; total_qty=2
O000001027,5,Medium,Late night order,Call verification,discount_pct=0.0; payment_failures=0; device_reuse=1; total_qty=3
O000001007,5,Medium,Late night order,Call verification,discount_pct=0.0; payment_failures=0; device_reuse=1; total_qty=2
O000001008,5,Medium,Late night order,Call verification,discount_pct=0.0; payment_failures=0; device_reuse=1; total_qty=2
O000002871,5,High,Late night order,Hold for manual review,discount_pct=0.0; payment_failures=0; device_reuse=1; total_qty=3
O000004274,5,High,Late night order,Hold for manual review,discount_pct=0.0; payment_failures=0; device_reuse=1; total_qty=3
O000004254,5,High,Late night order,Hold for manual review,discount_pct=0.22; payment_failures=0; device_reuse=1; total_qty=4
O000004268,5,High,Late night order,Hold for manual review,discount_pct=0.0; payment_failures=0; device_reuse=0; total_qty=6
O000004261,5,High,Late night order,Hold for manual review,discount_pct=0.0; payment_failures=0; device_reuse=1; total_qty=7
O000004248,5,High,Late night order,Hold for manual review,discount_pct=0.01; payment_failures=0; device_reuse=1; total_qty=5
O000004263,5,High,Late night order,Hold for manual review,discount_pct=0.22; payment_failures=0; device_reuse=1; total_qty=1
O000004272,5,High,Late night order,Hold for manual review,discount_pct=0.0; payment_failures=0; device_reuse=1; total_qty=4
O000004221,5,High,Late night order,Hold for manual review,discount_pct=0.0; payment_failures=0; device_reuse=1; total_qty=6
O000000224,5,Medium,Late night order,Call verification,discount_pct=0.0; payment_failures=0; device_reuse=1; total_qty=4
O000000217,5,Medium,Late night order,Call verification,discount_pct=0.0; payment_failures=0; device_reuse=1; total_qty=4
O000000223,5,Medium,Late night order,Call verification,discount_pct=0.0; payment_failures=0; device_reuse=1; total_qty=5
O000004233,5,High,Late night order,Hold for manual review,discount_pct=0.0; payment_failures=0; device_reuse=1; total_qty=7
O000004232,5,High,Late night order,Hold for manual review,discount_pct=0.0; payment_failures=0; device_reuse=1; total_qty=1
O000002843,5,High,Late night order,Hold for manual review,discount_pct=0.0; payment_failures=0; device_reuse=1; total_qty=4
O000002851,5,High,Late night order,Hold for manual review,discount_pct=0.0; payment_failures=0; device_reuse=0; total_qty=5
O000002835,5,High,Late night order,Hold for manual review,discount_pct=0.0; payment_failures=0; device_reuse=1; total_qty=3
O000001049,5,Medium,Late night order,Call verification,discount_pct=0.18; payment_failures=0; device_reuse=0; total_qty=1
O000001043,5,Medium,Late night order,Call verification,discount_pct=0.0; payment_failures=0; device_reuse=1; total_qty=6
O000002849,5,High,Late night order,Hold for manual review,discount_pct=0.06; payment_failures=0; device_reuse=0; total_qty=3
O000002847,5,Medium,Late night order,Call verification,discount_pct=0.0; payment_failures=0; device_reuse=1; total_qty=4
O000002844,5,Medium,Late night order,Call verification,discount_pct=0.0; payment_failures=0; device_reuse=1; total_qty=2
O000002841,5,Medium,Late night order,Call verification,discount_pct=0.0; payment_failures=0; device_reuse=1; total_qty=6
O000002848,5,Medium,Late night order,Call verification,discount_pct=0.0; payment_failures=0; device_reuse=1; total_qty=8
O000002831,5,Medium,Late night order,Call verification,discount_pct=0.0; payment_failures=0; device_reuse=0; total_qty=8
O000002826,5,Medium,Late night order,Call verification,discount_pct=0.0; payment_failures=0; device_reuse=1; total_qty=3
O000002830,5,Medium,Late night order,Call verification,discount_pct=0.01; payment_failures=0; device_reuse=1; total_qty=6
O000002821,5,Medium,Late night order,Call verification,discount_pct=0.0; payment_failures=0; device_reuse=1; total_qty=4
O000001058,5,Medium,Late night order,Call verification,discount_pct=0.0; payment_failures=0; device_reuse=1; total_qty=3
O000001055,5,Medium,Late night order,Call verification,discount_pct=0.0; payment_failures=0; device_reuse=1; total_qty=1
O000001042,5,Medium,Late night order,Call verification,discount_pct=0.08; payment_failures=0; device_reuse=1; total_qty=3
O000001059,5,Medium,Late night order,Call verification,discount_pct=0.04; payment_failures=0; device_reuse=1; total_qty=2
O000002788,5,Medium,Late night order,Call verification,discount_pct=0.0; payment_failures=0; device_reuse=1; total_qty=3
O000002786,5,Medium,Late night order,Call verification,discount_pct=0.0; payment_failures=0; device_reuse=1; total_qty=3
O000002805,5,Medium,Late night order,Call verification,discount_pct=0.0; payment_failures=0; device_reuse=1; total_qty=3
O000002790,5,Medium,Late night order,Call verification,discount_pct=0.0; payment_failures=0; device_reuse=1; total_qty=7
O000002807,5,Medium,Late night order,Call verification,discount_pct=0.0; payment_failures=0; device_reuse=1; total_qty=5
O000002792,5,Medium,Late night order,Call verification,discount_pct=0.0; payment_failures=0; device_reuse=0; total_qty=2
O000002796,5,Medium,Late night order,Call verification,discount_pct=0.0; payment_failures=0; device_reuse=1; total_qty=2
O000001068,5,Medium,Late night order,Call verification,discount_pct=0.06; payment_failures=0; device_reuse=1; total_qty=5
O000001080,5,Medium,Late night order,Call verification,discount_pct=0.0; payment_failures=0; device_reuse=0; total_qty=9
O000001089,5,Medium,Late night order,Call verification,discount_pct=0.0; payment_failures=0; device_reuse=1; total_qty=2
O000001076,5,Medium,Late night order,Call verification,discount_pct=0.0; payment_failures=0; device_reuse=1; total_qty=6
O000001087,5,Medium,Late night order,Call verification,discount_pct=0.0; payment_failures=0; device_reuse=1; total_qty=5
O000001088,5,Medium,Late night order,Call verification,discount_pct=0.0; payment_failures=0; device_reuse=1; total_qty=3
O000001036,5,Medium,Late night order,Call verification,discount_pct=0.0; payment_failures=0; device_reuse=1; total_qty=5
O000002793,5,Medium,Late night order,Call verification,discount_pct=0.0; payment_failures=0; device_reuse=1; total_qty=3
O000002804,5,Medium,Late night order,Call verification,discount_pct=0.0; payment_failures=0; device_reuse=1; total_qty=5
O000002813,5,Medium,Late night order,Call verification,discount_pct=0.0; payment_failures=0; device_reuse=1; total_qty=5
O000002811,5,Medium,Late night order,Call verification,discount_pct=0.0; payment_failures=0; device_reuse=1; total_qty=1
O000002785,5,Medium,Late night order,Call verification,discount_pct=0.0; payment_failures=0; device_reuse=1; total_qty=8
O000002757,5,Medium,Late night order,Call verification,discount_pct=0.03; payment_failures=0; device_reuse=1; total_qty=6
O000002768,5,Medium,Late night order,Call verification,discount_pct=0.0; payment_failures=0; device_reuse=0; total_qty=6
O000002765,5,Medium,Late night order,Call verification,discount_pct=0.0; payment_failures=0; device_reuse=1; total_qty=3
O000002761,5,Medium,Late night order,Call verification,discount_pct=0.1; payment_failures=0; device_reuse=0; total_qty=2
O000002775,5,Medium,Late night order,Call verification,discount_pct=0.0; payment_failures=0; device_reuse=1; total_qty=4
O000002764,5,Medium,Late night order,Call verification,discount_pct=0.0; payment_failures=0; device_reuse=1; total_qty=3
O000002758,5,Medium,Late night order,Call verification,discount_pct=0.0; payment_failures=0; device_reuse=0; total_qty=8
O000001765,5,Medium,Late night order,Call verification,discount_pct=0.03; payment_failures=0; device_reuse=0; total_qty=3
O000001741,5,Medium,Late night order,Call verification,discount_pct=0.0; payment_failures=0; device_reuse=1; total_qty=3
O000001090,5,Medium,Late night order,Call verification,discount_pct=0.0; payment_failures=0; device_reuse=0; total_qty=1
O000001085,5,Medium,Late night order,Call verification,discount_pct=0.02; payment_failures=0; device_reuse=1; total_qty=3
O000001069,5,Medium,Late night order,Call verification,discount_pct=0.0; payment_failures=0; device_reuse=0; total_qty=2
O000001065,5,Medium,Late night order,Call verification,discount_pct=0.06; payment_failures=0; device_reuse=1; total_qty=2
O000002778,5,Medium,Late night order,Call verification,discount_pct=0.03; payment_failures=0; device_reuse=0; total_qty=7
O000002783,5,Medium,Late night order,Call verification,discount_pct=0.0; payment_failures=0; device_reuse=1; total_qty=1
O000002779,5,Medium,Late night order,Call verification,discount_pct=0.0; payment_failures=0; device_reuse=1; total_qty=5
O000002756,5,Medium,Late night order,Call verification,discount_pct=0.0; payment_failures=0; device_reuse=1; total_qty=2
O000002753,5,Medium,Late night order,Call verification,discount_pct=0.0; payment_failures=0; device_reuse=1; total_qty=3
O000002784,5,Medium,Late night order,Call verification,discount_pct=0.0; payment_failures=0; device_reuse=0; total_qty=2
O000002751,5,Medium,Late night order,Call verification,discount_pct=0.0; payment_failures=0; device_reuse=1; total_qty=5
O000001098,5,Medium,Late night order,Call verification,discount_pct=0.0; payment_failures=0; device_reuse=1; total_qty=2
O000001109,5,Medium,Late night order,Call verification,discount_pct=0.0; payment_failures=0; device_reuse=1; total_qty=9
O000001097,5,Medium,Late night order,Call verification,discount_pct=0.0; payment_failures=0; device_reuse=0; total_qty=4
O000001096,5,Medium,Late night order,Call verification,discount_pct=0.0; payment_failures=0; device_reuse=1; total_qty=2
O000001102,5,Medium,Late night order,Call verification,discount_pct=0.0; payment_failures=0; device_reuse=1; total_qty=1
O000001075,5,Medium,Late night order,Call verification,discount_pct=0.0; payment_failures=0; device_reuse=0; total_qty=2
O000002748,5,Medium,Late night order,Call verification,discount_pct=0.08; payment_failures=0; device_reuse=1; total_qty=2
O000002741,5,Medium,Late night order,Call verification,discount_pct=0.09; payment_failures=0; device_reuse=1; total_qty=6
O000004301,5,High,Late night order,Hold for manual review,discount_pct=0.0; payment_failures=0; device_reuse=1; total_qty=6
O000004288,5,High,Late night order,Hold for manual review,discount_pct=0.0; payment_failures=0; device_reuse=0; total_qty=5
O000004299,5,High,Late night order,Hold for manual review,discount_pct=0.0; payment_failures=0; device_reuse=1; total_qty=6
O000004289,5,High,Late night order,Hold for manual review,discount_pct=0.01; payment_failures=0; device_reuse=1; total_qty=3
O000004294,5,High,Late night order,Hold for manual review,discount_pct=0.02; payment_failures=0; device_reuse=1; total_qty=2
O000004297,5,High,Late night order,Hold for manual review,discount_pct=0.0; payment_failures=0; device_reuse=1; total_qty=8
O000004278,5,High,Late night order,Hold for manual review,discount_pct=0.0; payment_failures=0; device_reuse=1; total_qty=3
O000004302,5,High,Late night order,Hold for manual review,discount_pct=0.0; payment_failures=0; device_reuse=0; total_qty=5
O000004291,5,High,Late night order,Hold for manual review,discount_pct=0.0; payment_failures=0; device_reuse=0; total_qty=10
O000004260,5,High,Late night order,Hold for manual review,discount_pct=0.0; payment_failures=0; device_reuse=1; total_qty=3
O000000212,5,Medium,Late night order,Call verification,discount_pct=0.0; payment_failures=0; device_reuse=0; total_qty=4
O000000204,5,Medium,Late night order,Call verification,discount_pct=0.0; payment_failures=0; device_reuse=1; total_qty=6
O000004583,5,High,Late night order,Hold for manual review,discount_pct=0.0; payment_failures=0; device_reuse=1; total_qty=2
O000004276,5,High,Late night order,Hold for manual review,discount_pct=0.0; payment_failures=0; device_reuse=1; total_qty=8
O000002734,5,Medium,Late night order,Call verification,discount_pct=0.01; payment_failures=0; device_reuse=1; total_qty=9
O000001758,5,Medium,Late night order,Call verification,discount_pct=0.0; payment_failures=0; device_reuse=1; total_qty=8
O000002739,5,Medium,Late night order,Call verification,discount_pct=0.0; payment_failures=0; device_reuse=1; total_qty=3
O000002727,5,Medium,Late night order,Call verification,discount_pct=0.19; payment_failures=0; device_reuse=1; total_qty=6
O000002723,5,Medium,Late night order,Call verification,discount_pct=0.0; payment_failures=0; device_reuse=1; total_qty=3
O000002720,5,Medium,Late night order,Call verification,discount_pct=0.02; payment_failures=0; device_reuse=1; total_qty=3
O000002717,5,Medium,Late night order,Call verification,discount_pct=0.0; payment_failures=0; device_reuse=1; total_qty=9
O000002719,5,Medium,Late night order,Call verification,discount_pct=0.0; payment_failures=0; device_reuse=1; total_qty=8
O000002725,5,Medium,Late night order,Call verification,discount_pct=0.0; payment_failures=0; device_reuse=1; total_qty=3
O000002688,5,Medium,Late night order,Call verification,discount_pct=0.0; payment_failures=0; device_reuse=1; total_qty=3
O000002696,5,Medium,Late night order,Call verification,discount_pct=0.0; payment_failures=0; device_reuse=1; total_qty=8
O000001759,5,Medium,Late night order,Call verification,discount_pct=0.0; payment_failures=0; device_reuse=0; total_qty=6
O000002705,5,Medium,Late night order,Call verification,discount_pct=0.0; payment_failures=0; device_reuse=1; total_qty=1
O000002702,5,Medium,Late night order,Call verification,discount_pct=0.0; payment_failures=0; device_reuse=0; total_qty=6
O000002701,5,Medium,Late night order,Call verification,discount_pct=0.0; payment_failures=0; device_reuse=1; total_qty=7
O000002697,5,Medium,Late night order,Call verification,discount_pct=0.07; payment_failures=0; device_reuse=1; total_qty=5
O000002683,5,Medium,Late night order,Call verification,discount_pct=0.0; payment_failures=0; device_reuse=1; total_qty=1
O000001768,5,Medium,Late night order,Call verification,discount_pct=0.0; payment_failures=0; device_reuse=1; total_qty=4
O000001124,5,Medium,Late night order,Call verification,discount_pct=0.0; payment_failures=0; device_reuse=1; total_qty=3
O000001145,5,Medium,Late night order,Call verification,discount_pct=0.0; payment_failures=0; device_reuse=1; total_qty=9
O000001143,5,Medium,Late night order,Call verification,discount_pct=0.0; payment_failures=0; device_reuse=1; total_qty=2
O000001121,5,Medium,Late night order,Call verification,discount_pct=0.0; payment_failures=0; device_reuse=1; total_qty=2
O000001129,5,Medium,Late night order,Call verification,discount_pct=0.0; payment_failures=0; device_reuse=0; total_qty=5
O000001131,5,Medium,Late night order,Call verification,discount_pct=0.0; payment_failures=0; device_reuse=1; total_qty=6
O000001137,5,Medium,Late night order,Call verification,discount_pct=0.0; payment_failures=0; device_reuse=1; total_qty=4
O000001767,5,Medium,Late night order,Call verification,discount_pct=0.0; payment_failures=0; device_reuse=1; total_qty=4
O000002680,5,Medium,Late night order,Call verification,discount_pct=0.0; payment_failures=0; device_reuse=1; total_qty=8
O000002668,5,Medium,Late night order,Call verification,discount_pct=0.0; payment_failures=0; device_reuse=1; total_qty=4
O000002667,5,Medium,Late night order,Call verification,discount_pct=0.0; payment_failures=0; device_reuse=1; total_qty=6
O000002673,5,Medium,Late night order,Call verification,discount_pct=0.0; payment_failures=0; device_reuse=1; total_qty=3
O000002686,5,Medium,Late night order,Call verification,discount_pct=0.0; payment_failures=0; device_reuse=1; total_qty=1
O000002648,5,Medium,Late night order,Call verification,discount_pct=0.0; payment_failures=0; device_reuse=0; total_qty=2
O000004306,5,High,Late night order,Hold for manual review,discount_pct=0.0; payment_failures=0; device_reuse=1; total_qty=10
O000004315,5,High,Late night order,Hold for manual review,discount_pct=0.03; payment_failures=0; device_reuse=1; total_qty=7
O000004325,5,High,Late night order,Hold for manual review,discount_pct=0.0; payment_failures=0; device_reuse=1; total_qty=1
O000004309,5,High,Late night order,Hold for manual review,discount_pct=0.26; payment_failures=0; device_reuse=1; total_qty=2
O000000215,5,Medium,Late night order,Call verification,discount_pct=0.02; payment_failures=0; device_reuse=0; total_qty=5
O000000193,5,Medium,Late night order,Call verification,discount_pct=0.0; payment_failures=0; device_reuse=1; total_qty=7
O000000198,5,Medium,Late night order,Call verification,discount_pct=0.1; payment_failures=0; device_reuse=1; total_qty=6
O000000200,5,Medium,Late night order,Call verification,discount_pct=0.0; payment_failures=0; device_reuse=0; total_qty=3
O000000190,5,Medium,Late night order,Call verification,discount_pct=0.0; payment_failures=0; device_reuse=1; total_qty=2
O000000182,5,Medium,Late night order,Call verification,discount_pct=0.0; payment_failures=0; device_reuse=1; total_qty=6
O000004308,5,High,Late night order,Hold for manual review,discount_pct=0.0; payment_failures=0; device_reuse=1; total_qty=4
O000004310,5,High,Late night order,Hold for manual review,discount_pct=0.0; payment_failures=0; device_reuse=1; total_qty=5
O000004282,5,High,Late night order,Hold for manual review,discount_pct=0.0; payment_failures=0; device_reuse=1; total_qty=8
O000004280,5,High,Late night order,Hold for manual review,discount_pct=0.0; payment_failures=0; device_reuse=0; total_qty=6
O000004281,5,High,Late night order,Hold for manual review,discount_pct=0.0; payment_failures=0; device_reuse=1; total_qty=5
O000002653,5,Medium,Late night order,Call verification,discount_pct=0.0; payment_failures=0; device_reuse=1; total_qty=6
O000004596,5,High,Late night order,Hold for manual review,discount_pct=0.08; payment_failures=0; device_reuse=1; total_qty=5
O000002644,5,Medium,Late night order,Call verification,discount_pct=0.0; payment_failures=0; device_reuse=1; total_qty=4
O000002652,5,Medium,Late night order,Call verification,discount_pct=0.0; payment_failures=0; device_reuse=1; total_qty=3
O000002656,5,Medium,Late night order,Call verification,discount_pct=0.0; payment_failures=0; device_reuse=1; total_qty=6
O000002650,5,Medium,Late night order,Call verification,discount_pct=0.12; payment_failures=0; device_reuse=1; total_qty=3
O000002643,5,Medium,Late night order,Call verification,discount_pct=0.01; payment_failures=0; device_reuse=1; total_qty=7
O000002641,5,Medium,Late night order,Call verification,discount_pct=0.0; payment_failures=0; device_reuse=1; total_qty=4
O000002636,5,Medium,Late night order,Call verification,discount_pct=0.0; payment_failures=0; device_reuse=1; total_qty=3
O000004586,5,High,Late night order,Hold for manual review,discount_pct=0.0; payment_failures=0; device_reuse=1; total_qty=9
O000004608,5,High,Late night order,Hold for manual review,discount_pct=0.0; payment_failures=0; device_reuse=1; total_qty=1
O000001164,5,Medium,Late night order,Call verification,discount_pct=0.0; payment_failures=0; device_reuse=1; total_qty=4
O000002635,5,Medium,Late night order,Call verification,discount_pct=0.1; payment_failures=0; device_reuse=1; total_qty=4
O000002633,5,Medium,Late night order,Call verification,discount_pct=0.0; payment_failures=0; device_reuse=1; total_qty=7
O000002631,5,Medium,Late night order,Call verification,discount_pct=0.0; payment_failures=0; device_reuse=1; total_qty=2
O000002621,5,Medium,Late night order,Call verification,discount_pct=0.0; payment_failures=0; device_reuse=1; total_qty=4
O000002622,5,Medium,Late night order,Call verification,discount_pct=0.0; payment_failures=0; device_reuse=1; total_qty=2
O000002619,5,Medium,Late night order,Call verification,discount_pct=0.0; payment_failures=0; device_reuse=1; total_qty=4
O000002624,5,Medium,Late night order,Call verification,discount_pct=0.0; payment_failures=0; device_reuse=1; total_qty=4
O000002610,5,Medium,Late night order,Call verification,discount_pct=0.06; payment_failures=0; device_reuse=1; total_qty=9
O000001194,5,Medium,Late night order,Call verification,discount_pct=0.0; payment_failures=0; device_reuse=1; total_qty=9
O000001175,5,Medium,Late night order,Call verification,discount_pct=0.14; payment_failures=0; device_reuse=1; total_qty=4
O000001185,5,Medium,Late night order,Call verification,discount_pct=0.0; payment_failures=0; device_reuse=1; total_qty=6
O000001176,5,Medium,Late night order,Call verification,discount_pct=0.0; payment_failures=0; device_reuse=0; total_qty=9
O000001188,5,Medium,Late night order,Call verification,discount_pct=0.0; payment_failures=0; device_reuse=1; total_qty=4
O000001182,5,Medium,Late night order,Call verification,discount_pct=0.0; payment_failures=0; device_reuse=1; total_qty=10
O000001178,5,Medium,Late night order,Call verification,discount_pct=0.0; payment_failures=0; device_reuse=1; total_qty=4
O000001183,5,Medium,Late night order,Call verification,discount_pct=0.0; payment_failures=0; device_reuse=1; total_qty=2
O000001172,5,Medium,Late night order,Call verification,discount_pct=0.0; payment_failures=0; device_reuse=1; total_qty=1
O000001159,5,Medium,Late night order,Call verification,discount_pct=0.0; payment_failures=0; device_reuse=1; total_qty=3
O000001216,5,Medium,Late night order,Call verification,discount_pct=0.12; payment_failures=0; device_reuse=1; total_qty=3
O000001224,5,Medium,Late night order,Call verification,discount_pct=0.0; payment_failures=0; device_reuse=1; total_qty=3
O000002600,5,Medium,Late night order,Call verification,discount_pct=0.0; payment_failures=0; device_reuse=1; total_qty=3
O000002604,5,Medium,Late night order,Call verification,discount_pct=0.0; payment_failures=0; device_reuse=1; total_qty=3
O000002594,5,Medium,Late night order,Call verification,discount_pct=0.0; payment_failures=0; device_reuse=1; total_qty=2
O000004358,5,High,Late night order,Hold for manual review,discount_pct=0.0; payment_failures=0; device_reuse=1; total_qty=1
O000004331,5,High,Late night order,Hold for manual review,discount_pct=0.02; payment_failures=0; device_reuse=1; total_qty=8
O000004330,5,High,Late night order,Hold for manual review,discount_pct=0.07; payment_failures=0; device_reuse=1; total_qty=1
O000004335,5,High,Late night order,Hold for manual review,discount_pct=0.0; payment_failures=0; device_reuse=1; total_qty=6
O000004328,5,High,Late night order,Hold for manual review,discount_pct=0.0; payment_failures=0; device_reuse=1; total_qty=5
O000004305,5,High,Late night order,Hold for manual review,discount_pct=0.0; payment_failures=0; device_reuse=1; total_qty=9
O000004318,5,High,Late night order,Hold for manual review,discount_pct=0.0; payment_failures=0; device_reuse=0; total_qty=4
O000000187,5,Medium,Late night order,Call verification,discount_pct=0.09; payment_failures=0; device_reuse=1; total_qty=4
O000000188,5,Medium,Late night order,Call verification,discount_pct=0.06; payment_failures=0; device_reuse=1; total_qty=4
O000000173,5,Medium,Late night order,Call verification,discount_pct=0.0; payment_failures=0; device_reuse=1; total_qty=3
O000000175,5,Medium,Late night order,Call verification,discount_pct=0.0; payment_failures=0; device_reuse=1; total_qty=6
O000000159,5,Medium,Late night order,Call verification,discount_pct=0.0; payment_failures=0; device_reuse=0; total_qty=4
O000002573,5,Medium,Late night order,Call verification,discount_pct=0.0; payment_failures=0; device_reuse=1; total_qty=3
O000002583,5,Medium,Late night order,Call verification,discount_pct=0.0; payment_failures=0; device_reuse=1; total_qty=1
O000002589,5,Medium,Late night order,Call verification,discount_pct=0.0; payment_failures=0; device_reuse=1; total_qty=1
O000002585,5,Medium,Late night order,Call verification,discount_pct=0.0; payment_failures=0; device_reuse=1; total_qty=2
O000001200,5,Medium,Late night order,Call verification,discount_pct=0.01; payment_failures=0; device_reuse=1; total_qty=6
O000001223,5,Medium,Late night order,Call verification,discount_pct=0.0; payment_failures=0; device_reuse=0; total_qty=1
O000001210,5,Medium,Late night order,Call verification,discount_pct=0.0; payment_failures=0; device_reuse=1; total_qty=2
O000001212,5,Medium,Late night order,Call verification,discount_pct=0.0; payment_failures=0; device_reuse=0; total_qty=4
O000001201,5,Medium,Late night order,Call verification,discount_pct=0.0; payment_failures=0; device_reuse=1; total_qty=1
O000002568,5,Medium,Late night order,Call verification,discount_pct=0.0; payment_failures=0; device_reuse=1; total_qty=4
O000002559,5,Medium,Late night order,Call verification,discount_pct=0.0; payment_failures=0; device_reuse=1; total_qty=6
O000002561,5,Medium,Late night order,Call verification,discount_pct=0.0; payment_failures=0; device_reuse=1; total_qty=7
O000002549,5,Medium,Late night order,Call verification,discount_pct=0.0; payment_failures=0; device_reuse=1; total_qty=6
O000002550,5,Medium,Late night order,Call verification,discount_pct=0.0; payment_failures=0; device_reuse=1; total_qty=9
O000002553,5,Medium,Late night order,Call verification,discount_pct=0.0; payment_failures=0; device_reuse=1; total_qty=5
O000002546,5,Medium,Late night order,Call verification,discount_pct=0.06; payment_failures=0; device_reuse=1; total_qty=5
O000002551,5,Medium,Late night order,Call verification,discount_pct=0.0; payment_failures=0; device_reuse=1; total_qty=9
O000002544,5,Medium,Late night order,Call verification,discount_pct=0.05; payment_failures=0; device_reuse=1; total_qty=1
O000002556,5,Medium,Late night order,Call verification,discount_pct=0.0; payment_failures=0; device_reuse=1; total_qty=5
O000002538,5,Medium,Late night order,Call verification,discount_pct=0.04; payment_failures=0; device_reuse=0; total_qty=4
O000001236,5,Medium,Late night order,Call verification,discount_pct=0.01; payment_failures=0; device_reuse=1; total_qty=5
O000001231,5,Medium,Late night order,Call verification,discount_pct=0.0; payment_failures=0; device_reuse=1; total_qty=3
O000001241,5,Medium,Late night order,Call verification,discount_pct=0.03; payment_failures=0; device_reuse=1; total_qty=5
O000002542,5,Medium,Late night order,Call verification,discount_pct=0.12; payment_failures=0; device_reuse=1; total_qty=2
O000002527,5,Medium,Late night order,Call verification,discount_pct=0.0; payment_failures=0; device_reuse=1; total_qty=3
O000002531,5,Medium,Late night order,Call verification,discount_pct=0.0; payment_failures=0; device_reuse=1; total_qty=3
O000002536,5,Medium,Late night order,Call verification,discount_pct=0.03; payment_failures=0; device_reuse=1; total_qty=3
O000002533,5,Medium,Late night order,Call verification,discount_pct=0.0; payment_failures=0; device_reuse=1; total_qty=3
O000002509,5,Medium,Late night order,Call verification,discount_pct=0.0; payment_failures=0; device_reuse=1; total_qty=3
O000002514,5,Medium,Late night order,Call verification,discount_pct=0.0; payment_failures=0; device_reuse=0; total_qty=1
O000001249,5,Medium,Late night order,Call verification,discount_pct=0.0; payment_failures=0; device_reuse=1; total_qty=3
O000001244,5,Medium,Late night order,Call verification,discount_pct=0.0; payment_failures=0; device_reuse=1; total_qty=4
O000001246,5,Medium,Late night order,Call verification,discount_pct=0.0; payment_failures=0; device_reuse=1; total_qty=1
O000001255,5,Medium,Late night order,Call verification,discount_pct=0.0; payment_failures=0; device_reuse=1; total_qty=2
O000002506,5,Medium,Late night order,Call verification,discount_pct=0.0; payment_failures=0; device_reuse=1; total_qty=5
O000002501,5,Medium,Late night order,Call verification,discount_pct=0.01; payment_failures=0; device_reuse=1; total_qty=6
O000002499,5,Medium,Late night order,Call verification,discount_pct=0.0; payment_failures=0; device_reuse=1; total_qty=8
O000004368,5,High,Late night order,Hold for manual review,discount_pct=0.0; payment_failures=0; device_reuse=1; total_qty=5
O000004361,5,High,Late night order,Hold for manual review,discount_pct=0.0; payment_failures=0; device_reuse=1; total_qty=9
O000004360,5,High,Late night order,Hold for manual review,discount_pct=0.16; payment_failures=0; device_reuse=1; total_qty=6
O000004367,5,High,Late night order,Hold for manual review,discount_pct=0.0; payment_failures=0; device_reuse=1; total_qty=6
O000000160,5,Medium,Late night order,Call verification,discount_pct=0.0; payment_failures=0; device_reuse=1; total_qty=2
O000000166,5,Medium,Late night order,Call verification,discount_pct=0.0; payment_failures=0; device_reuse=0; total_qty=4
O000004338,5,High,Late night order,Hold for manual review,discount_pct=0.0; payment_failures=0; device_reuse=1; total_qty=3
O000004337,5,High,Late night order,Hold for manual review,discount_pct=0.0; payment_failures=0; device_reuse=1; total_qty=4
O000004349,5,High,Late night order,Hold for manual review,discount_pct=0.0; payment_failures=0; device_reuse=1; total_qty=3
O000004346,5,High,Late night order,Hold for manual review,discount_pct=0.0; payment_failures=0; device_reuse=1; total_qty=4
O000002507,5,Medium,Late night order,Call verification,discount_pct=0.0; payment_failures=0; device_reuse=0; total_qty=4
O000002519,5,Medium,Late night order,Call verification,discount_pct=0.0; payment_failures=0; device_reuse=1; total_qty=1
O000002464,5,Medium,Late night order,Call verification,discount_pct=0.0; payment_failures=0; device_reuse=1; total_qty=2
O000002479,5,Medium,Late night order,Call verification,discount_pct=0.0; payment_failures=0; device_reuse=1; total_qty=4
O000002480,5,Medium,Late night order,Call verification,discount_pct=0.0; payment_failures=0; device_reuse=1; total_qty=1
O000002465,5,Medium,Late night order,Call verification,discount_pct=0.0; payment_failures=0; device_reuse=1; total_qty=4
O000002483,5,Medium,Late night order,Call verification,discount_pct=0.0; payment_failures=0; device_reuse=1; total_qty=2
O000002470,5,Medium,Late night order,Call verification,discount_pct=0.0; payment_failures=0; device_reuse=1; total_qty=7
O000002467,5,Medium,Late night order,Call verification,discount_pct=0.0; payment_failures=0; device_reuse=1; total_qty=3
O000002487,5,Medium,Late night order,Call verification,discount_pct=0.07; payment_failures=0; device_reuse=1; total_qty=2
O000002475,5,Medium,Late night order,Call verification,discount_pct=0.0; payment_failures=0; device_reuse=0; total_qty=6
O000002456,5,Medium,Late night order,Call verification,discount_pct=0.0; payment_failures=0; device_reuse=1; total_qty=6
O000002435,5,Medium,Late night order,Call verification,discount_pct=0.0; payment_failures=0; device_reuse=1; total_qty=1
O000002458,5,Medium,Late night order,Call verification,discount_pct=0.0; payment_failures=0; device_reuse=1; total_qty=4
O000002428,5,Medium,Late night order,Call verification,discount_pct=0.0; payment_failures=0; device_reuse=0; total_qty=2
O000002453,5,Medium,Late night order,Call verification,discount_pct=0.0; payment_failures=0; device_reuse=1; total_qty=3
O000002445,5,Medium,Late night order,Call verification,discount_pct=0.0; payment_failures=0; device_reuse=1; total_qty=1
O000002441,5,Medium,Late night order,Call verification,discount_pct=0.0; payment_failures=0; device_reuse=1; total_qty=6
O000002430,5,Medium,Late night order,Call verification,discount_pct=0.0; payment_failures=0; device_reuse=1; total_qty=7
O000001280,5,Medium,Late night order,Call verification,discount_pct=0.0; payment_failures=0; device_reuse=1; total_qty=6
O000001273,5,Medium,Late night order,Call verification,discount_pct=0.0; payment_failures=0; device_reuse=1; total_qty=5
O000001276,5,Medium,Late night order,Call verification,discount_pct=0.0; payment_failures=0; device_reuse=1; total_qty=5
O000001281,5,Medium,Late night order,Call verification,discount_pct=0.02; payment_failures=0; device_reuse=1; total_qty=7
O000001271,5,Medium,Late night order,Call verification,discount_pct=0.0; payment_failures=0; device_reuse=1; total_qty=6
O000001267,5,Medium,Late night order,Call verification,discount_pct=0.0; payment_failures=0; device_reuse=0; total_qty=3
O000001270,5,Medium,Late night order,Call verification,discount_pct=0.0; payment_failures=0; device_reuse=1; total_qty=9
O000001312,5,Medium,Late night order,Call verification,discount_pct=0.0; payment_failures=0; device_reuse=1; total_qty=3
O000001305,5,Medium,Late night order,Call verification,discount_pct=0.0; payment_failures=0; device_reuse=1; total_qty=4
O000001304,5,Medium,Late night order,Call verification,discount_pct=0.0; payment_failures=0; device_reuse=1; total_qty=7
O000001303,5,Medium,Late night order,Call verification,discount_pct=0.0; payment_failures=0; device_reuse=1; total_qty=3
O000001311,5,Medium,Late night order,Call verification,discount_pct=0.0; payment_failures=0; device_reuse=0; total_qty=3
O000002412,5,Medium,Late night order,Call verification,discount_pct=0.0; payment_failures=0; device_reuse=1; total_qty=3
O000002399,5,Medium,Late night order,Call verification,discount_pct=0.0; payment_failures=0; device_reuse=1; total_qty=3
O000002406,5,Medium,Late night order,Call verification,discount_pct=0.0; payment_failures=0; device_reuse=1; total_qty=4
O000002400,5,Medium,Late night order,Call verification,discount_pct=0.0; payment_failures=0; device_reuse=0; total_qty=1
O000002409,5,Medium,Late night order,Call verification,discount_pct=0.0; payment_failures=0; device_reuse=1; total_qty=5
O000002402,5,Medium,Late night order,Call verification,discount_pct=0.0; payment_failures=0; device_reuse=1; total_qty=5
O000002396,5,Medium,Late night order,Call verification,discount_pct=0.0; payment_failures=0; device_reuse=1; total_qty=5
O000002425,5,Medium,Late night order,Call verification,discount_pct=0.0; payment_failures=0; device_reuse=1; total_qty=4
O000002397,5,Medium,Late night order,Call verification,discount_pct=0.01; payment_failures=0; device_reuse=1; total_qty=7
O000002378,5,Medium,Late night order,Call verification,discount_pct=0.0; payment_failures=0; device_reuse=1; total_qty=5
O000001302,5,Medium,Late night order,Call verification,discount_pct=0.0; payment_failures=0; device_reuse=0; total_qty=3
O000002362,5,Medium,Late night order,Call verification,discount_pct=0.0; payment_failures=0; device_reuse=0; total_qty=5
O000002372,5,Medium,Late night order,Call verification,discount_pct=0.02; payment_failures=0; device_reuse=1; total_qty=4
O000002364,5,Medium,Late night order,Call verification,discount_pct=0.0; payment_failures=0; device_reuse=1; total_qty=9
O000002380,5,Medium,Late night order,Call verification,discount_pct=0.0; payment_failures=0; device_reuse=0; total_qty=5
O000002377,5,Medium,Late night order,Call verification,discount_pct=0.0; payment_failures=0; device_reuse=1; total_qty=1
O000002360,5,Medium,Late night order,Call verification,discount_pct=0.0; payment_failures=0; device_reuse=1; total_qty=6
O000002374,5,Medium,Late night order,Call verification,discount_pct=0.0; payment_failures=0; device_reuse=1; total_qty=3
O000002342,5,Medium,Late night order,Call verification,discount_pct=0.0; payment_failures=0; device_reuse=0; total_qty=3
O000004410,5,High,Late night order,Hold for manual review,discount_pct=0.0; payment_failures=0; device_reuse=0; total_qty=8
O000004395,5,High,Late night order,Hold for manual review,discount_pct=0.0; payment_failures=0; device_reuse=1; total_qty=5
O000000139,5,Medium,Late night order,Call verification,discount_pct=0.0; payment_failures=0; device_reuse=0; total_qty=6
O000000147,5,Medium,Late night order,Call verification,discount_pct=0.0; payment_failures=0; device_reuse=1; total_qty=4
O000000149,5,Medium,Late night order,Call verification,discount_pct=0.0; payment_failures=0; device_reuse=1; total_qty=6
O000000134,5,Medium,Late night order,Call verification,discount_pct=0.0; payment_failures=0; device_reuse=1; total_qty=5
O000000148,5,Medium,Late night order,Call verification,discount_pct=0.0; payment_failures=0; device_reuse=1; total_qty=8
O000000145,5,Medium,Late night order,Call verification,discount_pct=0.25; payment_failures=0; device_reuse=1; total_qty=3
O000004388,5,High,Late night order,Hold for manual review,discount_pct=0.0; payment_failures=0; device_reuse=1; total_qty=2
O000004378,5,High,Late night order,Hold for manual review,discount_pct=0.0; payment_failures=0; device_reuse=1; total_qty=4
O000004398,5,High,Late night order,Hold for manual review,discount_pct=0.02; payment_failures=0; device_reuse=1; total_qty=5
O000004393,5,High,Late night order,Hold for manual review,discount_pct=0.0; payment_failures=0; device_reuse=1; total_qty=7
O000004389,5,High,Late night order,Hold for manual review,discount_pct=0.0; payment_failures=0; device_reuse=1; total_qty=3
O000004399,5,High,Late night order,Hold for manual review,discount_pct=0.0; payment_failures=0; device_reuse=1; total_qty=7
O000002347,5,Medium,Late night order,Call verification,discount_pct=0.0; payment_failures=0; device_reuse=1; total_qty=2
O000001315,5,Medium,Late night order,Call verification,discount_pct=0.0; payment_failures=0; device_reuse=1; total_qty=5
O000001333,5,Medium,Late night order,Call verification,discount_pct=0.07; payment_failures=0; device_reuse=1; total_qty=2
O000001329,5,Medium,Late night order,Call verification,discount_pct=0.0; payment_failures=0; device_reuse=1; total_qty=4
O000001335,5,Medium,Late night order,Call verification,discount_pct=0.0; payment_failures=0; device_reuse=1; total_qty=3
O000001309,5,Medium,Late night order,Call verification,discount_pct=0.01; payment_failures=0; device_reuse=1; total_qty=7
O000001296,5,Medium,Late night order,Call verification,discount_pct=0.0; payment_failures=0; device_reuse=1; total_qty=3
O000001288,5,Medium,Late night order,Call verification,discount_pct=0.0; payment_failures=0; device_reuse=1; total_qty=8
O000001298,5,Medium,Late night order,Call verification,discount_pct=0.02; payment_failures=0; device_reuse=1; total_qty=7
O000002348,5,Medium,Late night order,Call verification,discount_pct=0.0; payment_failures=0; device_reuse=1; total_qty=5
O000002344,5,Medium,Late night order,Call verification,discount_pct=0.0; payment_failures=0; device_reuse=1; total_qty=3
O000002343,5,Medium,Late night order,Call verification,discount_pct=0.0; payment_failures=0; device_reuse=0; total_qty=3
O000002352,5,Medium,Late night order,Call verification,discount_pct=0.0; payment_failures=0; device_reuse=1; total_qty=7
O000002345,5,Medium,Late night order,Call verification,discount_pct=0.0; payment_failures=0; device_reuse=1; total_qty=7
O000002332,5,Medium,Late night order,Call verification,discount_pct=0.0; payment_failures=0; device_reuse=0; total_qty=3
O000002358,5,Medium,Late night order,Call verification,discount_pct=0.0; payment_failures=0; device_reuse=1; total_qty=5
O000002333,5,Medium,Late night order,Call verification,discount_pct=0.01; payment_failures=0; device_reuse=1; total_qty=10
O000002357,5,Medium,Late night order,Call verification,discount_pct=0.0; payment_failures=0; device_reuse=1; total_qty=2
O000002353,5,Medium,Late night order,Call verification,discount_pct=0.07; payment_failures=0; device_reuse=0; total_qty=7
O000001339,5,Medium,Late night order,Call verification,discount_pct=0.01; payment_failures=0; device_reuse=1; total_qty=7
O000001350,5,Medium,Late night order,Call verification,discount_pct=0.0; payment_failures=0; device_reuse=1; total_qty=1
O000001353,5,Medium,Late night order,Call verification,discount_pct=0.0; payment_failures=0; device_reuse=1; total_qty=3
O000001348,5,Medium,Late night order,Call verification,discount_pct=0.0; payment_failures=0; device_reuse=0; total_qty=4
O000001334,5,Medium,Late night order,Call verification,discount_pct=0.0; payment_failures=0; device_reuse=1; total_qty=3
O000002324,5,Medium,Late night order,Call verification,discount_pct=0.0; payment_failures=0; device_reuse=0; total_qty=2
O000002319,5,Medium,Late night order,Call verification,discount_pct=0.05; payment_failures=0; device_reuse=0; total_qty=5
O000002304,5,Medium,Late night order,Call verification,discount_pct=0.0; payment_failures=0; device_reuse=1; total_qty=4
O000002314,5,Medium,Late night order,Call verification,discount_pct=0.0; payment_failures=0; device_reuse=1; total_qty=1
O000002320,5,Medium,Late night order,Call verification,discount_pct=0.0; payment_failures=0; device_reuse=1; total_qty=3
O000002310,5,Medium,Late night order,Call verification,discount_pct=0.0; payment_failures=0; device_reuse=1; total_qty=4
O000002300,5,Medium,Late night order,Call verification,discount_pct=0.0; payment_failures=0; device_reuse=1; total_qty=6
O000001375,5,Medium,Late night order,Call verification,discount_pct=0.0; payment_failures=0; device_reuse=1; total_qty=7
O000001365,5,Medium,Late night order,Call verification,discount_pct=0.0; payment_failures=0; device_reuse=1; total_qty=3
O000001373,5,Medium,Late night order,Call verification,discount_pct=0.0; payment_failures=0; device_reuse=0; total_qty=8
O000001342,5,Medium,Late night order,Call verification,discount_pct=0.08; payment_failures=0; device_reuse=1; total_qty=8
O000001347,5,Medium,Late night order,Call verification,discount_pct=0.0; payment_failures=0; device_reuse=1; total_qty=5
O000001345,5,Medium,Late night order,Call verification,discount_pct=0.0; payment_failures=0; device_reuse=1; total_qty=1
O000001343,5,Medium,Late night order,Call verification,discount_pct=0.12; payment_failures=0; device_reuse=1; total_qty=4
O000001358,5,Medium,Late night order,Call verification,discount_pct=0.0; payment_failures=0; device_reuse=1; total_qty=3
O000001340,5,Medium,Late night order,Call verification,discount_pct=0.0; payment_failures=0; device_reuse=1; total_qty=2
O000002299,5,Medium,Late night order,Call verification,discount_pct=0.03; payment_failures=0; device_reuse=0; total_qty=1
O000002285,5,Medium,Late night order,Call verification,discount_pct=0.0; payment_failures=0; device_reuse=1; total_qty=1
O000002287,5,Medium,Late night order,Call verification,discount_pct=0.0; payment_failures=0; device_reuse=0; total_qty=9
O000002295,5,Medium,Late night order,Call verification,discount_pct=0.0; payment_failures=0; device_reuse=0; total_qty=5
O000002293,5,Medium,Late night order,Call verification,discount_pct=0.0; payment_failures=0; device_reuse=1; total_qty=6
O000002255,5,Medium,Late night order,Call verification,discount_pct=0.0; payment_failures=0; device_reuse=1; total_qty=8
O000004564,5,High,Late night order,Hold for manual review,discount_pct=0.0; payment_failures=0; device_reuse=1; total_qty=2
O000002267,5,Medium,Late night order,Call verification,discount_pct=0.07; payment_failures=0; device_reuse=1; total_qty=9
O000002259,5,Medium,Late night order,Call verification,discount_pct=0.0; payment_failures=0; device_reuse=0; total_qty=7
O000002276,5,Medium,Late night order,Call verification,discount_pct=0.0; payment_failures=0; device_reuse=0; total_qty=7
O000002258,5,Medium,Late night order,Call verification,discount_pct=0.11; payment_failures=0; device_reuse=1; total_qty=4
O000002280,5,Medium,Late night order,Call verification,discount_pct=0.0; payment_failures=0; device_reuse=1; total_qty=8
O000002257,5,Medium,Late night order,Call verification,discount_pct=0.0; payment_failures=0; device_reuse=1; total_qty=9
O000002271,5,Medium,Late night order,Call verification,discount_pct=0.0; payment_failures=0; device_reuse=1; total_qty=1
O000002260,5,Medium,Late night order,Call verification,discount_pct=0.0; payment_failures=0; device_reuse=1; total_qty=4
O000002272,5,Medium,Late night order,Call verification,discount_pct=0.0; payment_failures=0; device_reuse=1; total_qty=3
O000001385,5,Medium,Late night order,Call verification,discount_pct=0.0; payment_failures=0; device_reuse=1; total_qty=2
O000001387,5,Medium,Late night order,Call verification,discount_pct=0.0; payment_failures=0; device_reuse=1; total_qty=5
O000001391,5,Medium,Late night order,Call verification,discount_pct=0.0; payment_failures=0; device_reuse=1; total_qty=1
O000001395,5,Medium,Late night order,Call verification,discount_pct=0.0; payment_failures=0; device_reuse=1; total_qty=5
O000001397,5,Medium,Late night order,Call verification,discount_pct=0.1; payment_failures=0; device_reuse=0; total_qty=2
O000001388,5,Medium,Late night order,Call verification,discount_pct=0.0; payment_failures=0; device_reuse=1; total_qty=1
O000001396,5,Medium,Late night order,Call verification,discount_pct=0.0; payment_failures=0; device_reuse=1; total_qty=7
O000001401,5,Medium,Late night order,Call verification,discount_pct=0.0; payment_failures=0; device_reuse=1; total_qty=5
O000001398,5,Medium,Late night order,Call verification,discount_pct=0.0; payment_failures=0; device_reuse=1; total_qty=1
O000001392,5,Medium,Late night order,Call verification,discount_pct=0.0; payment_failures=0; device_reuse=1; total_qty=5
O000004428,5,High,Late night order,Hold for manual review,discount_pct=0.0; payment_failures=0; device_reuse=0; total_qty=3
O000004445,5,High,Late night order,Hold for manual review,discount_pct=0.0; payment_failures=0; device_reuse=1; total_qty=3
O000004444,5,High,Late night order,Hold for manual review,discount_pct=0.02; payment_failures=0; device_reuse=1; total_qty=5
O000004431,5,High,Late night order,Hold for manual review,discount_pct=0.0; payment_failures=0; device_reuse=1; total_qty=7
O000004582,5,High,Late night order,Hold for manual review,discount_pct=0.0; payment_failures=0; device_reuse=1; total_qty=7
O000000126,5,Medium,Late night order,Call verification,discount_pct=0.02; payment_failures=0; device_reuse=1; total_qty=5
O000000129,5,Medium,Late night order,Call verification,discount_pct=0.0; payment_failures=0; device_reuse=0; total_qty=6
O000004409,5,High,Late night order,Hold for manual review,discount_pct=0.0; payment_failures=0; device_reuse=1; total_qty=4
O000004433,5,High,Late night order,Hold for manual review,discount_pct=0.0; payment_failures=0; device_reuse=0; total_qty=5
O000004418,5,High,Late night order,Hold for manual review,discount_pct=0.0; payment_failures=0; device_reuse=1; total_qty=2
O000004417,5,High,Late night order,Hold for manual review,discount_pct=0.0; payment_failures=0; device_reuse=1; total_qty=3
O000004404,5,High,Late night order,Hold for manual review,discount_pct=0.0; payment_failures=0; device_reuse=1; total_qty=3
O000004419,5,High,Late night order,Hold for manual review,discount_pct=0.04; payment_failures=0; device_reuse=1; total_qty=4
O000004438,5,High,Late night order,Hold for manual review,discount_pct=0.26; payment_failures=0; device_reuse=1; total_qty=4
O000004416,5,High,Late night order,Hold for manual review,discount_pct=0.0; payment_failures=0; device_reuse=1; total_qty=6
O000001362,5,Medium,Late night order,Call verification,discount_pct=0.0; payment_failures=0; device_reuse=0; total_qty=5
O000001351,5,Medium,Late night order,Call verification,discount_pct=0.0; payment_failures=0; device_reuse=1; total_qty=6
O000001364,5,Medium,Late night order,Call verification,discount_pct=0.25; payment_failures=0; device_reuse=1; total_qty=3
O000001407,5,Medium,Late night order,Call verification,discount_pct=0.0; payment_failures=0; device_reuse=1; total_qty=3
O000001405,5,Medium,Late night order,Call verification,discount_pct=0.0; payment_failures=0; device_reuse=1; total_qty=7
O000001382,5,Medium,Late night order,Call verification,discount_pct=0.0; payment_failures=0; device_reuse=1; total_qty=3
O000000030,5,Medium,Late night order,Call verification,discount_pct=0.0; payment_failures=0; device_reuse=1; total_qty=8
O000002242,5,Medium,Late night order,Call verification,discount_pct=0.0; payment_failures=0; device_reuse=0; total_qty=3
O000002236,5,Medium,Late night order,Call verification,discount_pct=0.0; payment_failures=0; device_reuse=1; total_qty=7
O000002244,5,Medium,Late night order,Call verification,discount_pct=0.0; payment_failures=0; device_reuse=1; total_qty=3
O000002251,5,Medium,Late night order,Call verification,discount_pct=0.0; payment_failures=0; device_reuse=1; total_qty=7
O000002254,5,Medium,Late night order,Call verification,discount_pct=0.0; payment_failures=0; device_reuse=1; total_qty=4
O000002252,5,Medium,Late night order,Call verification,discount_pct=0.0; payment_failures=0; device_reuse=1; total_qty=2
O000001418,5,Medium,Late night order,Call verification,discount_pct=0.01; payment_failures=0; device_reuse=1; total_qty=7
O000001414,5,Medium,Late night order,Call verification,discount_pct=0.0; payment_failures=0; device_reuse=1; total_qty=5
O000001404,5,Medium,Late night order,Call verification,discount_pct=0.0; payment_failures=0; device_reuse=1; total_qty=2
O000001425,5,Medium,Late night order,Call verification,discount_pct=0.0; payment_failures=0; device_reuse=1; total_qty=3
O000002223,5,Medium,Late night order,Call verification,discount_pct=0.0; payment_failures=0; device_reuse=1; total_qty=5
O000002202,5,Medium,Late night order,Call verification,discount_pct=0.0; payment_failures=0; device_reuse=1; total_qty=4
O000002224,5,Medium,Late night order,Call verification,discount_pct=0.0; payment_failures=0; device_reuse=1; total_qty=5
O000002205,5,Medium,Late night order,Call verification,discount_pct=0.0; payment_failures=0; device_reuse=0; total_qty=10
O000002220,5,Medium,Late night order,Call verification,discount_pct=0.0; payment_failures=0; device_reuse=0; total_qty=6
O000004479,5,High,Late night order,Hold for manual review,discount_pct=0.01; payment_failures=0; device_reuse=1; total_qty=9
O000004459,5,High,Late night order,Hold for manual review,discount_pct=0.0; payment_failures=0; device_reuse=1; total_qty=3
O000000039,5,Medium,Late night order,Call verification,discount_pct=0.0; payment_failures=0; device_reuse=1; total_qty=3
O000004451,5,High,Late night order,Hold for manual review,discount_pct=0.0; payment_failures=0; device_reuse=1; total_qty=5
O000004462,5,High,Late night order,Hold for manual review,discount_pct=0.0; payment_failures=0; device_reuse=1; total_qty=5
O000004456,5,High,Late night order,Hold for manual review,discount_pct=0.08; payment_failures=0; device_reuse=1; total_qty=4
O000004463,5,High,Late night order,Hold for manual review,discount_pct=0.0; payment_failures=0; device_reuse=1; total_qty=3
O000004454,5,High,Late night order,Hold for manual review,discount_pct=0.0; payment_failures=0; device_reuse=1; total_qty=3
O000004465,5,High,Late night order,Hold for manual review,discount_pct=0.0; payment_failures=0; device_reuse=1; total_qty=7
O000000122,5,Medium,Late night order,Call verification,discount_pct=0.0; payment_failures=0; device_reuse=1; total_qty=1
O000000128,5,Medium,Late night order,Call verification,discount_pct=0.1; payment_failures=0; device_reuse=1; total_qty=1
O000004403,5,High,Late night order,Hold for manual review,discount_pct=0.0; payment_failures=0; device_reuse=0; total_qty=2
O000004423,5,High,Late night order,Hold for manual review,discount_pct=0.1; payment_failures=0; device_reuse=0; total_qty=2
O000002209,5,Medium,Late night order,Call verification,discount_pct=0.0; payment_failures=0; device_reuse=1; total_qty=1
O000002216,5,Medium,Late night order,Call verification,discount_pct=0.0; payment_failures=0; device_reuse=1; total_qty=1
O000002217,5,Medium,Late night order,Call verification,discount_pct=0.0; payment_failures=0; device_reuse=1; total_qty=1
O000002198,5,Medium,Late night order,Call verification,discount_pct=0.0; payment_failures=0; device_reuse=0; total_qty=6
O000002188,5,Medium,Late night order,Call verification,discount_pct=0.0; payment_failures=0; device_reuse=1; total_qty=6
O000000034,5,Medium,Late night order,Call verification,discount_pct=0.1; payment_failures=0; device_reuse=1; total_qty=8
O000001434,5,Medium,Late night order,Call verification,discount_pct=0.0; payment_failures=0; device_reuse=1; total_qty=2
O000001438,5,Medium,Late night order,Call verification,discount_pct=0.0; payment_failures=0; device_reuse=1; total_qty=8
O000002184,5,Medium,Late night order,Call verification,discount_pct=0.0; payment_failures=0; device_reuse=1; total_qty=6
O000002196,5,Medium,Late night order,Call verification,discount_pct=0.2; payment_failures=0; device_reuse=0; total_qty=4
O000002160,5,Medium,Late night order,Call verification,discount_pct=0.0; payment_failures=0; device_reuse=1; total_qty=3
O000001712,5,Medium,Late night order,Call verification,discount_pct=0.0; payment_failures=0; device_reuse=1; total_qty=1
O000002159,5,Medium,Late night order,Call verification,discount_pct=0.0; payment_failures=0; device_reuse=1; total_qty=4
O000002161,5,Medium,Late night order,Call verification,discount_pct=0.0; payment_failures=0; device_reuse=0; total_qty=9
O000002170,5,Medium,Late night order,Call verification,discount_pct=0.0; payment_failures=0; device_reuse=0; total_qty=8
O000002175,5,Medium,Late night order,Call verification,discount_pct=0.0; payment_failures=0; device_reuse=1; total_qty=4
O000001470,5,Medium,Late night order,Call verification,discount_pct=0.0; payment_failures=0; device_reuse=1; total_qty=3
O000001463,5,Medium,Late night order,Call verification,discount_pct=0.0; payment_failures=0; device_reuse=1; total_qty=7
O000001462,5,Medium,Late night order,Call verification,discount_pct=0.0; payment_failures=0; device_reuse=1; total_qty=5
O000001435,5,Medium,Late night order,Call verification,discount_pct=0.0; payment_failures=0; device_reuse=0; total_qty=3
O000001442,5,Medium,Late night order,Call verification,discount_pct=0.04; payment_failures=0; device_reuse=1; total_qty=3
O000001692,5,Medium,Late night order,Call verification,discount_pct=0.0; payment_failures=0; device_reuse=1; total_qty=2
O000001725,5,Medium,Late night order,Call verification,discount_pct=0.0; payment_failures=0; device_reuse=1; total_qty=3
O000002157,5,Medium,Late night order,Call verification,discount_pct=0.0; payment_failures=0; device_reuse=1; total_qty=1
O000002151,5,Medium,Late night order,Call verification,discount_pct=0.0; payment_failures=0; device_reuse=1; total_qty=2
O000002144,5,Medium,Late night order,Call verification,discount_pct=0.0; payment_failures=0; device_reuse=0; total_qty=5
O000002146,5,Medium,Late night order,Call verification,discount_pct=0.04; payment_failures=0; device_reuse=0; total_qty=3
O000000002,5,Medium,Late night order,Call verification,discount_pct=0.0; payment_failures=0; device_reuse=1; total_qty=5
O000001719,5,Medium,Late night order,Call verification,discount_pct=0.0; payment_failures=0; device_reuse=1; total_qty=6
O000001472,5,Medium,Late night order,Call verification,discount_pct=0.0; payment_failures=0; device_reuse=0; total_qty=8
O000001469,5,Medium,Late night order,Call verification,discount_pct=0.0; payment_failures=0; device_reuse=1; total_qty=3
O000001474,5,Medium,Late night order,Call verification,discount_pct=0.0; payment_failures=0; device_reuse=1; total_qty=5
O000001466,5,Medium,Late night order,Call verification,discount_pct=0.02; payment_failures=0; device_reuse=1; total_qty=7
O000002134,5,Medium,Late night order,Call verification,discount_pct=0.0; payment_failures=0; device_reuse=1; total_qty=5
O000002145,5,Medium,Late night order,Call verification,discount_pct=0.01; payment_failures=0; device_reuse=1; total_qty=8
O000002147,5,Medium,Late night order,Call verification,discount_pct=0.0; payment_failures=0; device_reuse=1; total_qty=6
O000002126,5,Medium,Late night order,Call verification,discount_pct=0.07; payment_failures=0; device_reuse=1; total_qty=2
O000002129,5,Medium,Late night order,Call verification,discount_pct=0.09; payment_failures=0; device_reuse=1; total_qty=5
O000002149,5,Medium,Late night order,Call verification,discount_pct=0.0; payment_failures=0; device_reuse=1; total_qty=7
O000002111,5,Medium,Late night order,Call verification,discount_pct=0.0; payment_failures=0; device_reuse=1; total_qty=4
O000002120,5,Medium,Late night order,Call verification,discount_pct=0.0; payment_failures=0; device_reuse=1; total_qty=3
O000002116,5,Medium,Late night order,Call verification,discount_pct=0.0; payment_failures=0; device_reuse=0; total_qty=3
O000001503,5,Medium,Late night order,Call verification,discount_pct=0.0; payment_failures=0; device_reuse=0; total_qty=4
O000001513,5,Medium,Late night order,Call verification,discount_pct=0.0; payment_failures=0; device_reuse=1; total_qty=5
O000001487,5,Medium,Late night order,Call verification,discount_pct=0.0; payment_failures=1; device_reuse=1; total_qty=4
O000001491,5,Medium,Late night order,Call verification,discount_pct=0.03; payment_failures=0; device_reuse=1; total_qty=8
O000001492,5,Medium,Late night order,Call verification,discount_pct=0.0; payment_failures=0; device_reuse=1; total_qty=1
O000001481,5,Medium,Late night order,Call verification,discount_pct=0.0; payment_failures=0; device_reuse=1; total_qty=6
O000001495,5,Medium,Late night order,Call verification,discount_pct=0.0; payment_failures=0; device_reuse=1; total_qty=7
O000001454,5,Medium,Late night order,Call verification,discount_pct=0.0; payment_failures=0; device_reuse=1; total_qty=10
O000001465,5,Medium,Late night order,Call verification,discount_pct=0.0; payment_failures=0; device_reuse=1; total_qty=2
O000001701,5,Medium,Late night order,Call verification,discount_pct=0.0; payment_failures=0; device_reuse=1; total_qty=2
O000002101,5,Medium,Late night order,Call verification,discount_pct=0.0; payment_failures=0; device_reuse=0; total_qty=4
O000002090,5,Medium,Late night order,Call verification,discount_pct=0.0; payment_failures=0; device_reuse=1; total_qty=9
O000002089,5,Medium,Late night order,Call verification,discount_pct=0.02; payment_failures=0; device_reuse=1; total_qty=7
O000002093,5,Medium,Late night order,Call verification,discount_pct=0.03; payment_failures=0; device_reuse=1; total_qty=4
O000002096,5,Medium,Late night order,Call verification,discount_pct=0.0; payment_failures=0; device_reuse=0; total_qty=9
O000002094,5,Medium,Late night order,Call verification,discount_pct=0.02; payment_failures=0; device_reuse=1; total_qty=8
O000002098,5,Medium,Late night order,Call verification,discount_pct=0.0; payment_failures=0; device_reuse=1; total_qty=5
O000001490,5,Medium,Late night order,Call verification,discount_pct=0.0; payment_failures=0; device_reuse=1; total_qty=9
O000001482,5,Medium,Late night order,Call verification,discount_pct=0.0; payment_failures=0; device_reuse=1; total_qty=1
O000002095,5,Medium,Late night order,Call verification,discount_pct=0.0; payment_failures=0; device_reuse=1; total_qty=5
O000002077,5,Medium,Late night order,Call verification,discount_pct=0.0; payment_failures=0; device_reuse=1; total_qty=7
O000002086,5,Medium,Late night order,Call verification,discount_pct=0.0; payment_failures=0; device_reuse=1; total_qty=3
O000002066,5,Medium,Late night order,Call verification,discount_pct=0.0; payment_failures=0; device_reuse=1; total_qty=6
O000001703,5,Medium,Late night order,Call verification,discount_pct=0.0; payment_failures=0; device_reuse=1; total_qty=7
O000000080,5,Medium,Late night order,Call verification,discount_pct=0.08; payment_failures=0; device_reuse=1; total_qty=4
O000004510,5,High,Late night order,Hold for manual review,discount_pct=0.0; payment_failures=0; device_reuse=0; total_qty=5
O000004504,5,High,Late night order,Hold for manual review,discount_pct=0.0; payment_failures=0; device_reuse=1; total_qty=6
O000004514,5,High,Late night order,Hold for manual review,discount_pct=0.0; payment_failures=0; device_reuse=1; total_qty=4
O000004516,5,High,Late night order,Hold for manual review,discount_pct=0.02; payment_failures=0; device_reuse=1; total_qty=9
O000004490,5,High,Late night order,Hold for manual review,discount_pct=0.0; payment_failures=0; device_reuse=1; total_qty=6
O000000111,5,Medium,Late night order,Call verification,discount_pct=0.02; payment_failures=0; device_reuse=0; total_qty=6
O000000101,5,Medium,Late night order,Call verification,discount_pct=0.01; payment_failures=0; device_reuse=1; total_qty=6
O000000093,5,Medium,Late night order,Call verification,discount_pct=0.09; payment_failures=0; device_reuse=1; total_qty=3
O000004489,5,High,Late night order,Hold for manual review,discount_pct=0.0; payment_failures=0; device_reuse=0; total_qty=5
O000004471,5,High,Late night order,Hold for manual review,discount_pct=0.0; payment_failures=0; device_reuse=1; total_qty=3
O000004475,5,High,Late night order,Hold for manual review,discount_pct=0.0; payment_failures=0; device_reuse=0; total_qty=9
O000004482,5,High,Late night order,Hold for manual review,discount_pct=0.0; payment_failures=0; device_reuse=1; total_qty=6
O000002061,5,Medium,Late night order,Call verification,discount_pct=0.0; payment_failures=0; device_reuse=1; total_qty=7
O000002078,5,Medium,Late night order,Call verification,discount_pct=0.01; payment_failures=0; device_reuse=0; total_qty=6
O000002076,5,Medium,Late night order,Call verification,discount_pct=0.01; payment_failures=0; device_reuse=1; total_qty=5
O000002065,5,Medium,Late night order,Call verification,discount_pct=0.0; payment_failures=0; device_reuse=1; total_qty=6
O000002073,5,Medium,Late night order,Call verification,discount_pct=0.0; payment_failures=0; device_reuse=1; total_qty=2
O000002064,5,Medium,Late night order,Call verification,discount_pct=0.0; payment_failures=0; device_reuse=1; total_qty=8
O000002081,5,Medium,Late night order,Call verification,discount_pct=0.16; payment_failures=0; device_reuse=1; total_qty=1
O000002057,5,Medium,Late night order,Call verification,discount_pct=0.0; payment_failures=0; device_reuse=0; total_qty=7
O000001521,5,Medium,Late night order,Call verification,discount_pct=0.0; payment_failures=0; device_reuse=1; total_qty=5
O000001523,5,Medium,Late night order,Call verification,discount_pct=0.0; payment_failures=0; device_reuse=1; total_qty=6
O000001485,5,Medium,Late night order,Call verification,discount_pct=0.0; payment_failures=0; device_reuse=1; total_qty=5
O000003931,5,High,Late night order,Hold for manual review,discount_pct=0.0; payment_failures=0; device_reuse=1; total_qty=1
O000002052,5,Medium,Late night order,Call verification,discount_pct=0.0; payment_failures=0; device_reuse=1; total_qty=9
O000002045,5,Medium,Late night order,Call verification,discount_pct=0.0; payment_failures=0; device_reuse=1; total_qty=4
O000002060,5,Medium,Late night order,Call verification,discount_pct=0.0; payment_failures=0; device_reuse=1; total_qty=3
O000002051,5,Medium,Late night order,Call verification,discount_pct=0.0; payment_failures=0; device_reuse=1; total_qty=6
O000002050,5,Medium,Late night order,Call verification,discount_pct=0.0; payment_failures=0; device_reuse=0; total_qty=9
O000002030,5,Medium,Late night order,Call verification,discount_pct=0.0; payment_failures=0; device_reuse=1; total_qty=4
O000002022,5,Medium,Late night order,Call verification,discount_pct=0.0; payment_failures=0; device_reuse=1; total_qty=6
O000003937,5,High,Late night order,Hold for manual review,discount_pct=0.0; payment_failures=0; device_reuse=1; total_qty=1
O000003915,5,High,Late night order,Hold for manual review,discount_pct=0.1; payment_failures=0; device_reuse=1; total_qty=2
O000001542,5,Medium,Late night order,Call verification,discount_pct=0.0; payment_failures=0; device_reuse=1; total_qty=2
O000001535,5,Medium,Late night order,Call verification,discount_pct=0.0; payment_failures=0; device_reuse=1; total_qty=8
O000001527,5,Medium,Late night order,Call verification,discount_pct=0.0; payment_failures=0; device_reuse=1; total_qty=2
O000001528,5,Medium,Late night order,Call verification,discount_pct=0.0; payment_failures=0; device_reuse=1; total_qty=5
O000001526,5,Medium,Late night order,Call verification,discount_pct=0.0; payment_failures=0; device_reuse=1; total_qty=3
O000001515,5,Medium,Late night order,Call verification,discount_pct=0.0; payment_failures=0; device_reuse=1; total_qty=2
O000001538,5,Medium,Late night order,Call verification,discount_pct=0.0; payment_failures=0; device_reuse=1; total_qty=6
O000002016,5,Medium,Late night order,Call verification,discount_pct=0.0; payment_failures=0; device_reuse=1; total_qty=3
O000002010,5,Medium,Late night order,Call verification,discount_pct=0.0; payment_failures=0; device_reuse=1; total_qty=3
O000002001,5,Medium,Late night order,Call verification,discount_pct=0.0; payment_failures=0; device_reuse=1; total_qty=9
O000002024,5,Medium,Late night order,Call verification,discount_pct=0.0; payment_failures=0; device_reuse=1; total_qty=9
O000002025,5,Medium,Late night order,Call verification,discount_pct=0.0; payment_failures=0; device_reuse=1; total_qty=2
O000002007,5,Medium,Late night order,Call verification,discount_pct=0.02; payment_failures=0; device_reuse=1; total_qty=6
O000002019,5,Medium,Late night order,Call verification,discount_pct=0.0; payment_failures=0; device_reuse=1; total_qty=2
O000002004,5,Medium,Late night order,Call verification,discount_pct=0.02; payment_failures=0; device_reuse=0; total_qty=7
O000001983,5,Medium,Late night order,Call verification,discount_pct=0.08; payment_failures=0; device_reuse=0; total_qty=1
O000001564,5,Medium,Late night order,Call verification,discount_pct=0.01; payment_failures=0; device_reuse=0; total_qty=4
O000001571,5,Medium,Late night order,Call verification,discount_pct=0.0; payment_failures=0; device_reuse=1; total_qty=6
O000001552,5,Medium,Late night order,Call verification,discount_pct=0.0; payment_failures=0; device_reuse=1; total_qty=6
O000001560,5,Medium,Late night order,Call verification,discount_pct=0.03; payment_failures=0; device_reuse=1; total_qty=4
O000001545,5,Medium,Late night order,Call verification,discount_pct=0.01; payment_failures=0; device_reuse=1; total_qty=6
O000001534,5,Medium,Late night order,Call verification,discount_pct=0.0; payment_failures=0; device_reuse=1; total_qty=8
O000003913,5,High,Late night order,Hold for manual review,discount_pct=0.0; payment_failures=0; device_reuse=1; total_qty=5
O000003910,5,High,Late night order,Hold for manual review,discount_pct=0.0; payment_failures=0; device_reuse=1; total_qty=7
O000003917,5,High,Late night order,Hold for manual review,discount_pct=0.02; payment_failures=0; device_reuse=1; total_qty=8
O000001549,5,Medium,Late night order,Call verification,discount_pct=0.14; payment_failures=0; device_reuse=1; total_qty=5
O000001559,5,Medium,Late night order,Call verification,discount_pct=0.0; payment_failures=0; device_reuse=1; total_qty=2
O000001556,5,Medium,Late night order,Call verification,discount_pct=0.0; payment_failures=0; device_reuse=1; total_qty=7
O000001568,5,Medium,Late night order,Call verification,discount_pct=0.04; payment_failures=0; device_reuse=1; total_qty=5
O000001993,5,Medium,Late night order,Call verification,discount_pct=0.0; payment_failures=0; device_reuse=0; total_qty=2
O000001984,5,Medium,Late night order,Call verification,discount_pct=0.07; payment_failures=0; device_reuse=1; total_qty=1
O000001992,5,Medium,Late night order,Call verification,discount_pct=0.0; payment_failures=0; device_reuse=1; total_qty=7
O000001979,5,Medium,Late night order,Call verification,discount_pct=0.0; payment_failures=0; device_reuse=1; total_qty=7
O000001988,5,Medium,Late night order,Call verification,discount_pct=0.03; payment_failures=0; device_reuse=1; total_qty=3
O000001987,5,Medium,Late night order,Call verification,discount_pct=0.0; payment_failures=0; device_reuse=1; total_qty=2
O000001997,5,Medium,Late night order,Call verification,discount_pct=0.0; payment_failures=0; device_reuse=1; total_qty=3
O000001996,5,Medium,Late night order,Call verification,discount_pct=0.0; payment_failures=0; device_reuse=1; total_qty=1
O000001596,5,Medium,Late night order,Call verification,discount_pct=0.0; payment_failures=0; device_reuse=1; total_qty=6
O000001572,5,Medium,Late night order,Call verification,discount_pct=0.0; payment_failures=0; device_reuse=1; total_qty=2
O000001584,5,Medium,Late night order,Call verification,discount_pct=0.0; payment_failures=0; device_reuse=1; total_qty=2
O000001588,5,Medium,Late night order,Call verification,discount_pct=0.0; payment_failures=0; device_reuse=1; total_qty=5
O000003911,5,High,Late night order,Hold for manual review,discount_pct=0.02; payment_failures=0; device_reuse=1; total_qty=7
O000003920,5,High,Late night order,Hold for manual review,discount_pct=0.0; payment_failures=0; device_reuse=1; total_qty=7
O000001967,5,Medium,Late night order,Call verification,discount_pct=0.0; payment_failures=0; device_reuse=1; total_qty=1
O000001970,5,Medium,Late night order,Call verification,discount_pct=0.0; payment_failures=0; device_reuse=1; total_qty=2
O000001960,5,Medium,Late night order,Call verification,discount_pct=0.0; payment_failures=0; device_reuse=1; total_qty=4
O000001953,5,Medium,Late night order,Call verification,discount_pct=0.0; payment_failures=0; device_reuse=1; total_qty=4
O000001946,5,Medium,Late night order,Call verification,discount_pct=0.0; payment_failures=0; device_reuse=1; total_qty=2
O000001950,5,Medium,Late night order,Call verification,discount_pct=0.03; payment_failures=0; device_reuse=1; total_qty=6
O000001949,5,Medium,Late night order,Call verification,discount_pct=0.0; payment_failures=0; device_reuse=1; total_qty=4
O000001948,5,Medium,Late night order,Call verification,discount_pct=0.0; payment_failures=0; device_reuse=1; total_qty=2
O000001931,5,Medium,Late night order,Call verification,discount_pct=0.0; payment_failures=0; device_reuse=1; total_qty=3
O000001941,5,Medium,Late night order,Call verification,discount_pct=0.0; payment_failures=0; device_reuse=1; total_qty=8
O000001935,5,Medium,Late night order,Call verification,discount_pct=0.0; payment_failures=0; device_reuse=1; total_qty=7
O000001944,5,Medium,Late night order,Call verification,discount_pct=0.0; payment_failures=0; device_reuse=1; total_qty=4
O000001894,5,Medium,Late night order,Call verification,discount_pct=0.0; payment_failures=0; device_reuse=1; total_qty=4
O000001921,5,Medium,Late night order,Call verification,discount_pct=0.0; payment_failures=0; device_reuse=0; total_qty=8
O000001910,5,Medium,Late night order,Call verification,discount_pct=0.03; payment_failures=0; device_reuse=1; total_qty=4
O000001919,5,Medium,Late night order,Call verification,discount_pct=0.0; payment_failures=0; device_reuse=1; total_qty=10
O000004551,5,High,Late night order,Hold for manual review,discount_pct=0.0; payment_failures=0; device_reuse=1; total_qty=2
O000004532,5,High,Late night order,Hold for manual review,discount_pct=0.0; payment_failures=0; device_reuse=1; total_qty=8
O000003924,5,High,Late night order,Hold for manual review,discount_pct=0.0; payment_failures=0; device_reuse=0; total_qty=5
O000004506,5,High,Late night order,Hold for manual review,discount_pct=0.0; payment_failures=0; device_reuse=0; total_qty=2
O000004503,5,High,Late night order,Hold for manual review,discount_pct=0.0; payment_failures=0; device_reuse=1; total_qty=2
O000004513,5,High,Late night order,Hold for manual review,discount_pct=0.0; payment_failures=0; device_reuse=1; total_qty=8
O000004515,5,High,Late night order,Hold for manual review,discount_pct=0.0; payment_failures=0; device_reuse=1; total_qty=7
O000004507,5,High,Late night order,Hold for manual review,discount_pct=0.0; payment_failures=0; device_reuse=1; total_qty=6
O000000073,5,Medium,Late night order,Call verification,discount_pct=0.0; payment_failures=0; device_reuse=1; total_qty=1
O000000085,5,Medium,Late night order,Call verification,discount_pct=0.0; payment_failures=0; device_reuse=1; total_qty=3
O000000078,5,Medium,Late night order,Call verification,discount_pct=0.0; payment_failures=0; device_reuse=1; total_qty=3
O000000075,5,Medium,Late night order,Call verification,discount_pct=0.0; payment_failures=0; device_reuse=1; total_qty=8
O000000084,5,Medium,Late night order,Call verification,discount_pct=0.0; payment_failures=0; device_reuse=1; total_qty=8
O000000082,5,Medium,Late night order,Call verification,discount_pct=0.0; payment_failures=0; device_reuse=1; total_qty=3
O000001903,5,Medium,Late night order,Call verification,discount_pct=0.01; payment_failures=0; device_reuse=1; total_qty=7
O000001925,5,Medium,Late night order,Call verification,discount_pct=0.0; payment_failures=0; device_reuse=1; total_qty=6
O000001611,5,Medium,Late night order,Call verification,discount_pct=0.0; payment_failures=0; device_reuse=1; total_qty=1
O000001604,5,Medium,Late night order,Call verification,discount_pct=0.0; payment_failures=0; device_reuse=1; total_qty=1
O000001618,5,Medium,Late night order,Call verification,discount_pct=0.0; payment_failures=0; device_reuse=1; total_qty=5
O000001610,5,Medium,Late night order,Call verification,discount_pct=0.0; payment_failures=0; device_reuse=1; total_qty=6
O000001898,5,Medium,Late night order,Call verification,discount_pct=0.0; payment_failures=0; device_reuse=1; total_qty=9
O000001901,5,Medium,Late night order,Call verification,discount_pct=0.0; payment_failures=0; device_reuse=1; total_qty=4
O000001924,5,Medium,Late night order,Call verification,discount_pct=0.0; payment_failures=0; device_reuse=0; total_qty=8
O000001906,5,Medium,Late night order,Call verification,discount_pct=0.0; payment_failures=0; device_reuse=1; total_qty=6
O000001918,5,Medium,Late night order,Call verification,discount_pct=0.0; payment_failures=0; device_reuse=0; total_qty=6
O000001882,5,Medium,Late night order,Call verification,discount_pct=0.0; payment_failures=0; device_reuse=1; total_qty=3
O000001870,5,Medium,Late night order,Call verification,discount_pct=0.0; payment_failures=0; device_reuse=1; total_qty=6
O000001643,5,Medium,Late night order,Call verification,discount_pct=0.0; payment_failures=0; device_reuse=1; total_qty=5
O000001626,5,Medium,Late night order,Call verification,discount_pct=0.0; payment_failures=0; device_reuse=1; total_qty=3
O000001625,5,Medium,Late night order,Call verification,discount_pct=0.0; payment_failures=0; device_reuse=1; total_qty=3
O000000409,5,Medium,Late night order,Call verification,discount_pct=0.0; payment_failures=0; device_reuse=0; total_qty=8
O000001892,5,Medium,Late night order,Call verification,discount_pct=0.0; payment_failures=0; device_reuse=1; total_qty=1
O000001862,5,Medium,Late night order,Call verification,discount_pct=0.0; payment_failures=0; device_reuse=1; total_qty=6
O000001874,5,Medium,Late night order,Call verification,discount_pct=0.0; payment_failures=0; device_reuse=1; total_qty=8
O000001877,5,Medium,Late night order,Call verification,discount_pct=0.0; payment_failures=0; device_reuse=1; total_qty=9
O000001878,5,Medium,Late night order,Call verification,discount_pct=0.0; payment_failures=0; device_reuse=1; total_qty=9
O000001886,5,Medium,Late night order,Call verification,discount_pct=0.0; payment_failures=0; device_reuse=0; total_qty=4
O000000048,5,Medium,Late night order,Call verification,discount_pct=0.0; payment_failures=0; device_reuse=1; total_qty=1
O000000050,5,Medium,Late night order,Call verification,discount_pct=0.0; payment_failures=0; device_reuse=1; total_qty=8
O000004533,5,High,Late night order,Hold for manual review,discount_pct=0.0; payment_failures=0; device_reuse=1; total_qty=3
O000004526,5,High,Late night order,Hold for manual review,discount_pct=0.0; payment_failures=0; device_reuse=1; total_qty=3
O000004552,5,High,Late night order,Hold for manual review,discount_pct=0.0; payment_failures=0; device_reuse=1; total_qty=4
O000004541,5,High,Late night order,Hold for manual review,discount_pct=0.17; payment_failures=0; device_reuse=1; total_qty=5
O000004547,5,High,Late night order,Hold for manual review,discount_pct=0.2; payment_failures=0; device_reuse=1; total_qty=3
O000004555,5,High,Late night order,Hold for manual review,discount_pct=0.0; payment_failures=0; device_reuse=0; total_qty=6
O000004524,5,High,Late night order,Hold for manual review,discount_pct=0.0; payment_failures=0; device_reuse=1; total_qty=4
O000001842,5,Medium,Late night order,Call verification,discount_pct=0.0; payment_failures=0; device_reuse=1; total_qty=4
O000001857,5,Medium,Late night order,Call verification,discount_pct=0.0; payment_failures=0; device_reuse=1; total_qty=3
O000001855,5,Medium,Late night order,Call verification,discount_pct=0.0; payment_failures=0; device_reuse=1; total_qty=3
O000001843,5,Medium,Late night order,Call verification,discount_pct=0.0; payment_failures=0; device_reuse=1; total_qty=5
O000001847,5,Medium,Late night order,Call verification,discount_pct=0.04; payment_failures=0; device_reuse=1; total_qty=2
O000001853,5,Medium,Late night order,Call verification,discount_pct=0.0; payment_failures=0; device_reuse=1; total_qty=5
O000001819,5,Medium,Late night order,Call verification,discount_pct=0.0; payment_failures=0; device_reuse=0; total_qty=6
O000001635,5,Medium,Late night order,Call verification,discount_pct=0.0; payment_failures=0; device_reuse=1; total_qty=9
O000000402,5,Medium,Late night order,Call verification,discount_pct=0.04; payment_failures=0; device_reuse=0; total_qty=6
O000001631,5,Medium,Late night order,Call verification,discount_pct=0.0; payment_failures=0; device_reuse=1; total_qty=6
O000001640,5,Medium,Late night order,Call verification,discount_pct=0.0; payment_failures=0; device_reuse=1; total_qty=9
O000001641,5,Medium,Late night order,Call verification,discount_pct=0.0; payment_failures=0; device_reuse=1; total_qty=2
O000001636,5,Medium,Late night order,Call verification,discount_pct=0.03; payment_failures=0; device_reuse=1; total_qty=4
O000001638,5,Medium,Late night order,Call verification,discount_pct=0.0; payment_failures=0; device_reuse=1; total_qty=6
O000000405,5,Medium,Late night order,Call verification,discount_pct=0.0; payment_failures=0; device_reuse=1; total_qty=3
O000001837,5,Medium,Late night order,Call verification,discount_pct=0.0; payment_failures=0; device_reuse=0; total_qty=1
O000001663,5,Medium,Late night order,Call verification,discount_pct=0.01; payment_failures=0; device_reuse=0; total_qty=8
O000001658,5,Medium,Late night order,Call verification,discount_pct=0.0; payment_failures=0; device_reuse=1; total_qty=5
O000001662,5,Medium,Late night order,Call verification,discount_pct=0.0; payment_failures=0; device_reuse=1; total_qty=9
O000001649,5,Medium,Late night order,Call verification,discount_pct=0.0; payment_failures=0; device_reuse=1; total_qty=3
O000001667,5,Medium,Late night order,Call verification,discount_pct=0.0; payment_failures=0; device_reuse=1; total_qty=10
O000001666,5,Medium,Late night order,Call verification,discount_pct=0.0; payment_failures=0; device_reuse=1; total_qty=4
O000001659,5,Medium,Late night order,Call verification,discount_pct=0.0; payment_failures=0; device_reuse=1; total_qty=2
O000001835,5,Medium,Late night order,Call verification,discount_pct=0.0; payment_failures=0; device_reuse=1; total_qty=2
O000001820,5,Medium,Late night order,Call verification,discount_pct=0.13; payment_failures=0; device_reuse=0; total_qty=6
O000001808,5,Medium,Late night order,Call verification,discount_pct=0.0; payment_failures=0; device_reuse=1; total_qty=3
O000001806,5,Medium,Late night order,Call verification,discount_pct=0.0; payment_failures=0; device_reuse=1; total_qty=5
O000001815,5,Medium,Late night order,Call verification,discount_pct=0.0; payment_failures=0; device_reuse=1; total_qty=4
O000001671,5,Medium,Late night order,Call verification,discount_pct=0.0; payment_failures=0; device_reuse=1; total_qty=1
O000001680,5,Medium,Late night order,Call verification,discount_pct=0.08; payment_failures=0; device_reuse=1; total_qty=3
O000001677,5,Medium,Late night order,Call verification,discount_pct=0.0; payment_failures=0; device_reuse=1; total_qty=9
O000001683,5,Medium,Late night order,Call verification,discount_pct=0.0; payment_failures=0; device_reuse=1; total_qty=7
O000000399,5,Medium,Late night order,Call verification,discount_pct=0.0; payment_failures=0; device_reuse=0; total_qty=8
O000001797,5,Medium,Late night order,Call verification,discount_pct=0.06; payment_failures=0; device_reuse=1; total_qty=4
O000001787,5,Medium,Late night order,Call verification,discount_pct=0.01; payment_failures=0; device_reuse=0; total_qty=1
O000001774,5,Medium,Late night order,Call verification,discount_pct=0.0; payment_failures=0; device_reuse=1; total_qty=7
O000001783,5,Medium,Late night order,Call verification,discount_pct=0.14; payment_failures=0; device_reuse=0; total_qty=4
O000001773,5,Medium,Late night order,Call verification,discount_pct=0.0; payment_failures=0; device_reuse=1; total_qty=2
O000001785,5,Medium,Late night order,Call verification,discount_pct=0.01; payment_failures=0; device_reuse=1; total_qty=9
O000001780,5,Medium,Late night order,Call verification,discount_pct=0.01; payment_failures=0; device_reuse=1; total_qty=7
O000001778,5,Medium,Late night order,Call verification,discount_pct=0.0; payment_failures=0; device_reuse=1; total_qty=7
O000001749,5,Medium,Late night order,Call verification,discount_pct=0.0; payment_failures=0; device_reuse=1; total_qty=10
O000001688,5,Medium,Late night order,Call verification,discount_pct=0.0; payment_failures=0; device_reuse=1; total_qty=9
O000001711,5,Medium,Late night order,Call verification,discount_pct=0.0; payment_failures=0; device_reuse=1; total_qty=6
O000001695,5,Medium,Late night order,Call verification,discount_pct=0.0; payment_failures=0; device_reuse=0; total_qty=4
O000001714,5,Medium,Late night order,Call verification,discount_pct=0.0; payment_failures=0; device_reuse=1; total_qty=10
O000001686,5,Medium,Late night order,Call verification,discount_pct=0.0; payment_failures=0; device_reuse=1; total_qty=4
O000001694,5,Medium,Late night order,Call verification,discount_pct=0.0; payment_failures=0; device_reuse=1; total_qty=7
O000001670,5,Medium,Late night order,Call verification,discount_pct=0.0; payment_failures=0; device_reuse=1; total_qty=3
O000001769,5,Medium,Late night order,Call verification,discount_pct=0.0; payment_failures=1; device_reuse=1; total_qty=3
O000004587,5,High,Late night order,Hold for manual review,discount_pct=0.0; payment_failures=0; device_reuse=1; total_qty=10
O000001727,5,Medium,Late night order,Call verification,discount_pct=0.0; payment_failures=0; device_reuse=0; total_qty=6
O000001707,5,Medium,Late night order,Call verification,discount_pct=0.0; payment_failures=0; device_reuse=1; total_qty=1
O000001708,5,Medium,Late night order,Call verification,discount_pct=0.0; payment_failures=0; device_reuse=1; total_qty=7
O000000005,5,Medium,Late night order,Call verification,discount_pct=0.01; payment_failures=0; device_reuse=1; total_qty=7
O000004606,5,High,Late night order,Hold for manual review,discount_pct=0.12; payment_failures=0; device_reuse=1; total_qty=2
O000004601,5,High,Late night order,Hold for manual review,discount_pct=0.0; payment_failures=0; device_reuse=1; total_qty=6
O000000009,5,Medium,Late night order,Call verification,discount_pct=0.11; payment_failures=0; device_reuse=1; total_qty=4
O000000006,5,Medium,Late night order,Call verification,discount_pct=0.0; payment_failures=0; device_reuse=1; total_qty=1
O000000043,5,Medium,Late night order,Call verification,discount_pct=0.0; payment_failures=0; device_reuse=1; total_qty=2
O000000019,5,Medium,Late night order,Call verification,discount_pct=0.0; payment_failures=0; device_reuse=1; total_qty=7
O000000024,5,Medium,Late night order,Call verification,discount_pct=0.0; payment_failures=0; device_reuse=1; total_qty=2
O000000021,5,Medium,Late night order,Call verification,discount_pct=0.0; payment_failures=0; device_reuse=1; total_qty=4
O000001763,5,Medium,Late night order,Call verification,discount_pct=0.0; payment_failures=0; device_reuse=0; total_qty=4
O000001745,5,Medium,Late night order,Call verification,discount_pct=0.0; payment_failures=0; device_reuse=1; total_qty=5
O000004599,5,High,Late night order,Hold for manual review,discount_pct=0.0; payment_failures=0; device_reuse=0; total_qty=1
O000004589,5,High,Late night order,Hold for manual review,discount_pct=0.0; payment_failures=0; device_reuse=1; total_qty=1
O000001766,5,Medium,Late night order,Call verification,discount_pct=0.0; payment_failures=0; device_reuse=1; total_qty=3
O000000001,5,Medium,Late night order,Call verification,discount_pct=0.0; payment_failures=0; device_reuse=0; total_qty=5
O000000014,5,Medium,Late night order,Call verification,discount_pct=0.0; payment_failures=0; device_reuse=1; total_qty=2
O000000023,5,Medium,Late night order,Call verification,discount_pct=0.0; payment_failures=0; device_reuse=1; total_qty=1
O000001726,5,Medium,Late night order,Call verification,discount_pct=0.0; payment_failures=1; device_reuse=1; total_qty=10
O000000066,5,Medium,Late night order,Call verification,discount_pct=0.0; payment_failures=0; device_reuse=1; total_qty=1
O000000061,5,Medium,Late night order,Call verification,discount_pct=0.0; payment_failures=0; device_reuse=1; total_qty=10
O000000036,5,Medium,Late night order,Call verification,discount_pct=0.0; payment_failures=0; device_reuse=1; total_qty=6
O000003909,5,High,Late night order,Hold for manual review,discount_pct=0.0; payment_failures=0; device_reuse=1; total_qty=3
O000003950,5,High,Late night order,Hold for manual review,discount_pct=0.0; payment_failures=0; device_reuse=0; total_qty=5
O000004573,5,High,Late night order,Hold for manual review,discount_pct=0.0; payment_failures=0; device_reuse=1; total_qty=1
O000004569,5,High,Late night order,Hold for manual review,discount_pct=0.0; payment_failures=0; device_reuse=1; total_qty=3
O000004571,5,High,Late night order,Hold for manual review,discount_pct=0.0; payment_failures=0; device_reuse=1; total_qty=5
O000004581,5,High,Late night order,Hold for manual review,discount_pct=0.0; payment_failures=0; device_reuse=1; total_qty=1
O000001743,5,Medium,Late night order,Call verification,discount_pct=0.0; payment_failures=0; device_reuse=1; total_qty=8
O000004607,0,Medium,,Call verification,discount_pct=0.0; payment_failures=0; device_reuse=1; total_qty=4
O000000003,0,Low,,Auto process,discount_pct=0.0; payment_failures=0; device_reuse=1; total_qty=8
O000000007,0,Low,,Auto process,discount_pct=0.0; payment_failures=0; device_reuse=1; total_qty=9
O000000012,0,Low,,Auto process,discount_pct=0.0; payment_failures=0; device_reuse=1; total_qty=5
O000000008,0,Low,,Auto process,discount_pct=0.0; payment_failures=0; device_reuse=1; total_qty=5
O000000016,0,Low,,Auto process,discount_pct=0.0; payment_failures=0; device_reuse=1; total_qty=3
O000000015,0,Low,,Auto process,discount_pct=0.0; payment_failures=0; device_reuse=1; total_qty=1
O000000004,0,Low,,Auto process,discount_pct=0.0; payment_failures=0; device_reuse=1; total_qty=6
O000000013,0,Low,,Auto process,discount_pct=0.0; payment_failures=0; device_reuse=1; total_qty=8
O000000010,0,Low,,Auto process,discount_pct=0.0; payment_failures=0; device_reuse=0; total_qty=7
O000004584,0,Medium,,Call verification,discount_pct=0.02; payment_failures=0; device_reuse=1; total_qty=4
O000004605,0,Medium,,Call verification,discount_pct=0.0; payment_failures=0; device_reuse=1; total_qty=3
O000004603,0,Medium,,Call verification,discount_pct=0.0; payment_failures=0; device_reuse=0; total_qty=6
O000004592,0,Medium,,Call verification,discount_pct=0.0; payment_failures=0; device_reuse=1; total_qty=3
O000000052,0,Low,,Auto process,discount_pct=0.01; payment_failures=0; device_reuse=1; total_qty=9
O000000038,0,Low,,Auto process,discount_pct=0.0; payment_failures=0; device_reuse=1; total_qty=5
O000000037,0,Low,,Auto process,discount_pct=0.02; payment_failures=0; device_reuse=1; total_qty=3
O000000032,0,Low,,Auto process,discount_pct=0.0; payment_failures=0; device_reuse=1; total_qty=9
O000000027,0,Low,,Auto process,discount_pct=0.0; payment_failures=0; device_reuse=0; total_qty=8
O000000031,0,Low,,Auto process,discount_pct=0.0; payment_failures=0; device_reuse=1; total_qty=9
O000000042,0,Low,,Auto process,discount_pct=0.0; payment_failures=0; device_reuse=1; total_qty=5
O000000044,0,Low,,Auto process,discount_pct=0.0; payment_failures=0; device_reuse=1; total_qty=2
O000000041,0,Low,,Auto process,discount_pct=0.04; payment_failures=0; device_reuse=1; total_qty=5
O000000035,0,Low,,Auto process,discount_pct=0.0; payment_failures=0; device_reuse=1; total_qty=3
O000000028,0,Low,,Auto process,discount_pct=0.0; payment_failures=0; device_reuse=1; total_qty=4
O000004565,0,Medium,,Call verification,discount_pct=0.01; payment_failures=0; device_reuse=1; total_qty=9
O000004560,0,Medium,,Call verification,discount_pct=0.02; payment_failures=0; device_reuse=1; total_qty=2
O000004576,0,Medium,,Call verification,discount_pct=0.0; payment_failures=0; device_reuse=1; total_qty=3
O000004566,0,Medium,,Call verification,discount_pct=0.0; payment_failures=0; device_reuse=0; total_qty=5
O000004570,0,Medium,,Call verification,discount_pct=0.0; payment_failures=0; device_reuse=1; total_qty=4
O000001716,0,Low,,Auto process,discount_pct=0.0; payment_failures=0; device_reuse=1; total_qty=1
O000001718,0,Low,,Auto process,discount_pct=0.0; payment_failures=0; device_reuse=1; total_qty=8
O000001720,0,Low,,Auto process,discount_pct=0.0; payment_failures=0; device_reuse=1; total_qty=1
O000001728,0,Low,,Auto process,discount_pct=0.0; payment_failures=0; device_reuse=1; total_qty=6
O000001732,0,Low,,Auto process,discount_pct=0.0; payment_failures=0; device_reuse=0; total_qty=6
O000001717,0,Low,,Auto process,discount_pct=0.0; payment_failures=0; device_reuse=1; total_qty=10
O000001731,0,Low,,Auto process,discount_pct=0.0; payment_failures=0; device_reuse=1; total_qty=4
O000001715,0,Low,,Auto process,discount_pct=0.0; payment_failures=0; device_reuse=1; total_qty=2
O000001690,0,Low,,Auto process,discount_pct=0.0; payment_failures=0; device_reuse=1; total_qty=3
O000004611,0,Low,,Auto process,discount_pct=0.0; payment_failures=0; device_reuse=1; total_qty=8
O000001693,0,Low,,Auto process,discount_pct=0.0; payment_failures=0; device_reuse=1; total_qty=2
O000001710,0,Low,,Auto process,discount_pct=0.0; payment_failures=0; device_reuse=1; total_qty=4
O000001713,0,Low,,Auto process,discount_pct=0.01; payment_failures=0; device_reuse=0; total_qty=8
O000001689,0,Low,,Auto process,discount_pct=0.05; payment_failures=0; device_reuse=1; total_qty=3
O000001697,0,Low,,Auto process,discount_pct=0.0; payment_failures=0; device_reuse=1; total_qty=8
O000001702,0,Low,,Auto process,discount_pct=0.0; payment_failures=0; device_reuse=1; total_qty=3
O000001679,0,Low,,Auto process,discount_pct=0.0; payment_failures=0; device_reuse=1; total_qty=6
O000001678,0,Low,,Auto process,discount_pct=0.0; payment_failures=0; device_reuse=1; total_qty=7
O000001681,0,Low,,Auto process,discount_pct=0.0; payment_failures=0; device_reuse=1; total_qty=6
O000001675,0,Low,,Auto process,discount_pct=0.13; payment_failures=0; device_reuse=1; total_qty=2
O000001669,0,Low,,Auto process,discount_pct=0.0; payment_failures=0; device_reuse=1; total_qty=4
O000001682,0,Low,,Auto process,discount_pct=0.0; payment_failures=0; device_reuse=0; total_qty=3
O000001742,0,Low,,Auto process,discount_pct=0.0; payment_failures=0; device_reuse=1; total_qty=6
O000001736,0,Low,,Auto process,discount_pct=0.0; payment_failures=0; device_reuse=1; total_qty=6
O000001735,0,Low,,Auto process,discount_pct=0.0; payment_failures=0; device_reuse=1; total_qty=4
O000001751,0,Low,,Auto process,discount_pct=0.0; payment_failures=0; device_reuse=0; total_qty=9
O000001756,0,Low,,Auto process,discount_pct=0.0; payment_failures=0; device_reuse=1; total_qty=2
O000001740,0,Low,,Auto process,discount_pct=0.04; payment_failures=0; device_reuse=1; total_qty=3
O000001746,0,Low,,Auto process,discount_pct=0.09; payment_failures=0; device_reuse=1; total_qty=5
O000001738,0,Low,,Auto process,discount_pct=0.0; payment_failures=0; device_reuse=1; total_qty=4
O000001752,0,Low,,Auto process,discount_pct=0.0; payment_failures=0; device_reuse=1; total_qty=5
O000001770,0,Low,,Auto process,discount_pct=0.0; payment_failures=0; device_reuse=1; total_qty=4
O000001753,0,Low,,Auto process,discount_pct=0.0; payment_failures=0; device_reuse=0; total_qty=2
O000001760,0,Low,,Auto process,discount_pct=0.06; payment_failures=0; device_reuse=1; total_qty=3
O000001739,0,Low,,Auto process,discount_pct=0.0; payment_failures=0; device_reuse=1; total_qty=2
O000001755,0,Low,,Auto process,discount_pct=0.0; payment_failures=0; device_reuse=1; total_qty=4
O000001733,0,Low,,Auto process,discount_pct=0.04; payment_failures=0; device_reuse=1; total_qty=7
O000001761,0,Low,,Auto process,discount_pct=0.0; payment_failures=0; device_reuse=1; total_qty=2
O000001757,0,Low,,Auto process,discount_pct=0.0; payment_failures=0; device_reuse=1; total_qty=4
O000001744,0,Low,,Auto process,discount_pct=0.2; payment_failures=0; device_reuse=1; total_qty=2
O000001737,0,Low,,Auto process,discount_pct=0.0; payment_failures=0; device_reuse=1; total_qty=1
O000001748,0,Low,,Auto process,discount_pct=0.03; payment_failures=0; device_reuse=1; total_qty=7
O000001734,0,Low,,Auto process,discount_pct=0.0; payment_failures=0; device_reuse=1; total_qty=2
O000001762,0,Low,,Auto process,discount_pct=0.13; payment_failures=0; device_reuse=1; total_qty=5
O000001771,0,Low,,Auto process,discount_pct=0.01; payment_failures=0; device_reuse=1; total_qty=6
O000001764,0,Low,,Auto process,discount_pct=0.0; payment_failures=0; device_reuse=1; total_qty=6
O000001750,0,Low,,Auto process,discount_pct=0.0; payment_failures=0; device_reuse=1; total_qty=3
O000001673,0,Low,,Auto process,discount_pct=0.0; payment_failures=0; device_reuse=1; total_qty=8
O000001672,0,Low,,Auto process,discount_pct=0.0; payment_failures=0; device_reuse=0; total_qty=4
O000001676,0,Low,,Auto process,discount_pct=0.0; payment_failures=0; device_reuse=1; total_qty=5
O000001657,0,Low,,Auto process,discount_pct=0.0; payment_failures=0; device_reuse=1; total_qty=2
O000001660,0,Low,,Auto process,discount_pct=0.03; payment_failures=0; device_reuse=0; total_qty=7
O000001653,0,Low,,Auto process,discount_pct=0.0; payment_failures=0; device_reuse=1; total_qty=6
O000001661,0,Low,,Auto process,discount_pct=0.0; payment_failures=0; device_reuse=0; total_qty=7
O000001650,0,Low,,Auto process,discount_pct=0.04; payment_failures=0; device_reuse=1; total_qty=5
O000001648,0,Low,,Auto process,discount_pct=0.0; payment_failures=0; device_reuse=1; total_qty=6
O000001665,0,Low,,Auto process,discount_pct=0.0; payment_failures=0; device_reuse=1; total_qty=3
O000001781,0,Low,,Auto process,discount_pct=0.01; payment_failures=0; device_reuse=1; total_qty=3
O000001788,0,Low,,Auto process,discount_pct=0.0; payment_failures=0; device_reuse=1; total_qty=6
O000001796,0,Low,,Auto process,discount_pct=0.25; payment_failures=0; device_reuse=1; total_qty=2
O000001779,0,Low,,Auto process,discount_pct=0.0; payment_failures=0; device_reuse=1; total_qty=6
O000001795,0,Low,,Auto process,discount_pct=0.0; payment_failures=0; device_reuse=1; total_qty=3
O000001772,0,Low,,Auto process,discount_pct=0.0; payment_failures=0; device_reuse=1; total_qty=8
O000001776,0,Low,,Auto process,discount_pct=0.0; payment_failures=0; device_reuse=0; total_qty=5
O000001798,0,Low,,Auto process,discount_pct=0.0; payment_failures=0; device_reuse=1; total_qty=2
O000001813,0,Low,,Auto process,discount_pct=0.01; payment_failures=0; device_reuse=0; total_qty=9
O000001807,0,Low,,Auto process,discount_pct=0.0; payment_failures=0; device_reuse=1; total_qty=3
O000001790,0,Low,,Auto process,discount_pct=0.0; payment_failures=0; device_reuse=1; total_qty=6
O000001782,0,Low,,Auto process,discount_pct=0.0; payment_failures=0; device_reuse=1; total_qty=9
O000001792,0,Low,,Auto process,discount_pct=0.0; payment_failures=0; device_reuse=1; total_qty=10
O000001794,0,Low,,Auto process,discount_pct=0.2; payment_failures=0; device_reuse=1; total_qty=3
O000001789,0,Low,,Auto process,discount_pct=0.0; payment_failures=0; device_reuse=1; total_qty=8
O000001793,0,Low,,Auto process,discount_pct=0.1; payment_failures=0; device_reuse=1; total_qty=2
O000001777,0,Low,,Auto process,discount_pct=0.0; payment_failures=0; device_reuse=1; total_qty=7
O000001791,0,Low,,Auto process,discount_pct=0.0; payment_failures=0; device_reuse=1; total_qty=5
O000001786,0,Low,,Auto process,discount_pct=0.2; payment_failures=0; device_reuse=1; total_qty=1
O000001775,0,Low,,Auto process,discount_pct=0.0; payment_failures=0; device_reuse=1; total_qty=3
O000001784,0,Low,,Auto process,discount_pct=0.0; payment_failures=0; device_reuse=0; total_qty=8
O000001674,0,Low,,Auto process,discount_pct=0.0; payment_failures=0; device_reuse=1; total_qty=5
O000001684,0,Low,,Auto process,discount_pct=0.0; payment_failures=0; device_reuse=1; total_qty=7
O000001651,0,Low,,Auto process,discount_pct=0.01; payment_failures=0; device_reuse=1; total_qty=9
O000001656,0,Low,,Auto process,discount_pct=0.0; payment_failures=0; device_reuse=1; total_qty=4
O000001655,0,Low,,Auto process,discount_pct=0.0; payment_failures=0; device_reuse=1; total_qty=6
O000001652,0,Low,,Auto process,discount_pct=0.0; payment_failures=0; device_reuse=1; total_qty=5
O000001644,0,Low,,Auto process,discount_pct=0.0; payment_failures=0; device_reuse=1; total_qty=6
O000001800,0,Low,,Auto process,discount_pct=0.0; payment_failures=0; device_reuse=1; total_qty=4
O000001804,0,Low,,Auto process,discount_pct=0.0; payment_failures=0; device_reuse=0; total_qty=4
O000001814,0,Low,,Auto process,discount_pct=0.0; payment_failures=0; device_reuse=1; total_qty=6
O000001805,0,Low,,Auto process,discount_pct=0.01; payment_failures=0; device_reuse=1; total_qty=9
O000001802,0,Low,,Auto process,discount_pct=0.03; payment_failures=0; device_reuse=1; total_qty=6
O000001803,0,Low,,Auto process,discount_pct=0.0; payment_failures=0; device_reuse=1; total_qty=4
O000001812,0,Low,,Auto process,discount_pct=0.02; payment_failures=0; device_reuse=1; total_qty=5
O000004622,0,Low,,Auto process,discount_pct=0.0; payment_failures=0; device_reuse=0; total_qty=7
O000001809,0,Low,,Auto process,discount_pct=0.0; payment_failures=0; device_reuse=0; total_qty=6
O000001801,0,Low,,Auto process,discount_pct=0.0; payment_failures=0; device_reuse=1; total_qty=6
O000001799,0,Low,,Auto process,discount_pct=0.0; payment_failures=0; device_reuse=1; total_qty=9
O000001830,0,Low,,Auto process,discount_pct=0.0; payment_failures=0; device_reuse=1; total_qty=2
O000001836,0,Low,,Auto process,discount_pct=0.0; payment_failures=0; device_reuse=0; total_qty=1
O000001823,0,Low,,Auto process,discount_pct=0.02; payment_failures=0; device_reuse=0; total_qty=7
O000001817,0,Low,,Auto process,discount_pct=0.0; payment_failures=0; device_reuse=0; total_qty=4
O000001833,0,Low,,Auto process,discount_pct=0.0; payment_failures=0; device_reuse=1; total_qty=5
O000001825,0,Low,,Auto process,discount_pct=0.03; payment_failures=0; device_reuse=1; total_qty=10
O000001832,0,Low,,Auto process,discount_pct=0.0; payment_failures=0; device_reuse=1; total_qty=10
O000004615,0,Low,,Auto process,discount_pct=0.0; payment_failures=0; device_reuse=1; total_qty=2
O000001831,0,Low,,Auto process,discount_pct=0.05; payment_failures=0; device_reuse=1; total_qty=1
O000001818,0,Low,,Auto process,discount_pct=0.0; payment_failures=0; device_reuse=1; total_qty=1
O000001816,0,Low,,Auto process,discount_pct=0.0; payment_failures=0; device_reuse=1; total_qty=4
O000001826,0,Low,,Auto process,discount_pct=0.0; payment_failures=0; device_reuse=1; total_qty=2
O000001824,0,Low,,Auto process,discount_pct=0.0; payment_failures=0; device_reuse=1; total_qty=6
O000001821,0,Low,,Auto process,discount_pct=0.0; payment_failures=0; device_reuse=0; total_qty=5
O000001647,0,Low,,Auto process,discount_pct=0.0; payment_failures=0; device_reuse=1; total_qty=3
O000001654,0,Low,,Auto process,discount_pct=0.0; payment_failures=0; device_reuse=1; total_qty=1
O000001851,0,Low,,Auto process,discount_pct=0.0; payment_failures=0; device_reuse=1; total_qty=9
O000001860,0,Low,,Auto process,discount_pct=0.09; payment_failures=0; device_reuse=1; total_qty=4
O000001841,0,Low,,Auto process,discount_pct=0.0; payment_failures=0; device_reuse=1; total_qty=4
O000001856,0,Low,,Auto process,discount_pct=0.0; payment_failures=0; device_reuse=1; total_qty=4
O000001846,0,Low,,Auto process,discount_pct=0.0; payment_failures=0; device_reuse=1; total_qty=7
O000001838,0,Low,,Auto process,discount_pct=0.0; payment_failures=0; device_reuse=1; total_qty=9
O000001834,0,Low,,Auto process,discount_pct=0.02; payment_failures=0; device_reuse=1; total_qty=3
O000001827,0,Low,,Auto process,discount_pct=0.0; payment_failures=0; device_reuse=0; total_qty=6
O000001822,0,Low,,Auto process,discount_pct=0.06; payment_failures=0; device_reuse=1; total_qty=7
O000001627,0,Low,,Auto process,discount_pct=0.02; payment_failures=0; device_reuse=1; total_qty=3
O000001632,0,Low,,Auto process,discount_pct=0.0; payment_failures=0; device_reuse=1; total_qty=4
O000001629,0,Low,,Auto process,discount_pct=0.06; payment_failures=0; device_reuse=1; total_qty=7
O000001642,0,Low,,Auto process,discount_pct=0.0; payment_failures=0; device_reuse=1; total_qty=3
O000001633,0,Low,,Auto process,discount_pct=0.0; payment_failures=0; device_reuse=1; total_qty=7
O000001634,0,Low,,Auto process,discount_pct=0.0; payment_failures=0; device_reuse=1; total_qty=3
O000001639,0,Low,,Auto process,discount_pct=0.0; payment_failures=0; device_reuse=0; total_qty=3
O000001866,0,Low,,Auto process,discount_pct=0.02; payment_failures=0; device_reuse=1; total_qty=6
O000001864,0,Low,,Auto process,discount_pct=0.12; payment_failures=0; device_reuse=1; total_qty=1
O000001867,0,Low,,Auto process,discount_pct=0.0; payment_failures=0; device_reuse=1; total_qty=1
O000001889,0,Low,,Auto process,discount_pct=0.0; payment_failures=0; device_reuse=0; total_qty=4
O000001893,0,Low,,Auto process,discount_pct=0.0; payment_failures=0; device_reuse=1; total_qty=8
O000001871,0,Low,,Auto process,discount_pct=0.0; payment_failures=0; device_reuse=1; total_qty=3
O000001868,0,Low,,Auto process,discount_pct=0.0; payment_failures=0; device_reuse=1; total_qty=6
O000001845,0,Low,,Auto process,discount_pct=0.0; payment_failures=0; device_reuse=1; total_qty=6
O000001844,0,Low,,Auto process,discount_pct=0.0; payment_failures=0; device_reuse=1; total_qty=6
O000001850,0,Low,,Auto process,discount_pct=0.0; payment_failures=0; device_reuse=1; total_qty=5
O000001858,0,Low,,Auto process,discount_pct=0.0; payment_failures=0; device_reuse=1; total_qty=2
O000001839,0,Low,,Auto process,discount_pct=0.0; payment_failures=0; device_reuse=1; total_qty=3
O000001849,0,Low,,Auto process,discount_pct=0.0; payment_failures=0; device_reuse=0; total_qty=3
O000001854,0,Low,,Auto process,discount_pct=0.0; payment_failures=0; device_reuse=0; total_qty=1
O000001859,0,Low,,Auto process,discount_pct=0.0; payment_failures=0; device_reuse=1; total_qty=1
O000001840,0,Low,,Auto process,discount_pct=0.0; payment_failures=0; device_reuse=0; total_qty=4
O000001607,0,Low,,Auto process,discount_pct=0.02; payment_failures=0; device_reuse=1; total_qty=7
O000001601,0,Low,,Auto process,discount_pct=0.0; payment_failures=0; device_reuse=0; total_qty=4
O000001608,0,Low,,Auto process,discount_pct=0.0; payment_failures=0; device_reuse=1; total_qty=5
O000001606,0,Low,,Auto process,discount_pct=0.0; payment_failures=0; device_reuse=1; total_qty=2
O000001605,0,Low,,Auto process,discount_pct=0.0; payment_failures=0; device_reuse=1; total_qty=1
O000001612,0,Low,,Auto process,discount_pct=0.0; payment_failures=0; device_reuse=1; total_qty=1
O000001621,0,Low,,Auto process,discount_pct=0.0; payment_failures=0; device_reuse=1; total_qty=8
O000001603,0,Low,,Auto process,discount_pct=0.03; payment_failures=0; device_reuse=0; total_qty=6
O000001613,0,Low,,Auto process,discount_pct=0.0; payment_failures=0; device_reuse=1; total_qty=5
O000001869,0,Low,,Auto process,discount_pct=0.07; payment_failures=0; device_reuse=1; total_qty=3
O000001875,0,Low,,Auto process,discount_pct=0.0; payment_failures=0; device_reuse=1; total_qty=4
O000001865,0,Low,,Auto process,discount_pct=0.0; payment_failures=0; device_reuse=1; total_qty=9
O000001873,0,Low,,Auto process,discount_pct=0.0; payment_failures=0; device_reuse=1; total_qty=6
O000001884,0,Low,,Auto process,discount_pct=0.0; payment_failures=0; device_reuse=1; total_qty=4
O000001888,0,Low,,Auto process,discount_pct=0.0; payment_failures=0; device_reuse=1; total_qty=4
O000001891,0,Low,,Auto process,discount_pct=0.0; payment_failures=0; device_reuse=1; total_qty=3
O000001900,0,Low,,Auto process,discount_pct=0.0; payment_failures=0; device_reuse=1; total_qty=9
O000001897,0,Low,,Auto process,discount_pct=0.0; payment_failures=0; device_reuse=1; total_qty=6
O000001899,0,Low,,Auto process,discount_pct=0.0; payment_failures=0; device_reuse=1; total_qty=2
O000001915,0,Low,,Auto process,discount_pct=0.0; payment_failures=0; device_reuse=1; total_qty=2
O000001909,0,Low,,Auto process,discount_pct=0.0; payment_failures=0; device_reuse=1; total_qty=4
O000001863,0,Low,,Auto process,discount_pct=0.0; payment_failures=0; device_reuse=0; total_qty=6
O000001876,0,Low,,Auto process,discount_pct=0.0; payment_failures=0; device_reuse=0; total_qty=3
O000001885,0,Low,,Auto process,discount_pct=0.05; payment_failures=0; device_reuse=1; total_qty=7
O000001881,0,Low,,Auto process,discount_pct=0.02; payment_failures=0; device_reuse=1; total_qty=5
O000001890,0,Low,,Auto process,discount_pct=0.0; payment_failures=0; device_reuse=1; total_qty=8
O000001880,0,Low,,Auto process,discount_pct=0.0; payment_failures=0; device_reuse=0; total_qty=1
O000001879,0,Low,,Auto process,discount_pct=0.0; payment_failures=0; device_reuse=1; total_qty=5
O000001861,0,Low,,Auto process,discount_pct=0.0; payment_failures=0; device_reuse=1; total_qty=7
O000001887,0,Low,,Auto process,discount_pct=0.0; payment_failures=0; device_reuse=1; total_qty=2
O000001599,0,Low,,Auto process,discount_pct=0.0; payment_failures=0; device_reuse=1; total_qty=5
O000001602,0,Low,,Auto process,discount_pct=0.1; payment_failures=0; device_reuse=1; total_qty=2
O000001620,0,Low,,Auto process,discount_pct=0.0; payment_failures=0; device_reuse=0; total_qty=8
O000001609,0,Low,,Auto process,discount_pct=0.07; payment_failures=0; device_reuse=1; total_qty=9
O000001616,0,Low,,Auto process,discount_pct=0.0; payment_failures=0; device_reuse=0; total_qty=5
O000001623,0,Low,,Auto process,discount_pct=0.06; payment_failures=0; device_reuse=1; total_qty=8
O000001619,0,Low,,Auto process,discount_pct=0.01; payment_failures=0; device_reuse=1; total_qty=6
O000001617,0,Low,,Auto process,discount_pct=0.0; payment_failures=0; device_reuse=1; total_qty=8
O000001573,0,Low,,Auto process,discount_pct=0.0; payment_failures=0; device_reuse=1; total_qty=6
O000001595,0,Low,,Auto process,discount_pct=0.0; payment_failures=0; device_reuse=1; total_qty=1
O000001594,0,Low,,Auto process,discount_pct=0.0; payment_failures=0; device_reuse=1; total_qty=1
O000001912,0,Low,,Auto process,discount_pct=0.0; payment_failures=0; device_reuse=1; total_qty=3
O000001896,0,Low,,Auto process,discount_pct=0.0; payment_failures=0; device_reuse=1; total_qty=4
O000001922,0,Low,,Auto process,discount_pct=0.0; payment_failures=0; device_reuse=1; total_qty=3
O000001917,0,Low,,Auto process,discount_pct=0.06; payment_failures=0; device_reuse=1; total_qty=1
O000001911,0,Low,,Auto process,discount_pct=0.0; payment_failures=0; device_reuse=1; total_qty=5
O000001905,0,Low,,Auto process,discount_pct=0.0; payment_failures=0; device_reuse=0; total_qty=6
O000001908,0,Low,,Auto process,discount_pct=0.0; payment_failures=0; device_reuse=1; total_qty=5
O000001938,0,Low,,Auto process,discount_pct=0.0; payment_failures=0; device_reuse=1; total_qty=9
O000001933,0,Low,,Auto process,discount_pct=0.0; payment_failures=0; device_reuse=1; total_qty=5
O000001937,0,Low,,Auto process,discount_pct=0.0; payment_failures=0; device_reuse=1; total_qty=5
O000001929,0,Low,,Auto process,discount_pct=0.06; payment_failures=0; device_reuse=1; total_qty=3
O000001930,0,Low,,Auto process,discount_pct=0.02; payment_failures=0; device_reuse=1; total_qty=8
O000001932,0,Low,,Auto process,discount_pct=0.0; payment_failures=0; device_reuse=1; total_qty=3
O000001943,0,Low,,Auto process,discount_pct=0.0; payment_failures=0; device_reuse=1; total_qty=4
O000001926,0,Low,,Auto process,discount_pct=0.0; payment_failures=0; device_reuse=1; total_qty=2
O000001940,0,Low,,Auto process,discount_pct=0.0; payment_failures=0; device_reuse=1; total_qty=2
O000001904,0,Low,,Auto process,discount_pct=0.0; payment_failures=0; device_reuse=1; total_qty=3
O000001907,0,Low,,Auto process,discount_pct=0.0; payment_failures=0; device_reuse=1; total_qty=1
O000001902,0,Low,,Auto process,discount_pct=0.0; payment_failures=0; device_reuse=1; total_qty=3
O000001914,0,Low,,Auto process,discount_pct=0.0; payment_failures=0; device_reuse=1; total_qty=8
O000001920,0,Low,,Auto process,discount_pct=0.0; payment_failures=0; device_reuse=1; total_qty=6
O000001916,0,Low,,Auto process,discount_pct=0.08; payment_failures=0; device_reuse=1; total_qty=2
O000001615,0,Low,,Auto process,discount_pct=0.0; payment_failures=0; device_reuse=1; total_qty=8
O000001598,0,Low,,Auto process,discount_pct=0.15; payment_failures=0; device_reuse=1; total_qty=1
O000001593,0,Low,,Auto process,discount_pct=0.0; payment_failures=0; device_reuse=0; total_qty=8
O000001577,0,Low,,Auto process,discount_pct=0.0; payment_failures=0; device_reuse=1; total_qty=5
O000001575,0,Low,,Auto process,discount_pct=0.0; payment_failures=0; device_reuse=1; total_qty=7
O000001578,0,Low,,Auto process,discount_pct=0.0; payment_failures=0; device_reuse=1; total_qty=6
O000001591,0,Low,,Auto process,discount_pct=0.0; payment_failures=0; device_reuse=0; total_qty=2
O000001586,0,Low,,Auto process,discount_pct=0.0; payment_failures=0; device_reuse=1; total_qty=1
O000001582,0,Low,,Auto process,discount_pct=0.0; payment_failures=0; device_reuse=1; total_qty=9
O000001576,0,Low,,Auto process,discount_pct=0.0; payment_failures=0; device_reuse=1; total_qty=2
O000001581,0,Low,,Auto process,discount_pct=0.0; payment_failures=0; device_reuse=1; total_qty=6
O000001574,0,Low,,Auto process,discount_pct=0.0; payment_failures=0; device_reuse=1; total_qty=6
O000001589,0,Low,,Auto process,discount_pct=0.01; payment_failures=0; device_reuse=1; total_qty=7
O000001945,0,Low,,Auto process,discount_pct=0.0; payment_failures=0; device_reuse=0; total_qty=1
O000001939,0,Low,,Auto process,discount_pct=0.0; payment_failures=0; device_reuse=0; total_qty=3
O000001927,0,Low,,Auto process,discount_pct=0.0; payment_failures=0; device_reuse=1; total_qty=1
O000001942,0,Low,,Auto process,discount_pct=0.0; payment_failures=0; device_reuse=1; total_qty=3
O000001583,0,Low,,Auto process,discount_pct=0.0; payment_failures=0; device_reuse=0; total_qty=4
O000001585,0,Low,,Auto process,discount_pct=0.0; payment_failures=0; device_reuse=1; total_qty=7
O000001592,0,Low,,Auto process,discount_pct=0.0; payment_failures=0; device_reuse=1; total_qty=4
O000001565,0,Low,,Auto process,discount_pct=0.04; payment_failures=0; device_reuse=1; total_qty=3
O000001547,0,Low,,Auto process,discount_pct=0.0; payment_failures=0; device_reuse=1; total_qty=5
O000001569,0,Low,,Auto process,discount_pct=0.0; payment_failures=0; device_reuse=1; total_qty=4
O000001558,0,Low,,Auto process,discount_pct=0.0; payment_failures=0; device_reuse=0; total_qty=3
O000001554,0,Low,,Auto process,discount_pct=0.0; payment_failures=0; device_reuse=1; total_qty=3
O000001966,0,Low,,Auto process,discount_pct=0.0; payment_failures=0; device_reuse=1; total_qty=5
O000001962,0,Low,,Auto process,discount_pct=0.0; payment_failures=0; device_reuse=1; total_qty=2
O000001954,0,Low,,Auto process,discount_pct=0.0; payment_failures=0; device_reuse=0; total_qty=7
O000001947,0,Low,,Auto process,discount_pct=0.0; payment_failures=0; device_reuse=0; total_qty=7
O000001952,0,Low,,Auto process,discount_pct=0.08; payment_failures=0; device_reuse=1; total_qty=9
O000001951,0,Low,,Auto process,discount_pct=0.04; payment_failures=0; device_reuse=1; total_qty=3
O000001579,0,Low,,Auto process,discount_pct=0.0; payment_failures=0; device_reuse=1; total_qty=5
O000001597,0,Low,,Auto process,discount_pct=0.0; payment_failures=0; device_reuse=1; total_qty=9
O000001965,0,Low,,Auto process,discount_pct=0.0; payment_failures=0; device_reuse=1; total_qty=6
O000001958,0,Low,,Auto process,discount_pct=0.0; payment_failures=0; device_reuse=1; total_qty=2
O000001971,0,Low,,Auto process,discount_pct=0.0; payment_failures=0; device_reuse=1; total_qty=5
O000001955,0,Low,,Auto process,discount_pct=0.0; payment_failures=0; device_reuse=1; total_qty=4
O000001956,0,Low,,Auto process,discount_pct=0.0; payment_failures=0; device_reuse=1; total_qty=9
O000001976,0,Low,,Auto process,discount_pct=0.06; payment_failures=0; device_reuse=1; total_qty=4
O000001972,0,Low,,Auto process,discount_pct=0.0; payment_failures=0; device_reuse=1; total_qty=8
O000001959,0,Low,,Auto process,discount_pct=0.05; payment_failures=0; device_reuse=1; total_qty=6
O000001974,0,Low,,Auto process,discount_pct=0.0; payment_failures=0; device_reuse=1; total_qty=6
O000001968,0,Low,,Auto process,discount_pct=0.0; payment_failures=0; device_reuse=1; total_qty=2
O000001961,0,Low,,Auto process,discount_pct=0.0; payment_failures=0; device_reuse=1; total_qty=1
O000001973,0,Low,,Auto process,discount_pct=0.0; payment_failures=0; device_reuse=1; total_qty=6
O000001975,0,Low,,Auto process,discount_pct=0.0; payment_failures=0; device_reuse=1; total_qty=3
O000001957,0,Low,,Auto process,discount_pct=0.0; payment_failures=0; device_reuse=1; total_qty=6
O000001969,0,Low,,Auto process,discount_pct=0.0; payment_failures=0; device_reuse=1; total_qty=4
O000001587,0,Low,,Auto process,discount_pct=0.0; payment_failures=0; device_reuse=0; total_qty=5
O000001548,0,Low,,Auto process,discount_pct=0.09; payment_failures=0; device_reuse=1; total_qty=5
O000001555,0,Low,,Auto process,discount_pct=0.0; payment_failures=0; device_reuse=1; total_qty=4
O000001557,0,Low,,Auto process,discount_pct=0.0; payment_failures=0; device_reuse=1; total_qty=1
O000001563,0,Low,,Auto process,discount_pct=0.07; payment_failures=0; device_reuse=1; total_qty=6
O000001546,0,Low,,Auto process,discount_pct=0.0; payment_failures=0; device_reuse=1; total_qty=1
O000001543,0,Low,,Auto process,discount_pct=0.0; payment_failures=0; device_reuse=1; total_qty=6
O000001550,0,Low,,Auto process,discount_pct=0.0; payment_failures=0; device_reuse=1; total_qty=4
O000001567,0,Low,,Auto process,discount_pct=0.0; payment_failures=0; device_reuse=1; total_qty=3
O000001551,0,Low,,Auto process,discount_pct=0.0; payment_failures=0; device_reuse=1; total_qty=8
O000001553,0,Low,,Auto process,discount_pct=0.01; payment_failures=0; device_reuse=1; total_qty=5
O000001986,0,Low,,Auto process,discount_pct=0.09; payment_failures=0; device_reuse=1; total_qty=5
O000001980,0,Low,,Auto process,discount_pct=0.0; payment_failures=0; device_reuse=1; total_qty=5
O000001978,0,Low,,Auto process,discount_pct=0.0; payment_failures=0; device_reuse=1; total_qty=2
O000001991,0,Low,,Auto process,discount_pct=0.0; payment_failures=0; device_reuse=1; total_qty=6
O000001999,0,Low,,Auto process,discount_pct=0.0; payment_failures=0; device_reuse=1; total_qty=1
O000001982,0,Low,,Auto process,discount_pct=0.0; payment_failures=0; device_reuse=1; total_qty=10
O000001985,0,Low,,Auto process,discount_pct=0.0; payment_failures=0; device_reuse=1; total_qty=6
O000001990,0,Low,,Auto process,discount_pct=0.0; payment_failures=0; device_reuse=1; total_qty=9
O000002000,0,Low,,Auto process,discount_pct=0.0; payment_failures=0; device_reuse=1; total_qty=8
O000001981,0,Low,,Auto process,discount_pct=0.0; payment_failures=0; device_reuse=1; total_qty=8
O000001989,0,Low,,Auto process,discount_pct=0.0; payment_failures=0; device_reuse=1; total_qty=5
O000001998,0,Low,,Auto process,discount_pct=0.0; payment_failures=0; device_reuse=1; total_qty=2
O000001995,0,Low,,Auto process,discount_pct=0.0; payment_failures=0; device_reuse=0; total_qty=2
O000001530,0,Low,,Auto process,discount_pct=0.04; payment_failures=0; device_reuse=1; total_qty=3
O000001518,0,Low,,Auto process,discount_pct=0.0; payment_failures=0; device_reuse=1; total_qty=8
O000001541,0,Low,,Auto process,discount_pct=0.0; payment_failures=0; device_reuse=1; total_qty=10
O000001525,0,Low,,Auto process,discount_pct=0.0; payment_failures=0; device_reuse=0; total_qty=5
O000001529,0,Low,,Auto process,discount_pct=0.0; payment_failures=0; device_reuse=0; total_qty=7
O000001516,0,Low,,Auto process,discount_pct=0.0; payment_failures=0; device_reuse=0; total_qty=6
O000001517,0,Low,,Auto process,discount_pct=0.0; payment_failures=0; device_reuse=1; total_qty=10
O000001544,0,Low,,Auto process,discount_pct=0.0; payment_failures=0; device_reuse=1; total_qty=7
O000001561,0,Low,,Auto process,discount_pct=0.0; payment_failures=0; device_reuse=1; total_qty=9
O000001533,0,Low,,Auto process,discount_pct=0.0; payment_failures=0; device_reuse=1; total_qty=9
O000002014,0,Low,,Auto process,discount_pct=0.0; payment_failures=0; device_reuse=1; total_qty=4
O000002003,0,Low,,Auto process,discount_pct=0.0; payment_failures=0; device_reuse=1; total_qty=1
O000002021,0,Low,,Auto process,discount_pct=0.0; payment_failures=0; device_reuse=1; total_qty=2
O000002026,0,Low,,Auto process,discount_pct=0.0; payment_failures=0; device_reuse=1; total_qty=5
O000002031,0,Low,,Auto process,discount_pct=0.0; payment_failures=0; device_reuse=1; total_qty=10
O000002008,0,Low,,Auto process,discount_pct=0.02; payment_failures=0; device_reuse=1; total_qty=10
O000002015,0,Low,,Auto process,discount_pct=0.01; payment_failures=0; device_reuse=1; total_qty=3
O000002027,0,Low,,Auto process,discount_pct=0.0; payment_failures=0; device_reuse=0; total_qty=5
O000002005,0,Low,,Auto process,discount_pct=0.0; payment_failures=0; device_reuse=1; total_qty=10
O000002012,0,Low,,Auto process,discount_pct=0.01; payment_failures=0; device_reuse=1; total_qty=7
O000002028,0,Low,,Auto process,discount_pct=0.0; payment_failures=0; device_reuse=0; total_qty=7
O000002029,0,Low,,Auto process,discount_pct=0.0; payment_failures=0; device_reuse=1; total_qty=5
O000002006,0,Low,,Auto process,discount_pct=0.0; payment_failures=0; device_reuse=1; total_qty=5
O000002009,0,Low,,Auto process,discount_pct=0.0; payment_failures=0; device_reuse=1; total_qty=8
O000002023,0,Low,,Auto process,discount_pct=0.16; payment_failures=0; device_reuse=1; total_qty=6
O000002043,0,Low,,Auto process,discount_pct=0.0; payment_failures=0; device_reuse=1; total_qty=5
O000002040,0,Low,,Auto process,discount_pct=0.0; payment_failures=0; device_reuse=1; total_qty=1
O000002035,0,Low,,Auto process,discount_pct=0.03; payment_failures=0; device_reuse=1; total_qty=3
O000002053,0,Low,,Auto process,discount_pct=0.05; payment_failures=0; device_reuse=1; total_qty=8
O000002034,0,Low,,Auto process,discount_pct=0.0; payment_failures=0; device_reuse=1; total_qty=7
O000002036,0,Low,,Auto process,discount_pct=0.0; payment_failures=0; device_reuse=1; total_qty=6
O000002020,0,Low,,Auto process,discount_pct=0.0; payment_failures=0; device_reuse=0; total_qty=3
O000002002,0,Low,,Auto process,discount_pct=0.0; payment_failures=0; device_reuse=0; total_qty=4
O000002011,0,Low,,Auto process,discount_pct=0.0; payment_failures=0; device_reuse=1; total_qty=2
O000002017,0,Low,,Auto process,discount_pct=0.0; payment_failures=0; device_reuse=1; total_qty=3
O000001520,0,Low,,Auto process,discount_pct=0.0; payment_failures=0; device_reuse=1; total_qty=5
O000001540,0,Low,,Auto process,discount_pct=0.0; payment_failures=0; device_reuse=1; total_qty=5
O000001524,0,Low,,Auto process,discount_pct=0.0; payment_failures=0; device_reuse=1; total_qty=3
O000001532,0,Low,,Auto process,discount_pct=0.0; payment_failures=0; device_reuse=0; total_qty=3
O000001537,0,Low,,Auto process,discount_pct=0.0; payment_failures=0; device_reuse=1; total_qty=10
O000001522,0,Low,,Auto process,discount_pct=0.0; payment_failures=0; device_reuse=1; total_qty=5
O000001479,0,Low,,Auto process,discount_pct=0.12; payment_failures=0; device_reuse=1; total_qty=8
O000001504,0,Low,,Auto process,discount_pct=0.03; payment_failures=0; device_reuse=1; total_qty=2
O000001500,0,Low,,Auto process,discount_pct=0.0; payment_failures=0; device_reuse=0; total_qty=4
O000001497,0,Low,,Auto process,discount_pct=0.0; payment_failures=0; device_reuse=1; total_qty=3
O000002056,0,Low,,Auto process,discount_pct=0.08; payment_failures=0; device_reuse=1; total_qty=5
O000002038,0,Low,,Auto process,discount_pct=0.0; payment_failures=0; device_reuse=1; total_qty=1
O000002042,0,Low,,Auto process,discount_pct=0.0; payment_failures=0; device_reuse=1; total_qty=6
O000002033,0,Low,,Auto process,discount_pct=0.0; payment_failures=0; device_reuse=1; total_qty=8
O000002046,0,Low,,Auto process,discount_pct=0.0; payment_failures=0; device_reuse=1; total_qty=4
O000002041,0,Low,,Auto process,discount_pct=0.0; payment_failures=0; device_reuse=1; total_qty=3
O000002044,0,Low,,Auto process,discount_pct=0.0; payment_failures=0; device_reuse=0; total_qty=9
O000002059,0,Low,,Auto process,discount_pct=0.0; payment_failures=0; device_reuse=1; total_qty=6
O000002047,0,Low,,Auto process,discount_pct=0.05; payment_failures=0; device_reuse=1; total_qty=3
O000002054,0,Low,,Auto process,discount_pct=0.0; payment_failures=0; device_reuse=0; total_qty=2
O000002049,0,Low,,Auto process,discount_pct=0.0; payment_failures=0; device_reuse=1; total_qty=3
O000002048,0,Low,,Auto process,discount_pct=0.0; payment_failures=0; device_reuse=1; total_qty=5
O000002069,0,Low,,Auto process,discount_pct=0.0; payment_failures=0; device_reuse=1; total_qty=4
O000002084,0,Low,,Auto process,discount_pct=0.0; payment_failures=0; device_reuse=1; total_qty=4
O000002062,0,Low,,Auto process,discount_pct=0.01; payment_failures=0; device_reuse=1; total_qty=8
O000002063,0,Low,,Auto process,discount_pct=0.0; payment_failures=0; device_reuse=1; total_qty=7
O000002083,0,Low,,Auto process,discount_pct=0.0; payment_failures=0; device_reuse=1; total_qty=3
O000002085,0,Low,,Auto process,discount_pct=0.03; payment_failures=0; device_reuse=0; total_qty=3
O000002037,0,Low,,Auto process,discount_pct=0.0; payment_failures=0; device_reuse=1; total_qty=4
O000002032,0,Low,,Auto process,discount_pct=0.0; payment_failures=0; device_reuse=1; total_qty=6
O000002039,0,Low,,Auto process,discount_pct=0.0; payment_failures=0; device_reuse=1; total_qty=3
O000001514,0,Low,,Auto process,discount_pct=0.0; payment_failures=0; device_reuse=1; total_qty=7
O000001498,0,Low,,Auto process,discount_pct=0.0; payment_failures=0; device_reuse=1; total_qty=6
O000001488,0,Low,,Auto process,discount_pct=0.0; payment_failures=0; device_reuse=1; total_qty=7
O000001509,0,Low,,Auto process,discount_pct=0.0; payment_failures=0; device_reuse=1; total_qty=3
O000001484,0,Low,,Auto process,discount_pct=0.0; payment_failures=0; device_reuse=1; total_qty=8
O000001494,0,Low,,Auto process,discount_pct=0.0; payment_failures=0; device_reuse=0; total_qty=7
O000001506,0,Low,,Auto process,discount_pct=0.0; payment_failures=0; device_reuse=1; total_qty=4
O000001505,0,Low,,Auto process,discount_pct=0.0; payment_failures=0; device_reuse=1; total_qty=8
O000001510,0,Low,,Auto process,discount_pct=0.0; payment_failures=0; device_reuse=1; total_qty=3
O000001486,0,Low,,Auto process,discount_pct=0.03; payment_failures=0; device_reuse=1; total_qty=6
O000001483,0,Low,,Auto process,discount_pct=0.0; payment_failures=0; device_reuse=1; total_qty=1
O000001493,0,Low,,Auto process,discount_pct=0.0; payment_failures=0; device_reuse=1; total_qty=9
O000001499,0,Low,,Auto process,discount_pct=0.0; payment_failures=0; device_reuse=1; total_qty=5
O000001496,0,Low,,Auto process,discount_pct=0.05; payment_failures=0; device_reuse=1; total_qty=8
O000001480,0,Low,,Auto process,discount_pct=0.0; payment_failures=0; device_reuse=1; total_qty=6
O000002068,0,Low,,Auto process,discount_pct=0.0; payment_failures=0; device_reuse=1; total_qty=1
O000002072,0,Low,,Auto process,discount_pct=0.0; payment_failures=0; device_reuse=1; total_qty=6
O000002070,0,Low,,Auto process,discount_pct=0.0; payment_failures=0; device_reuse=1; total_qty=7
O000002074,0,Low,,Auto process,discount_pct=0.0; payment_failures=0; device_reuse=1; total_qty=2
O000002079,0,Low,,Auto process,discount_pct=0.0; payment_failures=0; device_reuse=1; total_qty=8
O000002082,0,Low,,Auto process,discount_pct=0.0; payment_failures=0; device_reuse=1; total_qty=2
O000002087,0,Low,,Auto process,discount_pct=0.0; payment_failures=0; device_reuse=0; total_qty=5
O000002071,0,Low,,Auto process,discount_pct=0.0; payment_failures=0; device_reuse=0; total_qty=3
O000001473,0,Low,,Auto process,discount_pct=0.01; payment_failures=0; device_reuse=1; total_qty=6
O000002097,0,Low,,Auto process,discount_pct=0.05; payment_failures=0; device_reuse=1; total_qty=2
O000002100,0,Low,,Auto process,discount_pct=0.0; payment_failures=0; device_reuse=0; total_qty=3
O000002105,0,Low,,Auto process,discount_pct=0.0; payment_failures=0; device_reuse=1; total_qty=6
O000002099,0,Low,,Auto process,discount_pct=0.0; payment_failures=0; device_reuse=1; total_qty=1
O000002102,0,Low,,Auto process,discount_pct=0.0; payment_failures=0; device_reuse=1; total_qty=9
O000002091,0,Low,,Auto process,discount_pct=0.05; payment_failures=0; device_reuse=1; total_qty=7
O000002106,0,Low,,Auto process,discount_pct=0.0; payment_failures=0; device_reuse=1; total_qty=3
O000002107,0,Low,,Auto process,discount_pct=0.0; payment_failures=0; device_reuse=1; total_qty=5
O000002092,0,Low,,Auto process,discount_pct=0.0; payment_failures=0; device_reuse=1; total_qty=4
O000001512,0,Low,,Auto process,discount_pct=0.0; payment_failures=0; device_reuse=1; total_qty=5
O000001502,0,Low,,Auto process,discount_pct=0.02; payment_failures=0; device_reuse=1; total_qty=8
O000001501,0,Low,,Auto process,discount_pct=0.0; payment_failures=0; device_reuse=1; total_qty=4
O000001508,0,Low,,Auto process,discount_pct=0.0; payment_failures=0; device_reuse=1; total_qty=7
O000001511,0,Low,,Auto process,discount_pct=0.01; payment_failures=0; device_reuse=1; total_qty=3
O000001489,0,Low,,Auto process,discount_pct=0.0; payment_failures=0; device_reuse=1; total_qty=5
O000002117,0,Low,,Auto process,discount_pct=0.11; payment_failures=0; device_reuse=1; total_qty=2
O000002118,0,Low,,Auto process,discount_pct=0.04; payment_failures=0; device_reuse=0; total_qty=5
O000002121,0,Low,,Auto process,discount_pct=0.0; payment_failures=0; device_reuse=1; total_qty=2
O000002114,0,Low,,Auto process,discount_pct=0.0; payment_failures=0; device_reuse=1; total_qty=6
O000002119,0,Low,,Auto process,discount_pct=0.0; payment_failures=0; device_reuse=1; total_qty=9
O000002110,0,Low,,Auto process,discount_pct=0.0; payment_failures=0; device_reuse=1; total_qty=7
O000002109,0,Low,,Auto process,discount_pct=0.0; payment_failures=0; device_reuse=0; total_qty=5
O000002112,0,Low,,Auto process,discount_pct=0.0; payment_failures=0; device_reuse=1; total_qty=6
O000002122,0,Low,,Auto process,discount_pct=0.0; payment_failures=0; device_reuse=1; total_qty=6
O000002088,0,Low,,Auto process,discount_pct=0.0; payment_failures=0; device_reuse=0; total_qty=6
O000002103,0,Low,,Auto process,discount_pct=0.0; payment_failures=0; device_reuse=0; total_qty=7
O000002104,0,Low,,Auto process,discount_pct=0.0; payment_failures=0; device_reuse=1; total_qty=6
O000001467,0,Low,,Auto process,discount_pct=0.0; payment_failures=0; device_reuse=1; total_qty=6
O000001453,0,Low,,Auto process,discount_pct=0.0; payment_failures=0; device_reuse=1; total_qty=1
O000001477,0,Low,,Auto process,discount_pct=0.0; payment_failures=0; device_reuse=1; total_qty=2
O000001458,0,Low,,Auto process,discount_pct=0.0; payment_failures=0; device_reuse=0; total_qty=2
O000001457,0,Low,,Auto process,discount_pct=0.0; payment_failures=0; device_reuse=1; total_qty=7
O000001471,0,Low,,Auto process,discount_pct=0.0; payment_failures=0; device_reuse=1; total_qty=6
O000001452,0,Low,,Auto process,discount_pct=0.0; payment_failures=0; device_reuse=1; total_qty=3
O000001455,0,Low,,Auto process,discount_pct=0.08; payment_failures=0; device_reuse=1; total_qty=5
O000001456,0,Low,,Auto process,discount_pct=0.05; payment_failures=0; device_reuse=1; total_qty=9
O000001450,0,Low,,Auto process,discount_pct=0.0; payment_failures=0; device_reuse=1; total_qty=2
O000001461,0,Low,,Auto process,discount_pct=0.0; payment_failures=0; device_reuse=1; total_qty=6
O000001476,0,Low,,Auto process,discount_pct=0.0; payment_failures=0; device_reuse=1; total_qty=3
O000002142,0,Low,,Auto process,discount_pct=0.0; payment_failures=0; device_reuse=0; total_qty=2
O000002124,0,Low,,Auto process,discount_pct=0.0; payment_failures=0; device_reuse=0; total_qty=7
O000002133,0,Low,,Auto process,discount_pct=0.0; payment_failures=0; device_reuse=1; total_qty=4
O000002125,0,Low,,Auto process,discount_pct=0.02; payment_failures=0; device_reuse=1; total_qty=6
O000002132,0,Low,,Auto process,discount_pct=0.0; payment_failures=0; device_reuse=1; total_qty=6
O000002130,0,Low,,Auto process,discount_pct=0.0; payment_failures=0; device_reuse=1; total_qty=2
O000002128,0,Low,,Auto process,discount_pct=0.0; payment_failures=0; device_reuse=0; total_qty=1
O000002113,0,Low,,Auto process,discount_pct=0.0; payment_failures=0; device_reuse=1; total_qty=10
O000001429,0,Low,,Auto process,discount_pct=0.0; payment_failures=0; device_reuse=1; total_qty=3
O000001448,0,Low,,Auto process,discount_pct=0.0; payment_failures=0; device_reuse=1; total_qty=4
O000001431,0,Low,,Auto process,discount_pct=0.0; payment_failures=0; device_reuse=1; total_qty=2
O000001440,0,Low,,Auto process,discount_pct=0.0; payment_failures=0; device_reuse=1; total_qty=6
O000002139,0,Low,,Auto process,discount_pct=0.0; payment_failures=0; device_reuse=1; total_qty=7
O000002135,0,Low,,Auto process,discount_pct=0.0; payment_failures=0; device_reuse=1; total_qty=9
O000002127,0,Low,,Auto process,discount_pct=0.0; payment_failures=0; device_reuse=1; total_qty=9
O000002131,0,Low,,Auto process,discount_pct=0.0; payment_failures=0; device_reuse=1; total_qty=4
O000002140,0,Low,,Auto process,discount_pct=0.0; payment_failures=0; device_reuse=1; total_qty=2
O000002141,0,Low,,Auto process,discount_pct=0.0; payment_failures=0; device_reuse=1; total_qty=2
O000002137,0,Low,,Auto process,discount_pct=0.0; payment_failures=0; device_reuse=1; total_qty=5
O000002150,0,Low,,Auto process,discount_pct=0.0; payment_failures=0; device_reuse=1; total_qty=6
O000002148,0,Low,,Auto process,discount_pct=0.0; payment_failures=0; device_reuse=1; total_qty=1
O000002138,0,Low,,Auto process,discount_pct=0.0; payment_failures=0; device_reuse=0; total_qty=5
O000001464,0,Low,,Auto process,discount_pct=0.01; payment_failures=0; device_reuse=0; total_qty=6
O000001475,0,Low,,Auto process,discount_pct=0.01; payment_failures=0; device_reuse=1; total_qty=3
O000002152,0,Low,,Auto process,discount_pct=0.0; payment_failures=0; device_reuse=1; total_qty=3
O000002167,0,Low,,Auto process,discount_pct=0.0; payment_failures=0; device_reuse=1; total_qty=8
O000002173,0,Low,,Auto process,discount_pct=0.0; payment_failures=0; device_reuse=1; total_qty=2
O000002154,0,Low,,Auto process,discount_pct=0.0; payment_failures=0; device_reuse=1; total_qty=3
O000002153,0,Low,,Auto process,discount_pct=0.03; payment_failures=0; device_reuse=1; total_qty=4
O000002165,0,Low,,Auto process,discount_pct=0.0; payment_failures=0; device_reuse=1; total_qty=2
O000002174,0,Low,,Auto process,discount_pct=0.0; payment_failures=0; device_reuse=1; total_qty=1
O000002169,0,Low,,Auto process,discount_pct=0.0; payment_failures=0; device_reuse=1; total_qty=7
O000002172,0,Low,,Auto process,discount_pct=0.0; payment_failures=0; device_reuse=1; total_qty=4
O000002156,0,Low,,Auto process,discount_pct=0.0; payment_failures=0; device_reuse=1; total_qty=8
O000002155,0,Low,,Auto process,discount_pct=0.0; payment_failures=0; device_reuse=1; total_qty=3
O000002164,0,Low,,Auto process,discount_pct=0.0; payment_failures=0; device_reuse=1; total_qty=3
O000001446,0,Low,,Auto process,discount_pct=0.0; payment_failures=0; device_reuse=1; total_qty=3
O000001445,0,Low,,Auto process,discount_pct=0.0; payment_failures=0; device_reuse=1; total_qty=3
O000001437,0,Low,,Auto process,discount_pct=0.0; payment_failures=0; device_reuse=1; total_qty=8
O000001441,0,Low,,Auto process,discount_pct=0.02; payment_failures=0; device_reuse=1; total_qty=6
O000001449,0,Low,,Auto process,discount_pct=0.0; payment_failures=0; device_reuse=0; total_qty=8
O000001439,0,Low,,Auto process,discount_pct=0.0; payment_failures=0; device_reuse=1; total_qty=4
O000001411,0,Low,,Auto process,discount_pct=0.0; payment_failures=0; device_reuse=1; total_qty=2
O000001421,0,Low,,Auto process,discount_pct=0.0; payment_failures=0; device_reuse=1; total_qty=6
O000001406,0,Low,,Auto process,discount_pct=0.0; payment_failures=0; device_reuse=1; total_qty=9
O000001409,0,Low,,Auto process,discount_pct=0.0; payment_failures=0; device_reuse=1; total_qty=6
O000002193,0,Low,,Auto process,discount_pct=0.0; payment_failures=0; device_reuse=1; total_qty=6
O000002179,0,Low,,Auto process,discount_pct=0.0; payment_failures=0; device_reuse=1; total_qty=7
O000002176,0,Low,,Auto process,discount_pct=0.0; payment_failures=0; device_reuse=1; total_qty=3
O000002181,0,Low,,Auto process,discount_pct=0.0; payment_failures=0; device_reuse=1; total_qty=5
O000002185,0,Low,,Auto process,discount_pct=0.0; payment_failures=0; device_reuse=1; total_qty=5
O000002177,0,Low,,Auto process,discount_pct=0.07; payment_failures=0; device_reuse=1; total_qty=4
O000002163,0,Low,,Auto process,discount_pct=0.0; payment_failures=0; device_reuse=1; total_qty=6
O000002171,0,Low,,Auto process,discount_pct=0.0; payment_failures=0; device_reuse=1; total_qty=8
O000002158,0,Low,,Auto process,discount_pct=0.0; payment_failures=0; device_reuse=1; total_qty=8
O000002168,0,Low,,Auto process,discount_pct=0.0; payment_failures=0; device_reuse=1; total_qty=8
O000002192,0,Low,,Auto process,discount_pct=0.0; payment_failures=0; device_reuse=0; total_qty=5
O000002189,0,Low,,Auto process,discount_pct=0.0; payment_failures=0; device_reuse=1; total_qty=2
O000002195,0,Low,,Auto process,discount_pct=0.0; payment_failures=0; device_reuse=1; total_qty=8
O000002186,0,Low,,Auto process,discount_pct=0.0; payment_failures=0; device_reuse=1; total_qty=5
O000004620,0,Low,,Auto process,discount_pct=0.0; payment_failures=0; device_reuse=0; total_qty=9
O000002183,0,Low,,Auto process,discount_pct=0.0; payment_failures=0; device_reuse=1; total_qty=8
O000002187,0,Low,,Auto process,discount_pct=0.0; payment_failures=0; device_reuse=1; total_qty=7
O000002190,0,Low,,Auto process,discount_pct=0.0; payment_failures=0; device_reuse=1; total_qty=6
O000002180,0,Low,,Auto process,discount_pct=0.04; payment_failures=0; device_reuse=1; total_qty=7
O000002182,0,Low,,Auto process,discount_pct=0.0; payment_failures=0; device_reuse=1; total_qty=4
O000001432,0,Low,,Auto process,discount_pct=0.0; payment_failures=0; device_reuse=1; total_qty=8
O000001433,0,Low,,Auto process,discount_pct=0.0; payment_failures=0; device_reuse=1; total_qty=3
O000001436,0,Low,,Auto process,discount_pct=0.0; payment_failures=0; device_reuse=1; total_qty=1
O000001430,0,Low,,Auto process,discount_pct=0.01; payment_failures=0; device_reuse=1; total_qty=6
O000001447,0,Low,,Auto process,discount_pct=0.0; payment_failures=0; device_reuse=1; total_qty=8
O000001427,0,Low,,Auto process,discount_pct=0.0; payment_failures=0; device_reuse=1; total_qty=9
O000002214,0,Low,,Auto process,discount_pct=0.0; payment_failures=0; device_reuse=0; total_qty=5
O000002219,0,Low,,Auto process,discount_pct=0.0; payment_failures=0; device_reuse=1; total_qty=3
O000002199,0,Low,,Auto process,discount_pct=0.0; payment_failures=0; device_reuse=1; total_qty=5
O000002203,0,Low,,Auto process,discount_pct=0.0; payment_failures=0; device_reuse=0; total_qty=6
O000002211,0,Low,,Auto process,discount_pct=0.0; payment_failures=0; device_reuse=1; total_qty=7
O000002225,0,Low,,Auto process,discount_pct=0.0; payment_failures=0; device_reuse=1; total_qty=1
O000002213,0,Low,,Auto process,discount_pct=0.0; payment_failures=0; device_reuse=1; total_qty=3
O000002215,0,Low,,Auto process,discount_pct=0.0; payment_failures=0; device_reuse=1; total_qty=10
O000002222,0,Low,,Auto process,discount_pct=0.07; payment_failures=0; device_reuse=1; total_qty=6
O000002206,0,Low,,Auto process,discount_pct=0.0; payment_failures=0; device_reuse=1; total_qty=2
O000002227,0,Low,,Auto process,discount_pct=0.0; payment_failures=0; device_reuse=0; total_qty=7
O000002226,0,Low,,Auto process,discount_pct=0.07; payment_failures=0; device_reuse=1; total_qty=4
O000002201,0,Low,,Auto process,discount_pct=0.0; payment_failures=0; device_reuse=1; total_qty=9
O000002231,0,Low,,Auto process,discount_pct=0.03; payment_failures=0; device_reuse=1; total_qty=7
O000002229,0,Low,,Auto process,discount_pct=0.1; payment_failures=0; device_reuse=1; total_qty=2
O000002210,0,Low,,Auto process,discount_pct=0.0; payment_failures=0; device_reuse=1; total_qty=6
O000001413,0,Low,,Auto process,discount_pct=0.0; payment_failures=0; device_reuse=0; total_qty=3
O000001417,0,Low,,Auto process,discount_pct=0.0; payment_failures=0; device_reuse=1; total_qty=9
O000001410,0,Low,,Auto process,discount_pct=0.0; payment_failures=0; device_reuse=1; total_qty=5
O000001415,0,Low,,Auto process,discount_pct=0.0; payment_failures=0; device_reuse=1; total_qty=8
O000001412,0,Low,,Auto process,discount_pct=0.0; payment_failures=0; device_reuse=1; total_qty=3
O000001422,0,Low,,Auto process,discount_pct=0.0; payment_failures=0; device_reuse=0; total_qty=10
O000001416,0,Low,,Auto process,discount_pct=0.0; payment_failures=0; device_reuse=1; total_qty=1
O000001423,0,Low,,Auto process,discount_pct=0.0; payment_failures=0; device_reuse=0; total_qty=3
O000002200,0,Low,,Auto process,discount_pct=0.11; payment_failures=0; device_reuse=0; total_qty=4
O000002212,0,Low,,Auto process,discount_pct=0.0; payment_failures=0; device_reuse=1; total_qty=5
O000002207,0,Low,,Auto process,discount_pct=0.0; payment_failures=0; device_reuse=1; total_qty=3
O000002197,0,Low,,Auto process,discount_pct=0.0; payment_failures=0; device_reuse=1; total_qty=4
O000002221,0,Low,,Auto process,discount_pct=0.0; payment_failures=0; device_reuse=1; total_qty=3
O000002230,0,Low,,Auto process,discount_pct=0.0; payment_failures=0; device_reuse=1; total_qty=7
O000002208,0,Low,,Auto process,discount_pct=0.05; payment_failures=0; device_reuse=1; total_qty=3
O000002218,0,Low,,Auto process,discount_pct=0.0; payment_failures=0; device_reuse=1; total_qty=2
O000001393,0,Low,,Auto process,discount_pct=0.03; payment_failures=0; device_reuse=1; total_qty=9
O000001389,0,Low,,Auto process,discount_pct=0.0; payment_failures=0; device_reuse=1; total_qty=1
O000001399,0,Low,,Auto process,discount_pct=0.01; payment_failures=0; device_reuse=1; total_qty=3
O000001381,0,Low,,Auto process,discount_pct=0.0; payment_failures=0; device_reuse=1; total_qty=2
O000001379,0,Low,,Auto process,discount_pct=0.0; payment_failures=0; device_reuse=0; total_qty=1
O000001390,0,Low,,Auto process,discount_pct=0.0; payment_failures=0; device_reuse=1; total_qty=7
O000001394,0,Low,,Auto process,discount_pct=0.0; payment_failures=0; device_reuse=1; total_qty=3
O000002245,0,Low,,Auto process,discount_pct=0.0; payment_failures=0; device_reuse=1; total_qty=6
O000002238,0,Low,,Auto process,discount_pct=0.0; payment_failures=0; device_reuse=0; total_qty=4
O000002247,0,Low,,Auto process,discount_pct=0.0; payment_failures=0; device_reuse=1; total_qty=5
O000002234,0,Low,,Auto process,discount_pct=0.0; payment_failures=0; device_reuse=0; total_qty=1
O000002240,0,Low,,Auto process,discount_pct=0.0; payment_failures=0; device_reuse=1; total_qty=9
O000002249,0,Low,,Auto process,discount_pct=0.0; payment_failures=0; device_reuse=1; total_qty=5
O000002235,0,Low,,Auto process,discount_pct=0.0; payment_failures=0; device_reuse=1; total_qty=8
O000002246,0,Low,,Auto process,discount_pct=0.0; payment_failures=0; device_reuse=1; total_qty=2
O000001426,0,Low,,Auto process,discount_pct=0.0; payment_failures=0; device_reuse=1; total_qty=5
O000002261,0,Low,,Auto process,discount_pct=0.0; payment_failures=0; device_reuse=1; total_qty=1
O000002273,0,Low,,Auto process,discount_pct=0.0; payment_failures=0; device_reuse=1; total_qty=5
O000002277,0,Low,,Auto process,discount_pct=0.01; payment_failures=0; device_reuse=1; total_qty=6
O000002275,0,Low,,Auto process,discount_pct=0.0; payment_failures=0; device_reuse=1; total_qty=10
O000002263,0,Low,,Auto process,discount_pct=0.0; payment_failures=0; device_reuse=1; total_qty=3
O000002266,0,Low,,Auto process,discount_pct=0.0; payment_failures=0; device_reuse=1; total_qty=4
O000002232,0,Low,,Auto process,discount_pct=0.0; payment_failures=0; device_reuse=1; total_qty=2
O000002243,0,Low,,Auto process,discount_pct=0.04; payment_failures=0; device_reuse=0; total_qty=3
O000002233,0,Low,,Auto process,discount_pct=0.05; payment_failures=0; device_reuse=1; total_qty=6
O000002253,0,Low,,Auto process,discount_pct=0.0; payment_failures=0; device_reuse=0; total_qty=10
O000002248,0,Low,,Auto process,discount_pct=0.07; payment_failures=0; device_reuse=0; total_qty=7
O000002241,0,Low,,Auto process,discount_pct=0.0; payment_failures=0; device_reuse=1; total_qty=1
O000001378,0,Low,,Auto process,discount_pct=0.0; payment_failures=0; device_reuse=1; total_qty=2
O000001355,0,Low,,Auto process,discount_pct=0.0; payment_failures=0; device_reuse=1; total_qty=2
O000001386,0,Low,,Auto process,discount_pct=0.3; payment_failures=0; device_reuse=1; total_qty=1
O000001384,0,Low,,Auto process,discount_pct=0.0; payment_failures=0; device_reuse=1; total_qty=9
O000001344,0,Low,,Auto process,discount_pct=0.0; payment_failures=0; device_reuse=1; total_qty=5
O000001369,0,Low,,Auto process,discount_pct=0.0; payment_failures=0; device_reuse=1; total_qty=1
O000001371,0,Low,,Auto process,discount_pct=0.0; payment_failures=0; device_reuse=1; total_qty=3
O000001352,0,Low,,Auto process,discount_pct=0.0; payment_failures=0; device_reuse=1; total_qty=3
O000001363,0,Low,,Auto process,discount_pct=0.0; payment_failures=0; device_reuse=1; total_qty=4
O000001377,0,Low,,Auto process,discount_pct=0.0; payment_failures=0; device_reuse=1; total_qty=6
O000001357,0,Low,,Auto process,discount_pct=0.0; payment_failures=0; device_reuse=1; total_qty=6
O000001346,0,Low,,Auto process,discount_pct=0.0; payment_failures=0; device_reuse=1; total_qty=7
O000002265,0,Low,,Auto process,discount_pct=0.0; payment_failures=0; device_reuse=0; total_qty=5
O000002270,0,Low,,Auto process,discount_pct=0.0; payment_failures=0; device_reuse=1; total_qty=6
O000002262,0,Low,,Auto process,discount_pct=0.0; payment_failures=0; device_reuse=1; total_qty=5
O000002268,0,Low,,Auto process,discount_pct=0.0; payment_failures=0; device_reuse=0; total_qty=1
O000002274,0,Low,,Auto process,discount_pct=0.0; payment_failures=0; device_reuse=1; total_qty=7
O000002264,0,Low,,Auto process,discount_pct=0.0; payment_failures=0; device_reuse=1; total_qty=8
O000002269,0,Low,,Auto process,discount_pct=0.0; payment_failures=0; device_reuse=1; total_qty=6
O000002256,0,Low,,Auto process,discount_pct=0.0; payment_failures=0; device_reuse=1; total_qty=3
O000001376,0,Low,,Auto process,discount_pct=0.0; payment_failures=0; device_reuse=1; total_qty=8
O000002294,0,Low,,Auto process,discount_pct=0.14; payment_failures=0; device_reuse=1; total_qty=2
O000002297,0,Low,,Auto process,discount_pct=0.0; payment_failures=0; device_reuse=1; total_qty=6
O000002298,0,Low,,Auto process,discount_pct=0.0; payment_failures=0; device_reuse=1; total_qty=8
O000002289,0,Low,,Auto process,discount_pct=0.12; payment_failures=0; device_reuse=1; total_qty=3
O000002281,0,Low,,Auto process,discount_pct=0.0; payment_failures=0; device_reuse=0; total_qty=8
O000002290,0,Low,,Auto process,discount_pct=0.0; payment_failures=0; device_reuse=1; total_qty=6
O000002284,0,Low,,Auto process,discount_pct=0.0; payment_failures=0; device_reuse=1; total_qty=6
O000002283,0,Low,,Auto process,discount_pct=0.0; payment_failures=0; device_reuse=1; total_qty=7
O000002301,0,Low,,Auto process,discount_pct=0.0; payment_failures=0; device_reuse=1; total_qty=3
O000001370,0,Low,,Auto process,discount_pct=0.0; payment_failures=0; device_reuse=1; total_qty=4
O000001366,0,Low,,Auto process,discount_pct=0.0; payment_failures=0; device_reuse=1; total_qty=6
O000001360,0,Low,,Auto process,discount_pct=0.0; payment_failures=0; device_reuse=1; total_qty=8
O000001374,0,Low,,Auto process,discount_pct=0.0; payment_failures=0; device_reuse=1; total_qty=5
O000001368,0,Low,,Auto process,discount_pct=0.1; payment_failures=0; device_reuse=1; total_qty=3
O000001372,0,Low,,Auto process,discount_pct=0.0; payment_failures=0; device_reuse=1; total_qty=3
O000002328,0,Low,,Auto process,discount_pct=0.09; payment_failures=0; device_reuse=1; total_qty=2
O000002307,0,Low,,Auto process,discount_pct=0.0; payment_failures=0; device_reuse=1; total_qty=3
O000002315,0,Low,,Auto process,discount_pct=0.0; payment_failures=0; device_reuse=1; total_qty=2
O000002321,0,Low,,Auto process,discount_pct=0.0; payment_failures=0; device_reuse=1; total_qty=4
O000002329,0,Low,,Auto process,discount_pct=0.24; payment_failures=0; device_reuse=1; total_qty=3
O000002327,0,Low,,Auto process,discount_pct=0.0; payment_failures=0; device_reuse=1; total_qty=4
O000002323,0,Low,,Auto process,discount_pct=0.0; payment_failures=0; device_reuse=0; total_qty=4
O000002317,0,Low,,Auto process,discount_pct=0.0; payment_failures=0; device_reuse=1; total_qty=4
O000002292,0,Low,,Auto process,discount_pct=0.0; payment_failures=0; device_reuse=1; total_qty=7
O000002291,0,Low,,Auto process,discount_pct=0.0; payment_failures=0; device_reuse=1; total_qty=10
O000002282,0,Low,,Auto process,discount_pct=0.0; payment_failures=0; device_reuse=1; total_qty=3
O000002296,0,Low,,Auto process,discount_pct=0.0; payment_failures=0; device_reuse=0; total_qty=3
O000002286,0,Low,,Auto process,discount_pct=0.04; payment_failures=0; device_reuse=0; total_qty=8
O000001361,0,Low,,Auto process,discount_pct=0.0; payment_failures=0; device_reuse=1; total_qty=9
O000001349,0,Low,,Auto process,discount_pct=0.0; payment_failures=0; device_reuse=1; total_qty=6
O000001359,0,Low,,Auto process,discount_pct=0.0; payment_failures=0; device_reuse=1; total_qty=2
O000001314,0,Low,,Auto process,discount_pct=0.0; payment_failures=0; device_reuse=1; total_qty=4
O000001330,0,Low,,Auto process,discount_pct=0.0; payment_failures=0; device_reuse=0; total_qty=5
O000001336,0,Low,,Auto process,discount_pct=0.0; payment_failures=0; device_reuse=1; total_qty=5
O000001317,0,Low,,Auto process,discount_pct=0.03; payment_failures=0; device_reuse=1; total_qty=7
O000001328,0,Low,,Auto process,discount_pct=0.0; payment_failures=0; device_reuse=1; total_qty=7
O000001327,0,Low,,Auto process,discount_pct=0.0; payment_failures=0; device_reuse=1; total_qty=6
O000002306,0,Low,,Auto process,discount_pct=0.0; payment_failures=0; device_reuse=1; total_qty=5
O000002318,0,Low,,Auto process,discount_pct=0.0; payment_failures=0; device_reuse=1; total_qty=5
O000002309,0,Low,,Auto process,discount_pct=0.0; payment_failures=0; device_reuse=1; total_qty=9
O000002305,0,Low,,Auto process,discount_pct=0.0; payment_failures=0; device_reuse=1; total_qty=3
O000002312,0,Low,,Auto process,discount_pct=0.1; payment_failures=0; device_reuse=1; total_qty=3
O000002308,0,Low,,Auto process,discount_pct=0.0; payment_failures=0; device_reuse=1; total_qty=3
O000002316,0,Low,,Auto process,discount_pct=0.0; payment_failures=0; device_reuse=1; total_qty=4
O000002313,0,Low,,Auto process,discount_pct=0.0; payment_failures=0; device_reuse=1; total_qty=2
O000002322,0,Low,,Auto process,discount_pct=0.0; payment_failures=0; device_reuse=1; total_qty=5
O000002325,0,Low,,Auto process,discount_pct=0.0; payment_failures=0; device_reuse=1; total_qty=2
O000001316,0,Low,,Auto process,discount_pct=0.0; payment_failures=0; device_reuse=0; total_qty=1
O000001318,0,Low,,Auto process,discount_pct=0.01; payment_failures=0; device_reuse=1; total_qty=10
O000001320,0,Low,,Auto process,discount_pct=0.0; payment_failures=0; device_reuse=1; total_qty=6
O000001331,0,Low,,Auto process,discount_pct=0.0; payment_failures=0; device_reuse=1; total_qty=7
O000001319,0,Low,,Auto process,discount_pct=0.0; payment_failures=0; device_reuse=1; total_qty=3
O000001326,0,Low,,Auto process,discount_pct=0.0; payment_failures=0; device_reuse=0; total_qty=3
O000001297,0,Low,,Auto process,discount_pct=0.0; payment_failures=0; device_reuse=1; total_qty=2
O000002336,0,Low,,Auto process,discount_pct=0.0; payment_failures=0; device_reuse=1; total_qty=7
O000004626,0,Low,,Auto process,discount_pct=0.0; payment_failures=0; device_reuse=1; total_qty=4
O000002351,0,Low,,Auto process,discount_pct=0.05; payment_failures=0; device_reuse=1; total_qty=9
O000002339,0,Low,,Auto process,discount_pct=0.0; payment_failures=0; device_reuse=1; total_qty=3
O000002303,0,Low,,Auto process,discount_pct=0.05; payment_failures=0; device_reuse=1; total_qty=9
O000001325,0,Low,,Auto process,discount_pct=0.0; payment_failures=0; device_reuse=1; total_qty=3
O000001332,0,Low,,Auto process,discount_pct=0.04; payment_failures=0; device_reuse=1; total_qty=4
O000001321,0,Low,,Auto process,discount_pct=0.02; payment_failures=0; device_reuse=1; total_qty=4
O000001323,0,Low,,Auto process,discount_pct=0.0; payment_failures=0; device_reuse=1; total_qty=5
O000002365,0,Low,,Auto process,discount_pct=0.0; payment_failures=0; device_reuse=1; total_qty=1
O000002390,0,Low,,Auto process,discount_pct=0.05; payment_failures=0; device_reuse=0; total_qty=4
O000002359,0,Low,,Auto process,discount_pct=0.1; payment_failures=0; device_reuse=1; total_qty=6
O000002330,0,Low,,Auto process,discount_pct=0.0; payment_failures=0; device_reuse=1; total_qty=10
O000002335,0,Low,,Auto process,discount_pct=0.0; payment_failures=0; device_reuse=1; total_qty=5
O000002356,0,Low,,Auto process,discount_pct=0.05; payment_failures=0; device_reuse=0; total_qty=3
O000002338,0,Low,,Auto process,discount_pct=0.0; payment_failures=0; device_reuse=0; total_qty=3
O000002341,0,Low,,Auto process,discount_pct=0.0; payment_failures=0; device_reuse=1; total_qty=8
O000002331,0,Low,,Auto process,discount_pct=0.07; payment_failures=0; device_reuse=1; total_qty=6
O000002354,0,Low,,Auto process,discount_pct=0.07; payment_failures=0; device_reuse=1; total_qty=8
O000002340,0,Low,,Auto process,discount_pct=0.0; payment_failures=0; device_reuse=1; total_qty=6
O000002346,0,Low,,Auto process,discount_pct=0.0; payment_failures=0; device_reuse=1; total_qty=8
O000002350,0,Low,,Auto process,discount_pct=0.05; payment_failures=0; device_reuse=1; total_qty=3
O000002337,0,Low,,Auto process,discount_pct=0.0; payment_failures=0; device_reuse=1; total_qty=5
O000002334,0,Low,,Auto process,discount_pct=0.0; payment_failures=0; device_reuse=1; total_qty=3
O000001322,0,Low,,Auto process,discount_pct=0.03; payment_failures=0; device_reuse=0; total_qty=2
O000002388,0,Low,,Auto process,discount_pct=0.0; payment_failures=0; device_reuse=1; total_qty=4
O000002371,0,Low,,Auto process,discount_pct=0.0; payment_failures=0; device_reuse=1; total_qty=3
O000002392,0,Low,,Auto process,discount_pct=0.0; payment_failures=0; device_reuse=1; total_qty=6
O000002385,0,Low,,Auto process,discount_pct=0.0; payment_failures=0; device_reuse=1; total_qty=8
O000002386,0,Low,,Auto process,discount_pct=0.05; payment_failures=0; device_reuse=1; total_qty=7
O000002367,0,Low,,Auto process,discount_pct=0.0; payment_failures=0; device_reuse=1; total_qty=4
O000002379,0,Low,,Auto process,discount_pct=0.0; payment_failures=0; device_reuse=1; total_qty=2
O000002384,0,Low,,Auto process,discount_pct=0.0; payment_failures=0; device_reuse=1; total_qty=3
O000002391,0,Low,,Auto process,discount_pct=0.0; payment_failures=0; device_reuse=1; total_qty=3
O000002370,0,Low,,Auto process,discount_pct=0.02; payment_failures=0; device_reuse=1; total_qty=5
O000002381,0,Low,,Auto process,discount_pct=0.0; payment_failures=0; device_reuse=1; total_qty=6
O000002369,0,Low,,Auto process,discount_pct=0.0; payment_failures=0; device_reuse=1; total_qty=2
O000002387,0,Low,,Auto process,discount_pct=0.0; payment_failures=0; device_reuse=1; total_qty=4
O000002389,0,Low,,Auto process,discount_pct=0.0; payment_failures=0; device_reuse=1; total_qty=6
O000002376,0,Low,,Auto process,discount_pct=0.0; payment_failures=0; device_reuse=1; total_qty=7
O000002382,0,Low,,Auto process,discount_pct=0.01; payment_failures=0; device_reuse=1; total_qty=7
O000001294,0,Low,,Auto process,discount_pct=0.03; payment_failures=0; device_reuse=1; total_qty=8
O000001295,0,Low,,Auto process,discount_pct=0.0; payment_failures=0; device_reuse=0; total_qty=6
O000001301,0,Low,,Auto process,discount_pct=0.0; payment_failures=0; device_reuse=1; total_qty=7
O000001307,0,Low,,Auto process,discount_pct=0.0; payment_failures=0; device_reuse=1; total_qty=4
O000001299,0,Low,,Auto process,discount_pct=0.0; payment_failures=0; device_reuse=1; total_qty=1
O000001291,0,Low,,Auto process,discount_pct=0.01; payment_failures=0; device_reuse=1; total_qty=6
O000001290,0,Low,,Auto process,discount_pct=0.0; payment_failures=0; device_reuse=0; total_qty=2
O000001313,0,Low,,Auto process,discount_pct=0.0; payment_failures=0; device_reuse=0; total_qty=7
O000001293,0,Low,,Auto process,discount_pct=0.15; payment_failures=0; device_reuse=1; total_qty=3
O000001300,0,Low,,Auto process,discount_pct=0.0; payment_failures=0; device_reuse=0; total_qty=5
O000002368,0,Low,,Auto process,discount_pct=0.0; payment_failures=0; device_reuse=1; total_qty=9
O000002361,0,Low,,Auto process,discount_pct=0.0; payment_failures=0; device_reuse=1; total_qty=3
O000002363,0,Low,,Auto process,discount_pct=0.0; payment_failures=0; device_reuse=0; total_qty=5
O000002383,0,Low,,Auto process,discount_pct=0.0; payment_failures=0; device_reuse=0; total_qty=4
O000002375,0,Low,,Auto process,discount_pct=0.0; payment_failures=0; device_reuse=1; total_qty=6
O000002366,0,Low,,Auto process,discount_pct=0.05; payment_failures=0; device_reuse=1; total_qty=3
O000002394,0,Low,,Auto process,discount_pct=0.0; payment_failures=0; device_reuse=0; total_qty=1
O000002418,0,Low,,Auto process,discount_pct=0.0; payment_failures=0; device_reuse=1; total_qty=5
O000002423,0,Low,,Auto process,discount_pct=0.0; payment_failures=0; device_reuse=1; total_qty=5
O000002395,0,Low,,Auto process,discount_pct=0.05; payment_failures=0; device_reuse=1; total_qty=9
O000002420,0,Low,,Auto process,discount_pct=0.05; payment_failures=0; device_reuse=1; total_qty=3
O000002422,0,Low,,Auto process,discount_pct=0.0; payment_failures=0; device_reuse=1; total_qty=2
O000002408,0,Low,,Auto process,discount_pct=0.0; payment_failures=0; device_reuse=1; total_qty=4
O000002404,0,Low,,Auto process,discount_pct=0.0; payment_failures=0; device_reuse=0; total_qty=8
O000002427,0,Low,,Auto process,discount_pct=0.0; payment_failures=0; device_reuse=0; total_qty=10
O000002414,0,Low,,Auto process,discount_pct=0.0; payment_failures=0; device_reuse=0; total_qty=4
O000002373,0,Low,,Auto process,discount_pct=0.0; payment_failures=0; device_reuse=0; total_qty=3
O000002393,0,Low,,Auto process,discount_pct=0.02; payment_failures=0; device_reuse=1; total_qty=5
O000001308,0,Low,,Auto process,discount_pct=0.0; payment_failures=0; device_reuse=1; total_qty=6
O000001289,0,Low,,Auto process,discount_pct=0.0; payment_failures=0; device_reuse=1; total_qty=1
O000001310,0,Low,,Auto process,discount_pct=0.04; payment_failures=0; device_reuse=1; total_qty=3
O000001306,0,Low,,Auto process,discount_pct=0.0; payment_failures=0; device_reuse=1; total_qty=2
O000001261,0,Low,,Auto process,discount_pct=0.05; payment_failures=0; device_reuse=1; total_qty=9
O000001283,0,Low,,Auto process,discount_pct=0.0; payment_failures=0; device_reuse=1; total_qty=6
O000001269,0,Low,,Auto process,discount_pct=0.21; payment_failures=0; device_reuse=1; total_qty=6
O000001262,0,Low,,Auto process,discount_pct=0.0; payment_failures=0; device_reuse=1; total_qty=9
O000001279,0,Low,,Auto process,discount_pct=0.0; payment_failures=0; device_reuse=1; total_qty=1
O000001275,0,Low,,Auto process,discount_pct=0.0; payment_failures=0; device_reuse=1; total_qty=5
O000001278,0,Low,,Auto process,discount_pct=0.0; payment_failures=0; device_reuse=1; total_qty=3
O000002403,0,Low,,Auto process,discount_pct=0.0; payment_failures=0; device_reuse=1; total_qty=5
O000002416,0,Low,,Auto process,discount_pct=0.0; payment_failures=0; device_reuse=1; total_qty=8
O000002405,0,Low,,Auto process,discount_pct=0.06; payment_failures=0; device_reuse=0; total_qty=8
O000002411,0,Low,,Auto process,discount_pct=0.0; payment_failures=0; device_reuse=1; total_qty=8
O000002415,0,Low,,Auto process,discount_pct=0.03; payment_failures=0; device_reuse=0; total_qty=4
O000002424,0,Low,,Auto process,discount_pct=0.02; payment_failures=0; device_reuse=1; total_qty=7
O000002417,0,Low,,Auto process,discount_pct=0.0; payment_failures=0; device_reuse=1; total_qty=4
O000002413,0,Low,,Auto process,discount_pct=0.0; payment_failures=0; device_reuse=0; total_qty=8
O000002426,0,Low,,Auto process,discount_pct=0.0; payment_failures=0; device_reuse=1; total_qty=1
O000002431,0,Low,,Auto process,discount_pct=0.0; payment_failures=0; device_reuse=1; total_qty=1
O000002432,0,Low,,Auto process,discount_pct=0.0; payment_failures=0; device_reuse=1; total_qty=6
O000002457,0,Low,,Auto process,discount_pct=0.0; payment_failures=0; device_reuse=1; total_qty=10
O000002421,0,Low,,Auto process,discount_pct=0.0; payment_failures=0; device_reuse=1; total_qty=4
O000002401,0,Low,,Auto process,discount_pct=0.0; payment_failures=0; device_reuse=1; total_qty=7
O000002407,0,Low,,Auto process,discount_pct=0.0; payment_failures=0; device_reuse=1; total_qty=2
O000002419,0,Low,,Auto process,discount_pct=0.02; payment_failures=0; device_reuse=1; total_qty=3
O000002398,0,Low,,Auto process,discount_pct=0.0; payment_failures=0; device_reuse=1; total_qty=6
O000001286,0,Low,,Auto process,discount_pct=0.0; payment_failures=0; device_reuse=1; total_qty=3
O000001277,0,Low,,Auto process,discount_pct=0.0; payment_failures=0; device_reuse=1; total_qty=1
O000001268,0,Low,,Auto process,discount_pct=0.0; payment_failures=0; device_reuse=1; total_qty=5
O000001282,0,Low,,Auto process,discount_pct=0.0; payment_failures=0; device_reuse=1; total_qty=3
O000001284,0,Low,,Auto process,discount_pct=0.0; payment_failures=0; device_reuse=1; total_qty=6
O000001285,0,Low,,Auto process,discount_pct=0.15; payment_failures=0; device_reuse=1; total_qty=6
O000001265,0,Low,,Auto process,discount_pct=0.0; payment_failures=0; device_reuse=1; total_qty=5
O000001264,0,Low,,Auto process,discount_pct=0.0; payment_failures=0; device_reuse=1; total_qty=7
O000002443,0,Low,,Auto process,discount_pct=0.04; payment_failures=0; device_reuse=1; total_qty=3
O000002454,0,Low,,Auto process,discount_pct=0.0; payment_failures=0; device_reuse=1; total_qty=1
O000002437,0,Low,,Auto process,discount_pct=0.0; payment_failures=0; device_reuse=1; total_qty=8
O000002450,0,Low,,Auto process,discount_pct=0.0; payment_failures=0; device_reuse=1; total_qty=2
O000002433,0,Low,,Auto process,discount_pct=0.02; payment_failures=0; device_reuse=1; total_qty=6
O000002449,0,Low,,Auto process,discount_pct=0.0; payment_failures=0; device_reuse=1; total_qty=4
O000002448,0,Low,,Auto process,discount_pct=0.0; payment_failures=0; device_reuse=1; total_qty=3
O000002429,0,Low,,Auto process,discount_pct=0.0; payment_failures=0; device_reuse=1; total_qty=2
O000002442,0,Low,,Auto process,discount_pct=0.0; payment_failures=0; device_reuse=1; total_qty=9
O000002439,0,Low,,Auto process,discount_pct=0.0; payment_failures=0; device_reuse=1; total_qty=3
O000002440,0,Low,,Auto process,discount_pct=0.23; payment_failures=0; device_reuse=1; total_qty=5
O000002434,0,Low,,Auto process,discount_pct=0.0; payment_failures=0; device_reuse=1; total_qty=5
O000002444,0,Low,,Auto process,discount_pct=0.0; payment_failures=0; device_reuse=1; total_qty=2
O000002446,0,Low,,Auto process,discount_pct=0.0; payment_failures=0; device_reuse=1; total_qty=7
O000002452,0,Low,,Auto process,discount_pct=0.0; payment_failures=0; device_reuse=1; total_qty=7
O000002455,0,Low,,Auto process,discount_pct=0.11; payment_failures=0; device_reuse=1; total_qty=5
O000002461,0,Low,,Auto process,discount_pct=0.04; payment_failures=1; device_reuse=1; total_qty=3
O000002486,0,Low,,Auto process,discount_pct=0.0; payment_failures=0; device_reuse=1; total_qty=5
O000002459,0,Low,,Auto process,discount_pct=0.0; payment_failures=0; device_reuse=1; total_qty=4
O000002468,0,Low,,Auto process,discount_pct=0.1; payment_failures=0; device_reuse=1; total_qty=1
O000002496,0,Low,,Auto process,discount_pct=0.0; payment_failures=0; device_reuse=1; total_qty=2
O000002492,0,Low,,Auto process,discount_pct=0.0; payment_failures=0; device_reuse=0; total_qty=6
O000002472,0,Low,,Auto process,discount_pct=0.0; payment_failures=0; device_reuse=1; total_qty=4
O000002493,0,Low,,Auto process,discount_pct=0.0; payment_failures=0; device_reuse=1; total_qty=2
O000002495,0,Low,,Auto process,discount_pct=0.0; payment_failures=0; device_reuse=0; total_qty=2
O000002476,0,Low,,Auto process,discount_pct=0.0; payment_failures=0; device_reuse=1; total_qty=7
O000002489,0,Low,,Auto process,discount_pct=0.0; payment_failures=0; device_reuse=0; total_qty=6
O000002473,0,Low,,Auto process,discount_pct=0.0; payment_failures=0; device_reuse=1; total_qty=5
O000002485,0,Low,,Auto process,discount_pct=0.07; payment_failures=0; device_reuse=1; total_qty=3
O000002451,0,Low,,Auto process,discount_pct=0.0; payment_failures=0; device_reuse=1; total_qty=6
O000002436,0,Low,,Auto process,discount_pct=0.0; payment_failures=0; device_reuse=1; total_qty=8
O000002438,0,Low,,Auto process,discount_pct=0.0; payment_failures=0; device_reuse=1; total_qty=9
O000004617,0,Low,,Auto process,discount_pct=0.0; payment_failures=0; device_reuse=1; total_qty=1
O000001254,0,Low,,Auto process,discount_pct=0.14; payment_failures=0; device_reuse=1; total_qty=2
O000001245,0,Low,,Auto process,discount_pct=0.0; payment_failures=0; device_reuse=1; total_qty=5
O000001250,0,Low,,Auto process,discount_pct=0.0; payment_failures=0; device_reuse=0; total_qty=6
O000001242,0,Low,,Auto process,discount_pct=0.0; payment_failures=0; device_reuse=1; total_qty=9
O000001248,0,Low,,Auto process,discount_pct=0.19; payment_failures=0; device_reuse=1; total_qty=1
O000001247,0,Low,,Auto process,discount_pct=0.0; payment_failures=0; device_reuse=0; total_qty=7
O000001243,0,Low,,Auto process,discount_pct=0.0; payment_failures=0; device_reuse=1; total_qty=9
O000001253,0,Low,,Auto process,discount_pct=0.01; payment_failures=0; device_reuse=0; total_qty=7
O000001257,0,Low,,Auto process,discount_pct=0.0; payment_failures=0; device_reuse=1; total_qty=3
O000001260,0,Low,,Auto process,discount_pct=0.03; payment_failures=0; device_reuse=1; total_qty=3
O000001252,0,Low,,Auto process,discount_pct=0.0; payment_failures=0; device_reuse=1; total_qty=4
O000001251,0,Low,,Auto process,discount_pct=0.0; payment_failures=0; device_reuse=1; total_qty=6
O000002490,0,Low,,Auto process,discount_pct=0.0; payment_failures=0; device_reuse=1; total_qty=2
O000002471,0,Low,,Auto process,discount_pct=0.11; payment_failures=0; device_reuse=1; total_qty=1
O000002491,0,Low,,Auto process,discount_pct=0.01; payment_failures=0; device_reuse=1; total_qty=6
O000002503,0,Low,,Auto process,discount_pct=0.0; payment_failures=0; device_reuse=1; total_qty=6
O000002512,0,Low,,Auto process,discount_pct=0.0; payment_failures=0; device_reuse=1; total_qty=4
O000002510,0,Low,,Auto process,discount_pct=0.0; payment_failures=0; device_reuse=1; total_qty=3
O000002505,0,Low,,Auto process,discount_pct=0.0; payment_failures=0; device_reuse=1; total_qty=9
O000002466,0,Low,,Auto process,discount_pct=0.05; payment_failures=0; device_reuse=1; total_qty=3
O000002463,0,Low,,Auto process,discount_pct=0.0; payment_failures=0; device_reuse=1; total_qty=6
O000002469,0,Low,,Auto process,discount_pct=0.0; payment_failures=0; device_reuse=1; total_qty=4
O000002482,0,Low,,Auto process,discount_pct=0.0; payment_failures=0; device_reuse=1; total_qty=9
O000002481,0,Low,,Auto process,discount_pct=0.0; payment_failures=0; device_reuse=1; total_qty=9
O000002460,0,Low,,Auto process,discount_pct=0.0; payment_failures=0; device_reuse=0; total_qty=5
O000002478,0,Low,,Auto process,discount_pct=0.0; payment_failures=0; device_reuse=1; total_qty=3
O000002484,0,Low,,Auto process,discount_pct=0.09; payment_failures=0; device_reuse=1; total_qty=3
O000002477,0,Low,,Auto process,discount_pct=0.0; payment_failures=0; device_reuse=1; total_qty=4
O000001259,0,Low,,Auto process,discount_pct=0.0; payment_failures=0; device_reuse=1; total_qty=3
O000001256,0,Low,,Auto process,discount_pct=0.02; payment_failures=0; device_reuse=1; total_qty=5
O000001258,0,Low,,Auto process,discount_pct=0.0; payment_failures=0; device_reuse=1; total_qty=8
O000001229,0,Low,,Auto process,discount_pct=0.0; payment_failures=0; device_reuse=1; total_qty=6
O000001234,0,Low,,Auto process,discount_pct=0.0; payment_failures=0; device_reuse=0; total_qty=9
O000001233,0,Low,,Auto process,discount_pct=0.0; payment_failures=0; device_reuse=1; total_qty=3
O000001239,0,Low,,Auto process,discount_pct=0.03; payment_failures=0; device_reuse=1; total_qty=6
O000001237,0,Low,,Auto process,discount_pct=0.0; payment_failures=0; device_reuse=1; total_qty=1
O000002520,0,Low,,Auto process,discount_pct=0.0; payment_failures=0; device_reuse=0; total_qty=4
O000002518,0,Low,,Auto process,discount_pct=0.0; payment_failures=0; device_reuse=1; total_qty=8
O000002523,0,Low,,Auto process,discount_pct=0.0; payment_failures=0; device_reuse=1; total_qty=5
O000002497,0,Low,,Auto process,discount_pct=0.0; payment_failures=0; device_reuse=1; total_qty=6
O000002500,0,Low,,Auto process,discount_pct=0.23; payment_failures=0; device_reuse=0; total_qty=2
O000002515,0,Low,,Auto process,discount_pct=0.0; payment_failures=0; device_reuse=1; total_qty=2
O000002504,0,Low,,Auto process,discount_pct=0.0; payment_failures=0; device_reuse=1; total_qty=7
O000002513,0,Low,,Auto process,discount_pct=0.07; payment_failures=0; device_reuse=1; total_qty=4
O000002502,0,Low,,Auto process,discount_pct=0.0; payment_failures=0; device_reuse=1; total_qty=4
O000002511,0,Low,,Auto process,discount_pct=0.0; payment_failures=0; device_reuse=1; total_qty=4
O000002521,0,Low,,Auto process,discount_pct=0.0; payment_failures=0; device_reuse=1; total_qty=6
O000001218,0,Low,,Auto process,discount_pct=0.06; payment_failures=0; device_reuse=0; total_qty=3
O000001225,0,Low,,Auto process,discount_pct=0.0; payment_failures=0; device_reuse=0; total_qty=2
O000001211,0,Low,,Auto process,discount_pct=0.0; payment_failures=0; device_reuse=1; total_qty=9
O000002525,0,Low,,Auto process,discount_pct=0.0; payment_failures=0; device_reuse=1; total_qty=3
O000002530,0,Low,,Auto process,discount_pct=0.0; payment_failures=0; device_reuse=1; total_qty=8
O000002537,0,Low,,Auto process,discount_pct=0.0; payment_failures=0; device_reuse=1; total_qty=1
O000002541,0,Low,,Auto process,discount_pct=0.21; payment_failures=0; device_reuse=1; total_qty=1
O000002524,0,Low,,Auto process,discount_pct=0.0; payment_failures=0; device_reuse=1; total_qty=5
O000002498,0,Low,,Auto process,discount_pct=0.0; payment_failures=0; device_reuse=1; total_qty=4
O000002516,0,Low,,Auto process,discount_pct=0.0; payment_failures=0; device_reuse=1; total_qty=5
O000002517,0,Low,,Auto process,discount_pct=0.0; payment_failures=0; device_reuse=1; total_qty=3
O000002522,0,Low,,Auto process,discount_pct=0.0; payment_failures=0; device_reuse=1; total_qty=2
O000001227,0,Low,,Auto process,discount_pct=0.0; payment_failures=0; device_reuse=0; total_qty=7
O000001240,0,Low,,Auto process,discount_pct=0.0; payment_failures=0; device_reuse=1; total_qty=5
O000001232,0,Low,,Auto process,discount_pct=0.0; payment_failures=0; device_reuse=1; total_qty=4
O000001230,0,Low,,Auto process,discount_pct=0.04; payment_failures=0; device_reuse=1; total_qty=4
O000002539,0,Low,,Auto process,discount_pct=0.0; payment_failures=0; device_reuse=1; total_qty=5
O000002535,0,Low,,Auto process,discount_pct=0.09; payment_failures=0; device_reuse=1; total_qty=4
O000002526,0,Low,,Auto process,discount_pct=0.0; payment_failures=0; device_reuse=1; total_qty=3
O000002528,0,Low,,Auto process,discount_pct=0.01; payment_failures=0; device_reuse=1; total_qty=6
O000002540,0,Low,,Auto process,discount_pct=0.0; payment_failures=0; device_reuse=1; total_qty=4
O000002529,0,Low,,Auto process,discount_pct=0.0; payment_failures=0; device_reuse=1; total_qty=2
O000002543,0,Low,,Auto process,discount_pct=0.0; payment_failures=0; device_reuse=1; total_qty=3
O000002534,0,Low,,Auto process,discount_pct=0.0; payment_failures=0; device_reuse=1; total_qty=4
O000001198,0,Low,,Auto process,discount_pct=0.0; payment_failures=0; device_reuse=1; total_qty=5
O000001205,0,Low,,Auto process,discount_pct=0.0; payment_failures=0; device_reuse=1; total_qty=5
O000001222,0,Low,,Auto process,discount_pct=0.0; payment_failures=0; device_reuse=1; total_qty=2
O000001196,0,Low,,Auto process,discount_pct=0.02; payment_failures=0; device_reuse=1; total_qty=5
O000001195,0,Low,,Auto process,discount_pct=0.0; payment_failures=0; device_reuse=1; total_qty=2
O000001219,0,Low,,Auto process,discount_pct=0.0; payment_failures=0; device_reuse=0; total_qty=4
O000001208,0,Low,,Auto process,discount_pct=0.0; payment_failures=0; device_reuse=1; total_qty=8
O000001220,0,Low,,Auto process,discount_pct=0.0; payment_failures=0; device_reuse=0; total_qty=1
O000001214,0,Low,,Auto process,discount_pct=0.01; payment_failures=0; device_reuse=1; total_qty=5
O000001202,0,Low,,Auto process,discount_pct=0.0; payment_failures=0; device_reuse=1; total_qty=4
O000001213,0,Low,,Auto process,discount_pct=0.0; payment_failures=0; device_reuse=1; total_qty=4
O000001204,0,Low,,Auto process,discount_pct=0.05; payment_failures=0; device_reuse=1; total_qty=3
O000001217,0,Low,,Auto process,discount_pct=0.0; payment_failures=0; device_reuse=1; total_qty=4
O000001197,0,Low,,Auto process,discount_pct=0.03; payment_failures=0; device_reuse=1; total_qty=8
O000001203,0,Low,,Auto process,discount_pct=0.0; payment_failures=0; device_reuse=1; total_qty=1
O000002569,0,Low,,Auto process,discount_pct=0.0; payment_failures=0; device_reuse=1; total_qty=2
O000002557,0,Low,,Auto process,discount_pct=0.0; payment_failures=0; device_reuse=0; total_qty=9
O000002558,0,Low,,Auto process,discount_pct=0.02; payment_failures=0; device_reuse=0; total_qty=5
O000002564,0,Low,,Auto process,discount_pct=0.0; payment_failures=0; device_reuse=1; total_qty=6
O000002547,0,Low,,Auto process,discount_pct=0.0; payment_failures=0; device_reuse=1; total_qty=8
O000002548,0,Low,,Auto process,discount_pct=0.0; payment_failures=0; device_reuse=1; total_qty=5
O000002555,0,Low,,Auto process,discount_pct=0.0; payment_failures=0; device_reuse=0; total_qty=5
O000002545,0,Low,,Auto process,discount_pct=0.0; payment_failures=0; device_reuse=1; total_qty=5
O000002554,0,Low,,Auto process,discount_pct=0.0; payment_failures=0; device_reuse=1; total_qty=3
O000002578,0,Low,,Auto process,discount_pct=0.0; payment_failures=0; device_reuse=1; total_qty=5
O000002584,0,Low,,Auto process,discount_pct=0.0; payment_failures=0; device_reuse=1; total_qty=4
O000002570,0,Low,,Auto process,discount_pct=0.0; payment_failures=0; device_reuse=1; total_qty=8
O000002582,0,Low,,Auto process,discount_pct=0.0; payment_failures=0; device_reuse=1; total_qty=5
O000002580,0,Low,,Auto process,discount_pct=0.12; payment_failures=0; device_reuse=1; total_qty=5
O000002590,0,Low,,Auto process,discount_pct=0.0; payment_failures=0; device_reuse=1; total_qty=1
O000002593,0,Low,,Auto process,discount_pct=0.03; payment_failures=0; device_reuse=1; total_qty=8
O000002581,0,Low,,Auto process,discount_pct=0.0; payment_failures=0; device_reuse=1; total_qty=10
O000002591,0,Low,,Auto process,discount_pct=0.2; payment_failures=0; device_reuse=1; total_qty=1
O000002567,0,Low,,Auto process,discount_pct=0.03; payment_failures=0; device_reuse=1; total_qty=3
O000002563,0,Low,,Auto process,discount_pct=0.0; payment_failures=0; device_reuse=1; total_qty=7
O000002565,0,Low,,Auto process,discount_pct=0.0; payment_failures=0; device_reuse=1; total_qty=1
O000001206,0,Low,,Auto process,discount_pct=0.0; payment_failures=0; device_reuse=0; total_qty=2
O000001221,0,Low,,Auto process,discount_pct=0.0; payment_failures=0; device_reuse=1; total_qty=5
O000001209,0,Low,,Auto process,discount_pct=0.0; payment_failures=0; device_reuse=1; total_qty=3
O000001207,0,Low,,Auto process,discount_pct=0.0; payment_failures=0; device_reuse=1; total_qty=4
O000002609,0,Low,,Auto process,discount_pct=0.0; payment_failures=0; device_reuse=1; total_qty=4
O000002606,0,Low,,Auto process,discount_pct=0.04; payment_failures=0; device_reuse=1; total_qty=8
O000002597,0,Low,,Auto process,discount_pct=0.01; payment_failures=0; device_reuse=1; total_qty=7
O000002596,0,Low,,Auto process,discount_pct=0.02; payment_failures=0; device_reuse=1; total_qty=7
O000002603,0,Low,,Auto process,discount_pct=0.0; payment_failures=0; device_reuse=1; total_qty=2
O000002611,0,Low,,Auto process,discount_pct=0.0; payment_failures=0; device_reuse=1; total_qty=3
O000002579,0,Low,,Auto process,discount_pct=0.15; payment_failures=0; device_reuse=1; total_qty=9
O000002571,0,Low,,Auto process,discount_pct=0.0; payment_failures=0; device_reuse=1; total_qty=9
O000002575,0,Low,,Auto process,discount_pct=0.0; payment_failures=0; device_reuse=1; total_qty=3
O000002586,0,Low,,Auto process,discount_pct=0.02; payment_failures=0; device_reuse=1; total_qty=10
O000002576,0,Low,,Auto process,discount_pct=0.0; payment_failures=0; device_reuse=1; total_qty=8
O000002587,0,Low,,Auto process,discount_pct=0.0; payment_failures=0; device_reuse=1; total_qty=1
O000002595,0,Low,,Auto process,discount_pct=0.0; payment_failures=0; device_reuse=0; total_qty=2
O000002577,0,Low,,Auto process,discount_pct=0.0; payment_failures=0; device_reuse=1; total_qty=1
O000002572,0,Low,,Auto process,discount_pct=0.0; payment_failures=0; device_reuse=1; total_qty=5
O000002588,0,Low,,Auto process,discount_pct=0.0; payment_failures=0; device_reuse=1; total_qty=6
O000001184,0,Low,,Auto process,discount_pct=0.0; payment_failures=0; device_reuse=0; total_qty=9
O000001191,0,Low,,Auto process,discount_pct=0.02; payment_failures=0; device_reuse=1; total_qty=3
O000001177,0,Low,,Auto process,discount_pct=0.0; payment_failures=0; device_reuse=0; total_qty=10
O000001192,0,Low,,Auto process,discount_pct=0.0; payment_failures=0; device_reuse=1; total_qty=4
O000001181,0,Low,,Auto process,discount_pct=0.0; payment_failures=0; device_reuse=1; total_qty=9
O000001186,0,Low,,Auto process,discount_pct=0.0; payment_failures=0; device_reuse=1; total_qty=5
O000001180,0,Low,,Auto process,discount_pct=0.0; payment_failures=0; device_reuse=0; total_qty=4
O000001189,0,Low,,Auto process,discount_pct=0.0; payment_failures=0; device_reuse=1; total_qty=3
O000001179,0,Low,,Auto process,discount_pct=0.0; payment_failures=0; device_reuse=1; total_qty=6
O000002612,0,Low,,Auto process,discount_pct=0.0; payment_failures=0; device_reuse=1; total_qty=4
O000002601,0,Low,,Auto process,discount_pct=0.0; payment_failures=0; device_reuse=0; total_qty=6
O000002608,0,Low,,Auto process,discount_pct=0.0; payment_failures=0; device_reuse=1; total_qty=7
O000002599,0,Low,,Auto process,discount_pct=0.06; payment_failures=0; device_reuse=1; total_qty=2
O000002613,0,Low,,Auto process,discount_pct=0.0; payment_failures=0; device_reuse=1; total_qty=3
O000002607,0,Low,,Auto process,discount_pct=0.0; payment_failures=0; device_reuse=1; total_qty=3
O000002602,0,Low,,Auto process,discount_pct=0.0; payment_failures=0; device_reuse=1; total_qty=1
O000001122,0,Low,,Auto process,discount_pct=0.0; payment_failures=0; device_reuse=1; total_qty=3
O000001120,0,Low,,Auto process,discount_pct=0.0; payment_failures=0; device_reuse=0; total_qty=1
O000001146,0,Low,,Auto process,discount_pct=0.0; payment_failures=0; device_reuse=1; total_qty=3
O000002638,0,Low,,Auto process,discount_pct=0.0; payment_failures=0; device_reuse=1; total_qty=7
O000002623,0,Low,,Auto process,discount_pct=0.0; payment_failures=0; device_reuse=1; total_qty=6
O000002626,0,Low,,Auto process,discount_pct=0.0; payment_failures=0; device_reuse=0; total_qty=6
O000002628,0,Low,,Auto process,discount_pct=0.0; payment_failures=0; device_reuse=1; total_qty=4
O000002616,0,Low,,Auto process,discount_pct=0.0; payment_failures=0; device_reuse=1; total_qty=1
O000002639,0,Low,,Auto process,discount_pct=0.03; payment_failures=0; device_reuse=1; total_qty=8
O000001167,0,Low,,Auto process,discount_pct=0.0; payment_failures=0; device_reuse=1; total_qty=3
O000001170,0,Low,,Auto process,discount_pct=0.0; payment_failures=0; device_reuse=1; total_qty=4
O000001166,0,Low,,Auto process,discount_pct=0.05; payment_failures=0; device_reuse=1; total_qty=5
O000001171,0,Low,,Auto process,discount_pct=0.08; payment_failures=0; device_reuse=1; total_qty=4
O000001174,0,Low,,Auto process,discount_pct=0.0; payment_failures=0; device_reuse=1; total_qty=9
O000001187,0,Low,,Auto process,discount_pct=0.0; payment_failures=0; device_reuse=0; total_qty=1
O000001190,0,Low,,Auto process,discount_pct=0.0; payment_failures=0; device_reuse=1; total_qty=7
O000002629,0,Low,,Auto process,discount_pct=0.03; payment_failures=0; device_reuse=1; total_qty=6
O000002637,0,Low,,Auto process,discount_pct=0.0; payment_failures=0; device_reuse=1; total_qty=1
O000002620,0,Low,,Auto process,discount_pct=0.0; payment_failures=0; device_reuse=1; total_qty=6
O000002617,0,Low,,Auto process,discount_pct=0.0; payment_failures=0; device_reuse=1; total_qty=8
O000002632,0,Low,,Auto process,discount_pct=0.0; payment_failures=0; device_reuse=0; total_qty=3
O000002615,0,Low,,Auto process,discount_pct=0.0; payment_failures=0; device_reuse=1; total_qty=6
O000002625,0,Low,,Auto process,discount_pct=0.0; payment_failures=0; device_reuse=1; total_qty=5
O000001169,0,Low,,Auto process,discount_pct=0.0; payment_failures=0; device_reuse=1; total_qty=5
O000001158,0,Low,,Auto process,discount_pct=0.0; payment_failures=0; device_reuse=1; total_qty=6
O000001155,0,Low,,Auto process,discount_pct=0.0; payment_failures=0; device_reuse=1; total_qty=2
O000001165,0,Low,,Auto process,discount_pct=0.04; payment_failures=0; device_reuse=1; total_qty=7
O000001160,0,Low,,Auto process,discount_pct=0.0; payment_failures=0; device_reuse=1; total_qty=3
O000001156,0,Low,,Auto process,discount_pct=0.0; payment_failures=0; device_reuse=1; total_qty=6
O000001163,0,Low,,Auto process,discount_pct=0.0; payment_failures=0; device_reuse=1; total_qty=3
O000001162,0,Low,,Auto process,discount_pct=0.0; payment_failures=0; device_reuse=1; total_qty=2
O000001149,0,Low,,Auto process,discount_pct=0.25; payment_failures=0; device_reuse=1; total_qty=2
O000002671,0,Low,,Auto process,discount_pct=0.0; payment_failures=0; device_reuse=1; total_qty=6
O000002651,0,Low,,Auto process,discount_pct=0.0; payment_failures=0; device_reuse=1; total_qty=1
O000002663,0,Low,,Auto process,discount_pct=0.05; payment_failures=0; device_reuse=1; total_qty=8
O000002645,0,Low,,Auto process,discount_pct=0.0; payment_failures=0; device_reuse=0; total_qty=6
O000002657,0,Low,,Auto process,discount_pct=0.0; payment_failures=0; device_reuse=1; total_qty=1
O000002649,0,Low,,Auto process,discount_pct=0.0; payment_failures=0; device_reuse=1; total_qty=6
O000002658,0,Low,,Auto process,discount_pct=0.0; payment_failures=0; device_reuse=1; total_qty=8
O000002662,0,Low,,Auto process,discount_pct=0.0; payment_failures=0; device_reuse=1; total_qty=5
O000002654,0,Low,,Auto process,discount_pct=0.0; payment_failures=0; device_reuse=1; total_qty=2
O000002647,0,Low,,Auto process,discount_pct=0.03; payment_failures=0; device_reuse=1; total_qty=9
O000002642,0,Low,,Auto process,discount_pct=0.0; payment_failures=0; device_reuse=1; total_qty=4
O000002646,0,Low,,Auto process,discount_pct=0.0; payment_failures=0; device_reuse=0; total_qty=2
O000002640,0,Low,,Auto process,discount_pct=0.0; payment_failures=0; device_reuse=0; total_qty=4
O000002660,0,Low,,Auto process,discount_pct=0.0; payment_failures=0; device_reuse=1; total_qty=7
O000002661,0,Low,,Auto process,discount_pct=0.0; payment_failures=0; device_reuse=1; total_qty=7
O000002659,0,Low,,Auto process,discount_pct=0.0; payment_failures=0; device_reuse=1; total_qty=8
O000001130,0,Low,,Auto process,discount_pct=0.0; payment_failures=0; device_reuse=1; total_qty=4
O000001135,0,Low,,Auto process,discount_pct=0.04; payment_failures=0; device_reuse=1; total_qty=10
O000001152,0,Low,,Auto process,discount_pct=0.0; payment_failures=0; device_reuse=1; total_qty=2
O000001125,0,Low,,Auto process,discount_pct=0.0; payment_failures=0; device_reuse=1; total_qty=1
O000001151,0,Low,,Auto process,discount_pct=0.0; payment_failures=0; device_reuse=1; total_qty=8
O000001142,0,Low,,Auto process,discount_pct=0.01; payment_failures=0; device_reuse=0; total_qty=8
O000001140,0,Low,,Auto process,discount_pct=0.0; payment_failures=0; device_reuse=1; total_qty=5
O000001147,0,Low,,Auto process,discount_pct=0.0; payment_failures=0; device_reuse=1; total_qty=6
O000001127,0,Low,,Auto process,discount_pct=0.0; payment_failures=0; device_reuse=1; total_qty=7
O000001126,0,Low,,Auto process,discount_pct=0.0; payment_failures=0; device_reuse=1; total_qty=2
O000002679,0,Low,,Auto process,discount_pct=0.0; payment_failures=0; device_reuse=0; total_qty=1
O000002674,0,Low,,Auto process,discount_pct=0.0; payment_failures=0; device_reuse=1; total_qty=4
O000002682,0,Low,,Auto process,discount_pct=0.0; payment_failures=0; device_reuse=1; total_qty=2
O000002672,0,Low,,Auto process,discount_pct=0.19; payment_failures=0; device_reuse=0; total_qty=5
O000002664,0,Low,,Auto process,discount_pct=0.0; payment_failures=0; device_reuse=1; total_qty=5
O000002665,0,Low,,Auto process,discount_pct=0.0; payment_failures=0; device_reuse=1; total_qty=6
O000002695,0,Low,,Auto process,discount_pct=0.01; payment_failures=0; device_reuse=1; total_qty=9
O000002704,0,Low,,Auto process,discount_pct=0.03; payment_failures=0; device_reuse=1; total_qty=7
O000002707,0,Low,,Auto process,discount_pct=0.0; payment_failures=0; device_reuse=1; total_qty=7
O000002685,0,Low,,Auto process,discount_pct=0.28; payment_failures=0; device_reuse=1; total_qty=2
O000002677,0,Low,,Auto process,discount_pct=0.0; payment_failures=0; device_reuse=1; total_qty=6
O000002675,0,Low,,Auto process,discount_pct=0.0; payment_failures=0; device_reuse=1; total_qty=3
O000002676,0,Low,,Auto process,discount_pct=0.0; payment_failures=0; device_reuse=1; total_qty=2
O000002670,0,Low,,Auto process,discount_pct=0.0; payment_failures=0; device_reuse=1; total_qty=6
O000002684,0,Low,,Auto process,discount_pct=0.0; payment_failures=0; device_reuse=1; total_qty=3
O000002678,0,Low,,Auto process,discount_pct=0.0; payment_failures=0; device_reuse=1; total_qty=2
O000001132,0,Low,,Auto process,discount_pct=0.0; payment_failures=0; device_reuse=1; total_qty=5
O000001133,0,Low,,Auto process,discount_pct=0.0; payment_failures=0; device_reuse=1; total_qty=6
O000001118,0,Low,,Auto process,discount_pct=0.0; payment_failures=0; device_reuse=0; total_qty=3
O000001128,0,Low,,Auto process,discount_pct=0.0; payment_failures=0; device_reuse=1; total_qty=5
O000001139,0,Low,,Auto process,discount_pct=0.0; payment_failures=0; device_reuse=1; total_qty=3
O000001136,0,Low,,Auto process,discount_pct=0.0; payment_failures=0; device_reuse=1; total_qty=3
O000001094,0,Low,,Auto process,discount_pct=0.0; payment_failures=0; device_reuse=1; total_qty=3
O000001101,0,Low,,Auto process,discount_pct=0.0; payment_failures=0; device_reuse=1; total_qty=1
O000001105,0,Low,,Auto process,discount_pct=0.13; payment_failures=0; device_reuse=1; total_qty=1
O000001099,0,Low,,Auto process,discount_pct=0.0; payment_failures=0; device_reuse=1; total_qty=5
O000002691,0,Low,,Auto process,discount_pct=0.08; payment_failures=0; device_reuse=1; total_qty=3
O000002712,0,Low,,Auto process,discount_pct=0.0; payment_failures=0; device_reuse=1; total_qty=4
O000002689,0,Low,,Auto process,discount_pct=0.0; payment_failures=0; device_reuse=0; total_qty=1
O000002693,0,Low,,Auto process,discount_pct=0.0; payment_failures=0; device_reuse=1; total_qty=3
O000002703,0,Low,,Auto process,discount_pct=0.0; payment_failures=0; device_reuse=1; total_qty=7
O000002713,0,Low,,Auto process,discount_pct=0.0; payment_failures=0; device_reuse=1; total_qty=6
O000002692,0,Low,,Auto process,discount_pct=0.0; payment_failures=0; device_reuse=0; total_qty=3
O000002706,0,Low,,Auto process,discount_pct=0.03; payment_failures=0; device_reuse=1; total_qty=8
O000002711,0,Low,,Auto process,discount_pct=0.0; payment_failures=0; device_reuse=1; total_qty=6
O000002694,0,Low,,Auto process,discount_pct=0.0; payment_failures=0; device_reuse=1; total_qty=8
O000002710,0,Low,,Auto process,discount_pct=0.0; payment_failures=0; device_reuse=1; total_qty=7
O000002709,0,Low,,Auto process,discount_pct=0.07; payment_failures=0; device_reuse=1; total_qty=4
O000002718,0,Low,,Auto process,discount_pct=0.0; payment_failures=0; device_reuse=1; total_qty=3
O000002733,0,Low,,Auto process,discount_pct=0.0; payment_failures=0; device_reuse=1; total_qty=1
O000002737,0,Low,,Auto process,discount_pct=0.02; payment_failures=0; device_reuse=1; total_qty=4
O000002731,0,Low,,Auto process,discount_pct=0.0; payment_failures=0; device_reuse=1; total_qty=4
O000002699,0,Low,,Auto process,discount_pct=0.29; payment_failures=0; device_reuse=1; total_qty=1
O000002698,0,Low,,Auto process,discount_pct=0.0; payment_failures=0; device_reuse=1; total_qty=3
O000001117,0,Low,,Auto process,discount_pct=0.0; payment_failures=0; device_reuse=1; total_qty=4
O000001116,0,Low,,Auto process,discount_pct=0.14; payment_failures=0; device_reuse=1; total_qty=4
O000001111,0,Low,,Auto process,discount_pct=0.0; payment_failures=0; device_reuse=1; total_qty=2
O000001112,0,Low,,Auto process,discount_pct=0.0; payment_failures=0; device_reuse=1; total_qty=2
O000001113,0,Low,,Auto process,discount_pct=0.0; payment_failures=0; device_reuse=1; total_qty=4
O000001115,0,Low,,Auto process,discount_pct=0.0; payment_failures=0; device_reuse=1; total_qty=6
O000001119,0,Low,,Auto process,discount_pct=0.0; payment_failures=0; device_reuse=1; total_qty=2
O000001106,0,Low,,Auto process,discount_pct=0.0; payment_failures=0; device_reuse=1; total_qty=3
O000001092,0,Low,,Auto process,discount_pct=0.0; payment_failures=0; device_reuse=1; total_qty=2
O000001100,0,Low,,Auto process,discount_pct=0.0; payment_failures=0; device_reuse=1; total_qty=7
O000001079,0,Low,,Auto process,discount_pct=0.0; payment_failures=0; device_reuse=1; total_qty=9
O000001067,0,Low,,Auto process,discount_pct=0.0; payment_failures=0; device_reuse=1; total_qty=4
O000001072,0,Low,,Auto process,discount_pct=0.0; payment_failures=0; device_reuse=1; total_qty=2
O000001066,0,Low,,Auto process,discount_pct=0.0; payment_failures=0; device_reuse=1; total_qty=3
O000002736,0,Low,,Auto process,discount_pct=0.0; payment_failures=0; device_reuse=1; total_qty=1
O000002714,0,Low,,Auto process,discount_pct=0.0; payment_failures=0; device_reuse=1; total_qty=9
O000002722,0,Low,,Auto process,discount_pct=0.0; payment_failures=0; device_reuse=1; total_qty=1
O000002729,0,Low,,Auto process,discount_pct=0.07; payment_failures=0; device_reuse=1; total_qty=6
O000002724,0,Low,,Auto process,discount_pct=0.0; payment_failures=0; device_reuse=1; total_qty=3
O000002735,0,Low,,Auto process,discount_pct=0.0; payment_failures=0; device_reuse=1; total_qty=7
O000002715,0,Low,,Auto process,discount_pct=0.0; payment_failures=0; device_reuse=0; total_qty=4
O000002726,0,Low,,Auto process,discount_pct=0.0; payment_failures=0; device_reuse=1; total_qty=1
O000002728,0,Low,,Auto process,discount_pct=0.0; payment_failures=0; device_reuse=1; total_qty=8
O000002730,0,Low,,Auto process,discount_pct=0.01; payment_failures=0; device_reuse=1; total_qty=6
O000002716,0,Low,,Auto process,discount_pct=0.0; payment_failures=0; device_reuse=0; total_qty=3
O000002721,0,Low,,Auto process,discount_pct=0.0; payment_failures=0; device_reuse=0; total_qty=3
O000001084,0,Low,,Auto process,discount_pct=0.0; payment_failures=0; device_reuse=0; total_qty=2
O000001070,0,Low,,Auto process,discount_pct=0.02; payment_failures=0; device_reuse=1; total_qty=9
O000001086,0,Low,,Auto process,discount_pct=0.0; payment_failures=0; device_reuse=1; total_qty=4
O000002749,0,Low,,Auto process,discount_pct=0.0; payment_failures=0; device_reuse=1; total_qty=5
O000002746,0,Low,,Auto process,discount_pct=0.0; payment_failures=0; device_reuse=1; total_qty=3
O000002740,0,Low,,Auto process,discount_pct=0.0; payment_failures=0; device_reuse=1; total_qty=1
O000002750,0,Low,,Auto process,discount_pct=0.0; payment_failures=0; device_reuse=0; total_qty=5
O000002742,0,Low,,Auto process,discount_pct=0.0; payment_failures=0; device_reuse=1; total_qty=3
O000002745,0,Low,,Auto process,discount_pct=0.0; payment_failures=0; device_reuse=1; total_qty=1
O000002744,0,Low,,Auto process,discount_pct=0.03; payment_failures=0; device_reuse=1; total_qty=4
O000001104,0,Low,,Auto process,discount_pct=0.0; payment_failures=0; device_reuse=1; total_qty=3
O000001095,0,Low,,Auto process,discount_pct=0.0; payment_failures=0; device_reuse=1; total_qty=1
O000001107,0,Low,,Auto process,discount_pct=0.0; payment_failures=0; device_reuse=1; total_qty=6
O000001093,0,Low,,Auto process,discount_pct=0.0; payment_failures=0; device_reuse=1; total_qty=4
O000001108,0,Low,,Auto process,discount_pct=0.0; payment_failures=0; device_reuse=1; total_qty=8
O000001103,0,Low,,Auto process,discount_pct=0.0; payment_failures=0; device_reuse=1; total_qty=3
O000002770,0,Low,,Auto process,discount_pct=0.0; payment_failures=0; device_reuse=1; total_qty=5
O000002769,0,Low,,Auto process,discount_pct=0.0; payment_failures=0; device_reuse=1; total_qty=4
O000002759,0,Low,,Auto process,discount_pct=0.12; payment_failures=0; device_reuse=1; total_qty=6
O000002772,0,Low,,Auto process,discount_pct=0.0; payment_failures=0; device_reuse=1; total_qty=1
O000002760,0,Low,,Auto process,discount_pct=0.0; payment_failures=0; device_reuse=1; total_qty=2
O000002767,0,Low,,Auto process,discount_pct=0.0; payment_failures=0; device_reuse=0; total_qty=8
O000002780,0,Low,,Auto process,discount_pct=0.0; payment_failures=0; device_reuse=1; total_qty=9
O000002754,0,Low,,Auto process,discount_pct=0.0; payment_failures=0; device_reuse=1; total_qty=8
O000002782,0,Low,,Auto process,discount_pct=0.0; payment_failures=0; device_reuse=0; total_qty=5
O000002773,0,Low,,Auto process,discount_pct=0.0; payment_failures=0; device_reuse=1; total_qty=7
O000002766,0,Low,,Auto process,discount_pct=0.0; payment_failures=0; device_reuse=1; total_qty=6
O000001077,0,Low,,Auto process,discount_pct=0.0; payment_failures=0; device_reuse=1; total_qty=6
O000001064,0,Low,,Auto process,discount_pct=0.0; payment_failures=0; device_reuse=1; total_qty=5
O000001082,0,Low,,Auto process,discount_pct=0.04; payment_failures=0; device_reuse=1; total_qty=5
O000001083,0,Low,,Auto process,discount_pct=0.0; payment_failures=0; device_reuse=1; total_qty=4
O000001074,0,Low,,Auto process,discount_pct=0.0; payment_failures=0; device_reuse=0; total_qty=1
O000001037,0,Low,,Auto process,discount_pct=0.0; payment_failures=0; device_reuse=1; total_qty=7
O000001039,0,Low,,Auto process,discount_pct=0.0; payment_failures=0; device_reuse=0; total_qty=1
O000001051,0,Low,,Auto process,discount_pct=0.0; payment_failures=0; device_reuse=1; total_qty=3
O000001046,0,Low,,Auto process,discount_pct=0.0; payment_failures=0; device_reuse=0; total_qty=8
O000001038,0,Low,,Auto process,discount_pct=0.0; payment_failures=0; device_reuse=0; total_qty=8
O000001053,0,Low,,Auto process,discount_pct=0.0; payment_failures=0; device_reuse=1; total_qty=5
O000001061,0,Low,,Auto process,discount_pct=0.0; payment_failures=0; device_reuse=1; total_qty=6
O000002774,0,Low,,Auto process,discount_pct=0.0; payment_failures=0; device_reuse=1; total_qty=2
O000002755,0,Low,,Auto process,discount_pct=0.0; payment_failures=0; device_reuse=1; total_qty=5
O000002763,0,Low,,Auto process,discount_pct=0.04; payment_failures=0; device_reuse=1; total_qty=2
O000002771,0,Low,,Auto process,discount_pct=0.0; payment_failures=0; device_reuse=0; total_qty=5
O000002776,0,Low,,Auto process,discount_pct=0.0; payment_failures=0; device_reuse=1; total_qty=3
O000002762,0,Low,,Auto process,discount_pct=0.06; payment_failures=0; device_reuse=1; total_qty=5
O000002752,0,Low,,Auto process,discount_pct=0.07; payment_failures=0; device_reuse=1; total_qty=5
O000002781,0,Low,,Auto process,discount_pct=0.0; payment_failures=0; device_reuse=1; total_qty=5
O000002777,0,Low,,Auto process,discount_pct=0.0; payment_failures=0; device_reuse=1; total_qty=1
O000001060,0,Low,,Auto process,discount_pct=0.0; payment_failures=0; device_reuse=1; total_qty=6
O000001057,0,Low,,Auto process,discount_pct=0.0; payment_failures=0; device_reuse=1; total_qty=6
O000001045,0,Low,,Auto process,discount_pct=0.0; payment_failures=0; device_reuse=1; total_qty=8
O000001050,0,Low,,Auto process,discount_pct=0.0; payment_failures=0; device_reuse=1; total_qty=7
O000001047,0,Low,,Auto process,discount_pct=0.0; payment_failures=0; device_reuse=1; total_qty=7
O000002794,0,Low,,Auto process,discount_pct=0.0; payment_failures=0; device_reuse=1; total_qty=6
O000002791,0,Low,,Auto process,discount_pct=0.0; payment_failures=0; device_reuse=1; total_qty=1
O000002808,0,Low,,Auto process,discount_pct=0.0; payment_failures=0; device_reuse=1; total_qty=2
O000002800,0,Low,,Auto process,discount_pct=0.09; payment_failures=0; device_reuse=1; total_qty=10
O000002809,0,Low,,Auto process,discount_pct=0.0; payment_failures=0; device_reuse=1; total_qty=8
O000002799,0,Low,,Auto process,discount_pct=0.0; payment_failures=0; device_reuse=1; total_qty=7
O000002802,0,Low,,Auto process,discount_pct=0.0; payment_failures=0; device_reuse=0; total_qty=2
O000002798,0,Low,,Auto process,discount_pct=0.0; payment_failures=0; device_reuse=1; total_qty=1
O000002787,0,Low,,Auto process,discount_pct=0.0; payment_failures=0; device_reuse=1; total_qty=7
O000001054,0,Low,,Auto process,discount_pct=0.0; payment_failures=0; device_reuse=1; total_qty=4
O000001048,0,Low,,Auto process,discount_pct=0.0; payment_failures=0; device_reuse=1; total_qty=5
O000002816,0,Low,,Auto process,discount_pct=0.0; payment_failures=0; device_reuse=0; total_qty=1
O000002828,0,Low,,Auto process,discount_pct=0.0; payment_failures=0; device_reuse=1; total_qty=9
O000002825,0,Low,,Auto process,discount_pct=0.05; payment_failures=0; device_reuse=1; total_qty=8
O000002819,0,Low,,Auto process,discount_pct=0.0; payment_failures=0; device_reuse=1; total_qty=9
O000002815,0,Low,,Auto process,discount_pct=0.0; payment_failures=0; device_reuse=1; total_qty=3
O000002812,0,Low,,Auto process,discount_pct=0.0; payment_failures=0; device_reuse=1; total_qty=8
O000002803,0,Low,,Auto process,discount_pct=0.0; payment_failures=0; device_reuse=0; total_qty=9
O000002806,0,Low,,Auto process,discount_pct=0.0; payment_failures=0; device_reuse=1; total_qty=4
O000002797,0,Low,,Auto process,discount_pct=0.03; payment_failures=0; device_reuse=1; total_qty=5
O000002801,0,Low,,Auto process,discount_pct=0.2; payment_failures=0; device_reuse=1; total_qty=5
O000002810,0,Low,,Auto process,discount_pct=0.0; payment_failures=0; device_reuse=1; total_qty=8
O000002795,0,Low,,Auto process,discount_pct=0.0; payment_failures=0; device_reuse=1; total_qty=5
O000002814,0,Low,,Auto process,discount_pct=0.0; payment_failures=0; device_reuse=1; total_qty=6
O000002789,0,Low,,Auto process,discount_pct=0.0; payment_failures=0; device_reuse=1; total_qty=4
O000001041,0,Low,,Auto process,discount_pct=0.0; payment_failures=0; device_reuse=1; total_qty=5
O000001056,0,Low,,Auto process,discount_pct=0.02; payment_failures=0; device_reuse=1; total_qty=7
O000001012,0,Low,,Auto process,discount_pct=0.09; payment_failures=0; device_reuse=1; total_qty=4
O000001030,0,Low,,Auto process,discount_pct=0.0; payment_failures=0; device_reuse=1; total_qty=1
O000001021,0,Low,,Auto process,discount_pct=0.0; payment_failures=0; device_reuse=1; total_qty=2
O000001006,0,Low,,Auto process,discount_pct=0.0; payment_failures=0; device_reuse=0; total_qty=1
O000001024,0,Low,,Auto process,discount_pct=0.01; payment_failures=0; device_reuse=1; total_qty=7
O000001010,0,Low,,Auto process,discount_pct=0.0; payment_failures=0; device_reuse=1; total_qty=8
O000001026,0,Low,,Auto process,discount_pct=0.0; payment_failures=0; device_reuse=1; total_qty=6
O000001009,0,Low,,Auto process,discount_pct=0.05; payment_failures=0; device_reuse=1; total_qty=3
O000001031,0,Low,,Auto process,discount_pct=0.0; payment_failures=0; device_reuse=1; total_qty=2
O000001022,0,Low,,Auto process,discount_pct=0.07; payment_failures=0; device_reuse=1; total_qty=4
O000001016,0,Low,,Auto process,discount_pct=0.1; payment_failures=0; device_reuse=1; total_qty=2
O000002829,0,Low,,Auto process,discount_pct=0.0; payment_failures=0; device_reuse=1; total_qty=3
O000002824,0,Low,,Auto process,discount_pct=0.0; payment_failures=0; device_reuse=1; total_qty=8
O000002817,0,Low,,Auto process,discount_pct=0.0; payment_failures=0; device_reuse=1; total_qty=8
O000002827,0,Low,,Auto process,discount_pct=0.0; payment_failures=0; device_reuse=1; total_qty=2
O000002818,0,Low,,Auto process,discount_pct=0.0; payment_failures=0; device_reuse=0; total_qty=1
O000001017,0,Low,,Auto process,discount_pct=0.0; payment_failures=0; device_reuse=1; total_qty=2
O000001028,0,Low,,Auto process,discount_pct=0.0; payment_failures=0; device_reuse=1; total_qty=5
O000001018,0,Low,,Auto process,discount_pct=0.0; payment_failures=0; device_reuse=0; total_qty=4
O000002839,0,Low,,Auto process,discount_pct=0.12; payment_failures=0; device_reuse=0; total_qty=5
O000002850,0,Low,,Auto process,discount_pct=0.0; payment_failures=0; device_reuse=1; total_qty=6
O000002832,0,Low,,Auto process,discount_pct=0.0; payment_failures=0; device_reuse=0; total_qty=6
O000002837,0,Low,,Auto process,discount_pct=0.0; payment_failures=0; device_reuse=1; total_qty=6
O000002852,0,Low,,Auto process,discount_pct=0.04; payment_failures=0; device_reuse=1; total_qty=5
O000002840,0,Low,,Auto process,discount_pct=0.17; payment_failures=0; device_reuse=1; total_qty=3
O000002834,0,Low,,Auto process,discount_pct=0.0; payment_failures=0; device_reuse=0; total_qty=6
O000002838,0,Low,,Auto process,discount_pct=0.0; payment_failures=0; device_reuse=1; total_qty=4
O000002842,0,Low,,Auto process,discount_pct=0.0; payment_failures=0; device_reuse=1; total_qty=6
O000002836,0,Low,,Auto process,discount_pct=0.0; payment_failures=0; device_reuse=1; total_qty=1
O000002845,0,Low,,Auto process,discount_pct=0.0; payment_failures=0; device_reuse=1; total_qty=7
O000002846,0,Low,,Auto process,discount_pct=0.0; payment_failures=0; device_reuse=0; total_qty=2
O000001035,0,Low,,Auto process,discount_pct=0.0; payment_failures=0; device_reuse=1; total_qty=7
O000000997,0,Low,,Auto process,discount_pct=0.0; payment_failures=0; device_reuse=1; total_qty=5
O000001004,0,Low,,Auto process,discount_pct=0.0; payment_failures=0; device_reuse=1; total_qty=4
O000002863,0,Low,,Auto process,discount_pct=0.0; payment_failures=0; device_reuse=1; total_qty=5
O000002862,0,Low,,Auto process,discount_pct=0.0; payment_failures=0; device_reuse=1; total_qty=6
O000002866,0,Low,,Auto process,discount_pct=0.0; payment_failures=0; device_reuse=1; total_qty=2
O000002865,0,Low,,Auto process,discount_pct=0.04; payment_failures=0; device_reuse=0; total_qty=5
O000002859,0,Low,,Auto process,discount_pct=0.08; payment_failures=0; device_reuse=1; total_qty=3
O000002867,0,Low,,Auto process,discount_pct=0.0; payment_failures=0; device_reuse=1; total_qty=4
O000002858,0,Low,,Auto process,discount_pct=0.03; payment_failures=0; device_reuse=0; total_qty=9
O000002869,0,Low,,Auto process,discount_pct=0.0; payment_failures=1; device_reuse=1; total_qty=6
O000002861,0,Low,,Auto process,discount_pct=0.0; payment_failures=0; device_reuse=1; total_qty=7
O000002855,0,Low,,Auto process,discount_pct=0.0; payment_failures=0; device_reuse=1; total_qty=7
O000001013,0,Low,,Auto process,discount_pct=0.03; payment_failures=0; device_reuse=1; total_qty=5
O000001014,0,Low,,Auto process,discount_pct=0.0; payment_failures=0; device_reuse=1; total_qty=1
O000001015,0,Low,,Auto process,discount_pct=0.03; payment_failures=0; device_reuse=1; total_qty=8
O000001019,0,Low,,Auto process,discount_pct=0.0; payment_failures=0; device_reuse=0; total_qty=4
O000000969,0,Low,,Auto process,discount_pct=0.0; payment_failures=0; device_reuse=1; total_qty=6
O000000973,0,Low,,Auto process,discount_pct=0.09; payment_failures=0; device_reuse=1; total_qty=7
O000000965,0,Low,,Auto process,discount_pct=0.0; payment_failures=0; device_reuse=1; total_qty=7
O000000964,0,Low,,Auto process,discount_pct=0.0; payment_failures=0; device_reuse=1; total_qty=2
O000000971,0,Low,,Auto process,discount_pct=0.0; payment_failures=0; device_reuse=1; total_qty=6
O000002886,0,Low,,Auto process,discount_pct=0.0; payment_failures=0; device_reuse=1; total_qty=4
O000002890,0,Low,,Auto process,discount_pct=0.0; payment_failures=0; device_reuse=1; total_qty=5
O000002868,0,Low,,Auto process,discount_pct=0.0; payment_failures=0; device_reuse=0; total_qty=7
O000002856,0,Low,,Auto process,discount_pct=0.0; payment_failures=0; device_reuse=1; total_qty=8
O000000995,0,Low,,Auto process,discount_pct=0.0; payment_failures=0; device_reuse=1; total_qty=4
O000000991,0,Low,,Auto process,discount_pct=0.02; payment_failures=0; device_reuse=1; total_qty=4
O000000996,0,Low,,Auto process,discount_pct=0.12; payment_failures=0; device_reuse=1; total_qty=1
O000000994,0,Low,,Auto process,discount_pct=0.0; payment_failures=0; device_reuse=1; total_qty=1
O000000985,0,Low,,Auto process,discount_pct=0.01; payment_failures=0; device_reuse=1; total_qty=4
O000000987,0,Low,,Auto process,discount_pct=0.0; payment_failures=0; device_reuse=1; total_qty=2
O000000990,0,Low,,Auto process,discount_pct=0.05; payment_failures=0; device_reuse=1; total_qty=7
O000002934,0,Low,,Auto process,discount_pct=0.0; payment_failures=0; device_reuse=1; total_qty=3
O000002910,0,Low,,Auto process,discount_pct=0.0; payment_failures=0; device_reuse=1; total_qty=5
O000002919,0,Low,,Auto process,discount_pct=0.0; payment_failures=0; device_reuse=1; total_qty=4
O000002914,0,Low,,Auto process,discount_pct=0.0; payment_failures=0; device_reuse=1; total_qty=6
O000002931,0,Low,,Auto process,discount_pct=0.08; payment_failures=0; device_reuse=0; total_qty=1
O000002916,0,Low,,Auto process,discount_pct=0.0; payment_failures=0; device_reuse=0; total_qty=5
O000002881,0,Low,,Auto process,discount_pct=0.0; payment_failures=0; device_reuse=1; total_qty=3
O000002875,0,Low,,Auto process,discount_pct=0.0; payment_failures=0; device_reuse=1; total_qty=7
O000002880,0,Low,,Auto process,discount_pct=0.0; payment_failures=0; device_reuse=1; total_qty=5
O000002877,0,Low,,Auto process,discount_pct=0.01; payment_failures=0; device_reuse=1; total_qty=8
O000002885,0,Low,,Auto process,discount_pct=0.0; payment_failures=0; device_reuse=1; total_qty=2
O000000972,0,Low,,Auto process,discount_pct=0.0; payment_failures=0; device_reuse=1; total_qty=3
O000000980,0,Low,,Auto process,discount_pct=0.0; payment_failures=0; device_reuse=1; total_qty=3
O000000983,0,Low,,Auto process,discount_pct=0.0; payment_failures=0; device_reuse=0; total_qty=1
O000000976,0,Low,,Auto process,discount_pct=0.0; payment_failures=0; device_reuse=1; total_qty=4
O000000970,0,Low,,Auto process,discount_pct=0.0; payment_failures=0; device_reuse=1; total_qty=9
O000000979,0,Low,,Auto process,discount_pct=0.0; payment_failures=0; device_reuse=1; total_qty=9
O000000974,0,Low,,Auto process,discount_pct=0.0; payment_failures=0; device_reuse=0; total_qty=2
O000000967,0,Low,,Auto process,discount_pct=0.0; payment_failures=0; device_reuse=1; total_qty=1
O000000946,0,Low,,Auto process,discount_pct=0.0; payment_failures=0; device_reuse=1; total_qty=6
O000000948,0,Low,,Auto process,discount_pct=0.0; payment_failures=0; device_reuse=1; total_qty=10
O000000947,0,Low,,Auto process,discount_pct=0.0; payment_failures=0; device_reuse=1; total_qty=3
O000000963,0,Low,,Auto process,discount_pct=0.0; payment_failures=0; device_reuse=1; total_qty=6
O000000943,0,Low,,Auto process,discount_pct=0.0; payment_failures=0; device_reuse=1; total_qty=2
O000000951,0,Low,,Auto process,discount_pct=0.0; payment_failures=0; device_reuse=1; total_qty=7
O000002921,0,Low,,Auto process,discount_pct=0.0; payment_failures=0; device_reuse=1; total_qty=6
O000002898,0,Low,,Auto process,discount_pct=0.11; payment_failures=0; device_reuse=1; total_qty=3
O000002929,0,Low,,Auto process,discount_pct=0.0; payment_failures=0; device_reuse=1; total_qty=6
O000002928,0,Low,,Auto process,discount_pct=0.0; payment_failures=0; device_reuse=1; total_qty=7
O000002933,0,Low,,Auto process,discount_pct=0.0; payment_failures=0; device_reuse=1; total_qty=8
O000002908,0,Low,,Auto process,discount_pct=0.0; payment_failures=0; device_reuse=1; total_qty=1
O000002926,0,Low,,Auto process,discount_pct=0.0; payment_failures=0; device_reuse=0; total_qty=9
O000002944,0,Low,,Auto process,discount_pct=0.09; payment_failures=0; device_reuse=1; total_qty=8
O000002955,0,Low,,Auto process,discount_pct=0.0; payment_failures=0; device_reuse=0; total_qty=4
O000002917,0,Low,,Auto process,discount_pct=0.0; payment_failures=0; device_reuse=1; total_qty=6
O000002905,0,Low,,Auto process,discount_pct=0.0; payment_failures=0; device_reuse=1; total_qty=5
O000002925,0,Low,,Auto process,discount_pct=0.0; payment_failures=0; device_reuse=1; total_qty=9
O000002930,0,Low,,Auto process,discount_pct=0.0; payment_failures=0; device_reuse=0; total_qty=7
O000002913,0,Low,,Auto process,discount_pct=0.0; payment_failures=0; device_reuse=1; total_qty=9
O000002907,0,Low,,Auto process,discount_pct=0.11; payment_failures=0; device_reuse=1; total_qty=5
O000002915,0,Low,,Auto process,discount_pct=0.0; payment_failures=0; device_reuse=1; total_qty=9
O000002927,0,Low,,Auto process,discount_pct=0.0; payment_failures=0; device_reuse=1; total_qty=3
O000002918,0,Low,,Auto process,discount_pct=0.0; payment_failures=0; device_reuse=1; total_qty=4
O000002922,0,Low,,Auto process,discount_pct=0.0; payment_failures=0; device_reuse=1; total_qty=3
O000002900,0,Low,,Auto process,discount_pct=0.0; payment_failures=0; device_reuse=1; total_qty=6
O000002897,0,Low,,Auto process,discount_pct=0.0; payment_failures=0; device_reuse=1; total_qty=5
O000002932,0,Low,,Auto process,discount_pct=0.0; payment_failures=0; device_reuse=0; total_qty=5
O000000966,0,Low,,Auto process,discount_pct=0.01; payment_failures=0; device_reuse=1; total_qty=4
O000000944,0,Low,,Auto process,discount_pct=0.0; payment_failures=0; device_reuse=1; total_qty=3
O000000949,0,Low,,Auto process,discount_pct=0.0; payment_failures=0; device_reuse=1; total_qty=7
O000000960,0,Low,,Auto process,discount_pct=0.0; payment_failures=0; device_reuse=1; total_qty=3
O000000952,0,Low,,Auto process,discount_pct=0.0; payment_failures=0; device_reuse=1; total_qty=8
O000000954,0,Low,,Auto process,discount_pct=0.0; payment_failures=0; device_reuse=1; total_qty=8
O000000958,0,Low,,Auto process,discount_pct=0.0; payment_failures=0; device_reuse=1; total_qty=4
O000000945,0,Low,,Auto process,discount_pct=0.0; payment_failures=0; device_reuse=1; total_qty=1
O000000962,0,Low,,Auto process,discount_pct=0.0; payment_failures=0; device_reuse=1; total_qty=2
O000002943,0,Low,,Auto process,discount_pct=0.0; payment_failures=0; device_reuse=1; total_qty=5
O000002947,0,Low,,Auto process,discount_pct=0.02; payment_failures=0; device_reuse=1; total_qty=5
O000002954,0,Low,,Auto process,discount_pct=0.0; payment_failures=0; device_reuse=1; total_qty=5
O000002942,0,Low,,Auto process,discount_pct=0.0; payment_failures=0; device_reuse=1; total_qty=5
O000002957,0,Low,,Auto process,discount_pct=0.0; payment_failures=0; device_reuse=1; total_qty=2
O000002938,0,Low,,Auto process,discount_pct=0.0; payment_failures=0; device_reuse=1; total_qty=9
O000002951,0,Low,,Auto process,discount_pct=0.0; payment_failures=0; device_reuse=1; total_qty=6
O000002953,0,Low,,Auto process,discount_pct=0.0; payment_failures=0; device_reuse=1; total_qty=4
O000002977,0,Low,,Auto process,discount_pct=0.0; payment_failures=0; device_reuse=1; total_qty=3
O000002969,0,Low,,Auto process,discount_pct=0.0; payment_failures=0; device_reuse=1; total_qty=3
O000002978,0,Low,,Auto process,discount_pct=0.02; payment_failures=0; device_reuse=1; total_qty=4
O000002981,0,Low,,Auto process,discount_pct=0.0; payment_failures=0; device_reuse=0; total_qty=7
O000002968,0,Low,,Auto process,discount_pct=0.0; payment_failures=0; device_reuse=1; total_qty=8
O000002980,0,Low,,Auto process,discount_pct=0.0; payment_failures=0; device_reuse=1; total_qty=10
O000002965,0,Low,,Auto process,discount_pct=0.0; payment_failures=0; device_reuse=0; total_qty=3
O000002939,0,Low,,Auto process,discount_pct=0.0; payment_failures=0; device_reuse=1; total_qty=3
O000002936,0,Low,,Auto process,discount_pct=0.0; payment_failures=0; device_reuse=1; total_qty=9
O000002952,0,Low,,Auto process,discount_pct=0.0; payment_failures=0; device_reuse=1; total_qty=6
O000002940,0,Low,,Auto process,discount_pct=0.0; payment_failures=0; device_reuse=1; total_qty=3
O000002950,0,Low,,Auto process,discount_pct=0.0; payment_failures=0; device_reuse=1; total_qty=10
O000002958,0,Low,,Auto process,discount_pct=0.0; payment_failures=0; device_reuse=1; total_qty=4
O000002946,0,Low,,Auto process,discount_pct=0.0; payment_failures=0; device_reuse=1; total_qty=4
O000000940,0,Low,,Auto process,discount_pct=0.0; payment_failures=0; device_reuse=1; total_qty=4
O000000959,0,Low,,Auto process,discount_pct=0.12; payment_failures=0; device_reuse=1; total_qty=3
O000000918,0,Low,,Auto process,discount_pct=0.03; payment_failures=0; device_reuse=1; total_qty=7
O000000939,0,Low,,Auto process,discount_pct=0.0; payment_failures=0; device_reuse=1; total_qty=3
O000000922,0,Low,,Auto process,discount_pct=0.0; payment_failures=0; device_reuse=1; total_qty=1
O000000927,0,Low,,Auto process,discount_pct=0.0; payment_failures=0; device_reuse=1; total_qty=2
O000000925,0,Low,,Auto process,discount_pct=0.0; payment_failures=0; device_reuse=0; total_qty=8
O000000926,0,Low,,Auto process,discount_pct=0.0; payment_failures=0; device_reuse=1; total_qty=6
O000000919,0,Low,,Auto process,discount_pct=0.0; payment_failures=0; device_reuse=1; total_qty=3
O000000923,0,Low,,Auto process,discount_pct=0.0; payment_failures=0; device_reuse=1; total_qty=4
O000000932,0,Low,,Auto process,discount_pct=0.0; payment_failures=0; device_reuse=1; total_qty=4
O000002976,0,Low,,Auto process,discount_pct=0.0; payment_failures=0; device_reuse=1; total_qty=3
O000002960,0,Low,,Auto process,discount_pct=0.0; payment_failures=0; device_reuse=1; total_qty=2
O000002972,0,Low,,Auto process,discount_pct=0.0; payment_failures=0; device_reuse=0; total_qty=2
O000002971,0,Low,,Auto process,discount_pct=0.0; payment_failures=0; device_reuse=1; total_qty=8
O000002967,0,Low,,Auto process,discount_pct=0.06; payment_failures=0; device_reuse=1; total_qty=6
O000002962,0,Low,,Auto process,discount_pct=0.0; payment_failures=0; device_reuse=0; total_qty=4
O000002964,0,Low,,Auto process,discount_pct=0.0; payment_failures=0; device_reuse=0; total_qty=9
O000000892,0,Low,,Auto process,discount_pct=0.0; payment_failures=0; device_reuse=1; total_qty=8
O000000912,0,Low,,Auto process,discount_pct=0.0; payment_failures=0; device_reuse=1; total_qty=4
O000000895,0,Low,,Auto process,discount_pct=0.0; payment_failures=0; device_reuse=1; total_qty=6
O000002996,0,Low,,Auto process,discount_pct=0.0; payment_failures=0; device_reuse=0; total_qty=8
O000002984,0,Low,,Auto process,discount_pct=0.0; payment_failures=0; device_reuse=1; total_qty=9
O000002982,0,Low,,Auto process,discount_pct=0.0; payment_failures=0; device_reuse=1; total_qty=8
O000002989,0,Low,,Auto process,discount_pct=0.0; payment_failures=0; device_reuse=1; total_qty=8
O000002991,0,Low,,Auto process,discount_pct=0.0; payment_failures=0; device_reuse=1; total_qty=3
O000002992,0,Low,,Auto process,discount_pct=0.0; payment_failures=0; device_reuse=1; total_qty=3
O000002983,0,Low,,Auto process,discount_pct=0.0; payment_failures=0; device_reuse=0; total_qty=4
O000002990,0,Low,,Auto process,discount_pct=0.0; payment_failures=0; device_reuse=1; total_qty=7
O000002997,0,Low,,Auto process,discount_pct=0.0; payment_failures=0; device_reuse=1; total_qty=4
O000000933,0,Low,,Auto process,discount_pct=0.0; payment_failures=0; device_reuse=1; total_qty=2
O000000937,0,Low,,Auto process,discount_pct=0.0; payment_failures=0; device_reuse=1; total_qty=2
O000000931,0,Low,,Auto process,discount_pct=0.0; payment_failures=0; device_reuse=1; total_qty=4
O000000924,0,Low,,Auto process,discount_pct=0.0; payment_failures=0; device_reuse=1; total_qty=4
O000003010,0,Low,,Auto process,discount_pct=0.0; payment_failures=0; device_reuse=1; total_qty=6
O000003018,0,Low,,Auto process,discount_pct=0.17; payment_failures=0; device_reuse=1; total_qty=9
O000003007,0,Low,,Auto process,discount_pct=0.0; payment_failures=0; device_reuse=0; total_qty=2
O000003006,0,Low,,Auto process,discount_pct=0.0; payment_failures=0; device_reuse=0; total_qty=3
O000003015,0,Low,,Auto process,discount_pct=0.0; payment_failures=0; device_reuse=0; total_qty=4
O000003003,0,Low,,Auto process,discount_pct=0.0; payment_failures=0; device_reuse=1; total_qty=5
O000003004,0,Low,,Auto process,discount_pct=0.0; payment_failures=0; device_reuse=1; total_qty=2
O000002998,0,Low,,Auto process,discount_pct=0.0; payment_failures=0; device_reuse=1; total_qty=1
O000002993,0,Low,,Auto process,discount_pct=0.0; payment_failures=0; device_reuse=1; total_qty=2
O000000934,0,Low,,Auto process,discount_pct=0.0; payment_failures=0; device_reuse=1; total_qty=8
O000000930,0,Low,,Auto process,discount_pct=0.0; payment_failures=0; device_reuse=1; total_qty=3
O000000929,0,Low,,Auto process,discount_pct=0.0; payment_failures=0; device_reuse=1; total_qty=7
O000000914,0,Low,,Auto process,discount_pct=0.0; payment_failures=0; device_reuse=1; total_qty=4
O000000904,0,Low,,Auto process,discount_pct=0.03; payment_failures=0; device_reuse=1; total_qty=8
O000000891,0,Low,,Auto process,discount_pct=0.0; payment_failures=0; device_reuse=1; total_qty=4
O000000913,0,Low,,Auto process,discount_pct=0.03; payment_failures=0; device_reuse=1; total_qty=8
O000003025,0,Low,,Auto process,discount_pct=0.0; payment_failures=0; device_reuse=1; total_qty=3
O000003028,0,Low,,Auto process,discount_pct=0.09; payment_failures=0; device_reuse=0; total_qty=8
O000003042,0,Low,,Auto process,discount_pct=0.02; payment_failures=0; device_reuse=1; total_qty=5
O000003019,0,Low,,Auto process,discount_pct=0.0; payment_failures=0; device_reuse=0; total_qty=2
O000003026,0,Low,,Auto process,discount_pct=0.0; payment_failures=0; device_reuse=1; total_qty=6
O000003024,0,Low,,Auto process,discount_pct=0.0; payment_failures=0; device_reuse=1; total_qty=4
O000003040,0,Low,,Auto process,discount_pct=0.0; payment_failures=0; device_reuse=1; total_qty=6
O000003029,0,Low,,Auto process,discount_pct=0.0; payment_failures=0; device_reuse=1; total_qty=4
O000003033,0,Low,,Auto process,discount_pct=0.0; payment_failures=0; device_reuse=1; total_qty=1
O000003041,0,Low,,Auto process,discount_pct=0.0; payment_failures=0; device_reuse=1; total_qty=5
O000003032,0,Low,,Auto process,discount_pct=0.0; payment_failures=0; device_reuse=1; total_qty=6
O000003023,0,Low,,Auto process,discount_pct=0.0; payment_failures=0; device_reuse=0; total_qty=4
O000003008,0,Low,,Auto process,discount_pct=0.0; payment_failures=0; device_reuse=1; total_qty=9
O000003011,0,Low,,Auto process,discount_pct=0.0; payment_failures=0; device_reuse=1; total_qty=9
O000003012,0,Low,,Auto process,discount_pct=0.09; payment_failures=0; device_reuse=1; total_qty=6
O000003009,0,Low,,Auto process,discount_pct=0.0; payment_failures=0; device_reuse=1; total_qty=7
O000000907,0,Low,,Auto process,discount_pct=0.0; payment_failures=0; device_reuse=1; total_qty=5
O000000900,0,Low,,Auto process,discount_pct=0.0; payment_failures=0; device_reuse=1; total_qty=3
O000000897,0,Low,,Auto process,discount_pct=0.04; payment_failures=0; device_reuse=1; total_qty=3
O000000903,0,Low,,Auto process,discount_pct=0.0; payment_failures=0; device_reuse=1; total_qty=3
O000000885,0,Low,,Auto process,discount_pct=0.11; payment_failures=0; device_reuse=1; total_qty=5
O000000905,0,Low,,Auto process,discount_pct=0.0; payment_failures=0; device_reuse=1; total_qty=2
O000000888,0,Low,,Auto process,discount_pct=0.0; payment_failures=0; device_reuse=1; total_qty=1
O000000889,0,Low,,Auto process,discount_pct=0.01; payment_failures=0; device_reuse=1; total_qty=9
O000000899,0,Low,,Auto process,discount_pct=0.0; payment_failures=0; device_reuse=1; total_qty=5
O000000917,0,Low,,Auto process,discount_pct=0.0; payment_failures=0; device_reuse=0; total_qty=7
O000000898,0,Low,,Auto process,discount_pct=0.0; payment_failures=0; device_reuse=1; total_qty=5
O000000911,0,Low,,Auto process,discount_pct=0.0; payment_failures=0; device_reuse=1; total_qty=4
O000000896,0,Low,,Auto process,discount_pct=0.09; payment_failures=0; device_reuse=0; total_qty=3
O000003030,0,Low,,Auto process,discount_pct=0.0; payment_failures=0; device_reuse=1; total_qty=7
O000003021,0,Low,,Auto process,discount_pct=0.0; payment_failures=0; device_reuse=1; total_qty=1
O000003022,0,Low,,Auto process,discount_pct=0.0; payment_failures=0; device_reuse=0; total_qty=3
O000003052,0,Low,,Auto process,discount_pct=0.0; payment_failures=0; device_reuse=1; total_qty=7
O000003051,0,Low,,Auto process,discount_pct=0.0; payment_failures=0; device_reuse=1; total_qty=1
O000003043,0,Low,,Auto process,discount_pct=0.0; payment_failures=0; device_reuse=0; total_qty=1
O000003046,0,Low,,Auto process,discount_pct=0.0; payment_failures=0; device_reuse=1; total_qty=7
O000003047,0,Low,,Auto process,discount_pct=0.0; payment_failures=0; device_reuse=1; total_qty=1
O000003057,0,Low,,Auto process,discount_pct=0.07; payment_failures=0; device_reuse=1; total_qty=3
O000003059,0,Low,,Auto process,discount_pct=0.0; payment_failures=0; device_reuse=0; total_qty=6
O000003058,0,Low,,Auto process,discount_pct=0.0; payment_failures=0; device_reuse=0; total_qty=4
O000000853,0,Low,,Auto process,discount_pct=0.0; payment_failures=0; device_reuse=1; total_qty=7
O000000860,0,Low,,Auto process,discount_pct=0.0; payment_failures=0; device_reuse=0; total_qty=7
O000000872,0,Low,,Auto process,discount_pct=0.0; payment_failures=0; device_reuse=1; total_qty=4
O000000857,0,Low,,Auto process,discount_pct=0.0; payment_failures=0; device_reuse=1; total_qty=3
O000000873,0,Low,,Auto process,discount_pct=0.0; payment_failures=0; device_reuse=1; total_qty=6
O000000858,0,Low,,Auto process,discount_pct=0.0; payment_failures=0; device_reuse=1; total_qty=3
O000000862,0,Low,,Auto process,discount_pct=0.01; payment_failures=0; device_reuse=1; total_qty=6
O000000909,0,Low,,Auto process,discount_pct=0.0; payment_failures=0; device_reuse=1; total_qty=6
O000000859,0,Low,,Auto process,discount_pct=0.0; payment_failures=0; device_reuse=1; total_qty=8
O000000869,0,Low,,Auto process,discount_pct=0.0; payment_failures=0; device_reuse=1; total_qty=9
O000000865,0,Low,,Auto process,discount_pct=0.01; payment_failures=0; device_reuse=1; total_qty=10
O000000863,0,Low,,Auto process,discount_pct=0.0; payment_failures=0; device_reuse=1; total_qty=5
O000000874,0,Low,,Auto process,discount_pct=0.0; payment_failures=0; device_reuse=1; total_qty=8
O000000883,0,Low,,Auto process,discount_pct=0.0; payment_failures=0; device_reuse=1; total_qty=2
O000000855,0,Low,,Auto process,discount_pct=0.0; payment_failures=0; device_reuse=1; total_qty=3
O000000864,0,Low,,Auto process,discount_pct=0.0; payment_failures=0; device_reuse=1; total_qty=2
O000000867,0,Low,,Auto process,discount_pct=0.0; payment_failures=0; device_reuse=1; total_qty=6
O000003066,0,Low,,Auto process,discount_pct=0.01; payment_failures=0; device_reuse=1; total_qty=9
O000003064,0,Low,,Auto process,discount_pct=0.06; payment_failures=0; device_reuse=1; total_qty=4
O000003084,0,Low,,Auto process,discount_pct=0.0; payment_failures=0; device_reuse=1; total_qty=3
O000003079,0,Low,,Auto process,discount_pct=0.0; payment_failures=0; device_reuse=1; total_qty=3
O000003085,0,Low,,Auto process,discount_pct=0.0; payment_failures=0; device_reuse=1; total_qty=5
O000003073,0,Low,,Auto process,discount_pct=0.0; payment_failures=0; device_reuse=1; total_qty=2
O000003060,0,Low,,Auto process,discount_pct=0.0; payment_failures=0; device_reuse=0; total_qty=1
O000003098,0,Low,,Auto process,discount_pct=0.0; payment_failures=0; device_reuse=1; total_qty=5
O000003093,0,Low,,Auto process,discount_pct=0.0; payment_failures=0; device_reuse=0; total_qty=7
O000003076,0,Low,,Auto process,discount_pct=0.0; payment_failures=0; device_reuse=1; total_qty=7
O000003068,0,Low,,Auto process,discount_pct=0.07; payment_failures=0; device_reuse=1; total_qty=8
O000003074,0,Low,,Auto process,discount_pct=0.0; payment_failures=0; device_reuse=1; total_qty=6
O000003072,0,Low,,Auto process,discount_pct=0.0; payment_failures=0; device_reuse=1; total_qty=2
O000003071,0,Low,,Auto process,discount_pct=0.0; payment_failures=0; device_reuse=1; total_qty=6
O000003077,0,Low,,Auto process,discount_pct=0.0; payment_failures=0; device_reuse=1; total_qty=5
O000003080,0,Low,,Auto process,discount_pct=0.0; payment_failures=0; device_reuse=1; total_qty=2
O000003086,0,Low,,Auto process,discount_pct=0.0; payment_failures=0; device_reuse=1; total_qty=3
O000000880,0,Low,,Auto process,discount_pct=0.0; payment_failures=0; device_reuse=1; total_qty=9
O000000871,0,Low,,Auto process,discount_pct=0.0; payment_failures=0; device_reuse=0; total_qty=8
O000000882,0,Low,,Auto process,discount_pct=0.0; payment_failures=0; device_reuse=0; total_qty=5
O000000878,0,Low,,Auto process,discount_pct=0.04; payment_failures=0; device_reuse=0; total_qty=5
O000000881,0,Low,,Auto process,discount_pct=0.0; payment_failures=0; device_reuse=1; total_qty=6
O000000866,0,Low,,Auto process,discount_pct=0.0; payment_failures=0; device_reuse=1; total_qty=5
O000000839,0,Low,,Auto process,discount_pct=0.0; payment_failures=0; device_reuse=1; total_qty=5
O000000827,0,Low,,Auto process,discount_pct=0.0; payment_failures=0; device_reuse=0; total_qty=4
O000000819,0,Low,,Auto process,discount_pct=0.08; payment_failures=0; device_reuse=0; total_qty=4
O000003105,0,Low,,Auto process,discount_pct=0.0; payment_failures=0; device_reuse=1; total_qty=6
O000003096,0,Low,,Auto process,discount_pct=0.0; payment_failures=0; device_reuse=1; total_qty=2
O000003103,0,Low,,Auto process,discount_pct=0.0; payment_failures=0; device_reuse=1; total_qty=4
O000003099,0,Low,,Auto process,discount_pct=0.0; payment_failures=0; device_reuse=1; total_qty=6
O000003101,0,Low,,Auto process,discount_pct=0.0; payment_failures=0; device_reuse=1; total_qty=3
O000003097,0,Low,,Auto process,discount_pct=0.0; payment_failures=0; device_reuse=1; total_qty=4
O000003106,0,Low,,Auto process,discount_pct=0.0; payment_failures=0; device_reuse=1; total_qty=1
O000003094,0,Low,,Auto process,discount_pct=0.0; payment_failures=0; device_reuse=1; total_qty=2
O000003090,0,Low,,Auto process,discount_pct=0.0; payment_failures=0; device_reuse=1; total_qty=4
O000003104,0,Low,,Auto process,discount_pct=0.0; payment_failures=0; device_reuse=1; total_qty=1
O000003089,0,Low,,Auto process,discount_pct=0.0; payment_failures=0; device_reuse=1; total_qty=3
O000003100,0,Low,,Auto process,discount_pct=0.0; payment_failures=0; device_reuse=1; total_qty=5
O000003091,0,Low,,Auto process,discount_pct=0.0; payment_failures=0; device_reuse=1; total_qty=7
O000003126,0,Low,,Auto process,discount_pct=0.0; payment_failures=0; device_reuse=1; total_qty=9
O000003149,0,Low,,Auto process,discount_pct=0.0; payment_failures=0; device_reuse=1; total_qty=6
O000003139,0,Low,,Auto process,discount_pct=0.0; payment_failures=0; device_reuse=1; total_qty=7
O000003131,0,Low,,Auto process,discount_pct=0.1; payment_failures=0; device_reuse=1; total_qty=4
O000003136,0,Low,,Auto process,discount_pct=0.0; payment_failures=0; device_reuse=0; total_qty=3
O000003140,0,Low,,Auto process,discount_pct=0.01; payment_failures=0; device_reuse=1; total_qty=10
O000003145,0,Low,,Auto process,discount_pct=0.0; payment_failures=0; device_reuse=1; total_qty=4
O000003132,0,Low,,Auto process,discount_pct=0.0; payment_failures=0; device_reuse=1; total_qty=4
O000003141,0,Low,,Auto process,discount_pct=0.0; payment_failures=0; device_reuse=1; total_qty=6
O000003122,0,Low,,Auto process,discount_pct=0.1; payment_failures=0; device_reuse=1; total_qty=5
O000003117,0,Low,,Auto process,discount_pct=0.0; payment_failures=0; device_reuse=1; total_qty=3
O000003115,0,Low,,Auto process,discount_pct=0.0; payment_failures=0; device_reuse=1; total_qty=7
O000000884,0,Low,,Auto process,discount_pct=0.01; payment_failures=0; device_reuse=1; total_qty=7
O000000856,0,Low,,Auto process,discount_pct=0.0; payment_failures=0; device_reuse=1; total_qty=3
O000000877,0,Low,,Auto process,discount_pct=0.0; payment_failures=1; device_reuse=1; total_qty=4
O000000826,0,Low,,Auto process,discount_pct=0.0; payment_failures=0; device_reuse=1; total_qty=3
O000000823,0,Low,,Auto process,discount_pct=0.0; payment_failures=0; device_reuse=1; total_qty=6
O000000852,0,Low,,Auto process,discount_pct=0.0; payment_failures=0; device_reuse=1; total_qty=9
O000000846,0,Low,,Auto process,discount_pct=0.0; payment_failures=0; device_reuse=1; total_qty=6
O000000825,0,Low,,Auto process,discount_pct=0.0; payment_failures=0; device_reuse=1; total_qty=2
O000000838,0,Low,,Auto process,discount_pct=0.0; payment_failures=0; device_reuse=1; total_qty=6
O000000841,0,Low,,Auto process,discount_pct=0.03; payment_failures=0; device_reuse=1; total_qty=1
O000000834,0,Low,,Auto process,discount_pct=0.07; payment_failures=0; device_reuse=1; total_qty=4
O000000822,0,Low,,Auto process,discount_pct=0.0; payment_failures=0; device_reuse=0; total_qty=2
O000000845,0,Low,,Auto process,discount_pct=0.0; payment_failures=0; device_reuse=1; total_qty=1
O000000851,0,Low,,Auto process,discount_pct=0.0; payment_failures=0; device_reuse=0; total_qty=8
O000000850,0,Low,,Auto process,discount_pct=0.06; payment_failures=0; device_reuse=1; total_qty=3
O000003128,0,Low,,Auto process,discount_pct=0.06; payment_failures=0; device_reuse=1; total_qty=3
O000003120,0,Low,,Auto process,discount_pct=0.0; payment_failures=0; device_reuse=1; total_qty=2
O000003148,0,Low,,Auto process,discount_pct=0.0; payment_failures=0; device_reuse=1; total_qty=10
O000003129,0,Low,,Auto process,discount_pct=0.0; payment_failures=0; device_reuse=1; total_qty=1
O000003110,0,Low,,Auto process,discount_pct=0.0; payment_failures=0; device_reuse=1; total_qty=5
O000003155,0,Low,,Auto process,discount_pct=0.0; payment_failures=0; device_reuse=1; total_qty=8
O000003152,0,Low,,Auto process,discount_pct=0.0; payment_failures=0; device_reuse=1; total_qty=4
O000003159,0,Low,,Auto process,discount_pct=0.0; payment_failures=0; device_reuse=0; total_qty=1
O000003124,0,Low,,Auto process,discount_pct=0.0; payment_failures=0; device_reuse=0; total_qty=1
O000003125,0,Low,,Auto process,discount_pct=0.0; payment_failures=0; device_reuse=1; total_qty=1
O000003116,0,Low,,Auto process,discount_pct=0.0; payment_failures=0; device_reuse=1; total_qty=6
O000003113,0,Low,,Auto process,discount_pct=0.0; payment_failures=0; device_reuse=1; total_qty=2
O000003134,0,Low,,Auto process,discount_pct=0.0; payment_failures=0; device_reuse=0; total_qty=5
O000003123,0,Low,,Auto process,discount_pct=0.03; payment_failures=0; device_reuse=1; total_qty=8
O000003118,0,Low,,Auto process,discount_pct=0.0; payment_failures=0; device_reuse=1; total_qty=2
O000000811,0,Low,,Auto process,discount_pct=0.0; payment_failures=0; device_reuse=0; total_qty=8
O000000806,0,Low,,Auto process,discount_pct=0.0; payment_failures=0; device_reuse=1; total_qty=7
O000000828,0,Low,,Auto process,discount_pct=0.0; payment_failures=0; device_reuse=1; total_qty=8
O000000821,0,Low,,Auto process,discount_pct=0.0; payment_failures=0; device_reuse=1; total_qty=3
O000000835,0,Low,,Auto process,discount_pct=0.18; payment_failures=0; device_reuse=0; total_qty=2
O000000842,0,Low,,Auto process,discount_pct=0.0; payment_failures=0; device_reuse=1; total_qty=1
O000003175,0,Low,,Auto process,discount_pct=0.0; payment_failures=0; device_reuse=1; total_qty=1
O000003181,0,Low,,Auto process,discount_pct=0.0; payment_failures=0; device_reuse=1; total_qty=3
O000003165,0,Low,,Auto process,discount_pct=0.02; payment_failures=0; device_reuse=0; total_qty=7
O000003157,0,Low,,Auto process,discount_pct=0.04; payment_failures=0; device_reuse=1; total_qty=5
O000003168,0,Low,,Auto process,discount_pct=0.0; payment_failures=0; device_reuse=1; total_qty=1
O000003172,0,Low,,Auto process,discount_pct=0.02; payment_failures=0; device_reuse=0; total_qty=9
O000003169,0,Low,,Auto process,discount_pct=0.0; payment_failures=0; device_reuse=1; total_qty=1
O000003154,0,Low,,Auto process,discount_pct=0.0; payment_failures=0; device_reuse=1; total_qty=3
O000003158,0,Low,,Auto process,discount_pct=0.0; payment_failures=0; device_reuse=0; total_qty=5
O000003163,0,Low,,Auto process,discount_pct=0.0; payment_failures=0; device_reuse=1; total_qty=3
O000003166,0,Low,,Auto process,discount_pct=0.0; payment_failures=0; device_reuse=1; total_qty=5
O000003171,0,Low,,Auto process,discount_pct=0.0; payment_failures=0; device_reuse=1; total_qty=7
O000003164,0,Low,,Auto process,discount_pct=0.0; payment_failures=0; device_reuse=0; total_qty=2
O000003153,0,Low,,Auto process,discount_pct=0.0; payment_failures=0; device_reuse=0; total_qty=3
O000003151,0,Low,,Auto process,discount_pct=0.07; payment_failures=0; device_reuse=1; total_qty=3
O000003167,0,Low,,Auto process,discount_pct=0.0; payment_failures=0; device_reuse=1; total_qty=7
O000000805,0,Low,,Auto process,discount_pct=0.0; payment_failures=0; device_reuse=1; total_qty=4
O000000801,0,Low,,Auto process,discount_pct=0.0; payment_failures=0; device_reuse=0; total_qty=8
O000000815,0,Low,,Auto process,discount_pct=0.0; payment_failures=0; device_reuse=1; total_qty=10
O000000800,0,Low,,Auto process,discount_pct=0.0; payment_failures=0; device_reuse=1; total_qty=2
O000000813,0,Low,,Auto process,discount_pct=0.0; payment_failures=0; device_reuse=1; total_qty=1
O000000810,0,Low,,Auto process,discount_pct=0.01; payment_failures=0; device_reuse=1; total_qty=3
O000000789,0,Low,,Auto process,discount_pct=0.0; payment_failures=0; device_reuse=1; total_qty=4
O000000807,0,Low,,Auto process,discount_pct=0.0; payment_failures=0; device_reuse=0; total_qty=4
O000003191,0,Low,,Auto process,discount_pct=0.04; payment_failures=0; device_reuse=1; total_qty=4
O000003184,0,Low,,Auto process,discount_pct=0.0; payment_failures=0; device_reuse=1; total_qty=6
O000003180,0,Low,,Auto process,discount_pct=0.0; payment_failures=0; device_reuse=1; total_qty=2
O000003178,0,Low,,Auto process,discount_pct=0.0; payment_failures=0; device_reuse=1; total_qty=5
O000003177,0,Low,,Auto process,discount_pct=0.0; payment_failures=0; device_reuse=0; total_qty=1
O000003192,0,Low,,Auto process,discount_pct=0.0; payment_failures=0; device_reuse=1; total_qty=8
O000003189,0,Low,,Auto process,discount_pct=0.0; payment_failures=0; device_reuse=0; total_qty=1
O000003174,0,Low,,Auto process,discount_pct=0.14; payment_failures=0; device_reuse=1; total_qty=1
O000003197,0,Low,,Auto process,discount_pct=0.1; payment_failures=1; device_reuse=1; total_qty=2
O000003200,0,Low,,Auto process,discount_pct=0.02; payment_failures=0; device_reuse=1; total_qty=9
O000003216,0,Low,,Auto process,discount_pct=0.0; payment_failures=0; device_reuse=1; total_qty=10
O000003203,0,Low,,Auto process,discount_pct=0.0; payment_failures=0; device_reuse=1; total_qty=8
O000003202,0,Low,,Auto process,discount_pct=0.0; payment_failures=0; device_reuse=1; total_qty=2
O000003201,0,Low,,Auto process,discount_pct=0.01; payment_failures=0; device_reuse=1; total_qty=7
O000003183,0,Low,,Auto process,discount_pct=0.02; payment_failures=0; device_reuse=1; total_qty=10
O000003182,0,Low,,Auto process,discount_pct=0.0; payment_failures=0; device_reuse=0; total_qty=4
O000003193,0,Low,,Auto process,discount_pct=0.0; payment_failures=0; device_reuse=1; total_qty=9
O000000808,0,Low,,Auto process,discount_pct=0.0; payment_failures=0; device_reuse=1; total_qty=10
O000000802,0,Low,,Auto process,discount_pct=0.06; payment_failures=0; device_reuse=0; total_qty=9
O000000812,0,Low,,Auto process,discount_pct=0.05; payment_failures=0; device_reuse=1; total_qty=3
O000000804,0,Low,,Auto process,discount_pct=0.0; payment_failures=0; device_reuse=1; total_qty=8
O000000796,0,Low,,Auto process,discount_pct=0.0; payment_failures=0; device_reuse=1; total_qty=10
O000000791,0,Low,,Auto process,discount_pct=0.0; payment_failures=0; device_reuse=1; total_qty=6
O000000809,0,Low,,Auto process,discount_pct=0.0; payment_failures=0; device_reuse=1; total_qty=4
O000003222,0,Low,,Auto process,discount_pct=0.0; payment_failures=0; device_reuse=1; total_qty=5
O000003228,0,Low,,Auto process,discount_pct=0.0; payment_failures=0; device_reuse=0; total_qty=9
O000003232,0,Low,,Auto process,discount_pct=0.2; payment_failures=0; device_reuse=1; total_qty=5
O000003234,0,Low,,Auto process,discount_pct=0.0; payment_failures=0; device_reuse=1; total_qty=6
O000003221,0,Low,,Auto process,discount_pct=0.06; payment_failures=0; device_reuse=1; total_qty=9
O000003220,0,Low,,Auto process,discount_pct=0.01; payment_failures=0; device_reuse=0; total_qty=7
O000003213,0,Low,,Auto process,discount_pct=0.0; payment_failures=0; device_reuse=1; total_qty=9
O000003214,0,Low,,Auto process,discount_pct=0.0; payment_failures=0; device_reuse=1; total_qty=4
O000003211,0,Low,,Auto process,discount_pct=0.0; payment_failures=0; device_reuse=1; total_qty=5
O000003207,0,Low,,Auto process,discount_pct=0.0; payment_failures=0; device_reuse=0; total_qty=4
O000003195,0,Low,,Auto process,discount_pct=0.0; payment_failures=0; device_reuse=1; total_qty=2
O000003199,0,Low,,Auto process,discount_pct=0.0; payment_failures=0; device_reuse=1; total_qty=7
O000003198,0,Low,,Auto process,discount_pct=0.0; payment_failures=0; device_reuse=1; total_qty=8
O000003204,0,Low,,Auto process,discount_pct=0.0; payment_failures=0; device_reuse=1; total_qty=4
O000003205,0,Low,,Auto process,discount_pct=0.0; payment_failures=0; device_reuse=1; total_qty=5
O000003209,0,Low,,Auto process,discount_pct=0.0; payment_failures=0; device_reuse=1; total_qty=5
O000000818,0,Low,,Auto process,discount_pct=0.0; payment_failures=0; device_reuse=1; total_qty=8
O000000769,0,Low,,Auto process,discount_pct=0.0; payment_failures=0; device_reuse=1; total_qty=4
O000000774,0,Low,,Auto process,discount_pct=0.0; payment_failures=0; device_reuse=1; total_qty=6
O000000778,0,Low,,Auto process,discount_pct=0.0; payment_failures=0; device_reuse=1; total_qty=3
O000000776,0,Low,,Auto process,discount_pct=0.0; payment_failures=0; device_reuse=1; total_qty=9
O000000768,0,Low,,Auto process,discount_pct=0.0; payment_failures=0; device_reuse=1; total_qty=2
O000003229,0,Low,,Auto process,discount_pct=0.0; payment_failures=0; device_reuse=1; total_qty=1
O000003219,0,Low,,Auto process,discount_pct=0.0; payment_failures=0; device_reuse=1; total_qty=3
O000003227,0,Low,,Auto process,discount_pct=0.0; payment_failures=0; device_reuse=1; total_qty=4
O000003223,0,Low,,Auto process,discount_pct=0.0; payment_failures=0; device_reuse=1; total_qty=2
O000003237,0,Low,,Auto process,discount_pct=0.0; payment_failures=0; device_reuse=1; total_qty=8
O000003235,0,Low,,Auto process,discount_pct=0.0; payment_failures=0; device_reuse=0; total_qty=3
O000003238,0,Low,,Auto process,discount_pct=0.0; payment_failures=0; device_reuse=0; total_qty=3
O000003233,0,Low,,Auto process,discount_pct=0.0; payment_failures=0; device_reuse=1; total_qty=7
O000003224,0,Low,,Auto process,discount_pct=0.01; payment_failures=0; device_reuse=1; total_qty=9
O000003225,0,Low,,Auto process,discount_pct=0.0; payment_failures=0; device_reuse=1; total_qty=2
O000000766,0,Low,,Auto process,discount_pct=0.0; payment_failures=0; device_reuse=0; total_qty=1
O000000764,0,Low,,Auto process,discount_pct=0.0; payment_failures=0; device_reuse=1; total_qty=6
O000003242,0,Low,,Auto process,discount_pct=0.0; payment_failures=0; device_reuse=1; total_qty=3
O000003256,0,Low,,Auto process,discount_pct=0.0; payment_failures=0; device_reuse=0; total_qty=3
O000003249,0,Low,,Auto process,discount_pct=0.02; payment_failures=0; device_reuse=1; total_qty=8
O000003253,0,Low,,Auto process,discount_pct=0.0; payment_failures=0; device_reuse=1; total_qty=2
O000003251,0,Low,,Auto process,discount_pct=0.0; payment_failures=0; device_reuse=1; total_qty=4
O000003260,0,Low,,Auto process,discount_pct=0.0; payment_failures=0; device_reuse=1; total_qty=8
O000003241,0,Low,,Auto process,discount_pct=0.05; payment_failures=0; device_reuse=1; total_qty=2
O000003244,0,Low,,Auto process,discount_pct=0.0; payment_failures=0; device_reuse=0; total_qty=2
O000003247,0,Low,,Auto process,discount_pct=0.0; payment_failures=0; device_reuse=0; total_qty=7
O000003218,0,Low,,Auto process,discount_pct=0.0; payment_failures=0; device_reuse=1; total_qty=2
O000000790,0,Low,,Auto process,discount_pct=0.0; payment_failures=0; device_reuse=1; total_qty=8
O000000793,0,Low,,Auto process,discount_pct=0.0; payment_failures=0; device_reuse=0; total_qty=6
O000000792,0,Low,,Auto process,discount_pct=0.0; payment_failures=0; device_reuse=1; total_qty=6
O000000797,0,Low,,Auto process,discount_pct=0.0; payment_failures=0; device_reuse=1; total_qty=3
O000003286,0,Low,,Auto process,discount_pct=0.0; payment_failures=0; device_reuse=1; total_qty=2
O000003291,0,Low,,Auto process,discount_pct=0.0; payment_failures=0; device_reuse=1; total_qty=7
O000003255,0,Low,,Auto process,discount_pct=0.0; payment_failures=0; device_reuse=1; total_qty=1
O000003257,0,Low,,Auto process,discount_pct=0.0; payment_failures=0; device_reuse=1; total_qty=6
O000003258,0,Low,,Auto process,discount_pct=0.0; payment_failures=0; device_reuse=1; total_qty=5
O000003259,0,Low,,Auto process,discount_pct=0.0; payment_failures=0; device_reuse=1; total_qty=3
O000003243,0,Low,,Auto process,discount_pct=0.0; payment_failures=0; device_reuse=1; total_qty=8
O000003246,0,Low,,Auto process,discount_pct=0.0; payment_failures=0; device_reuse=1; total_qty=1
O000000765,0,Low,,Auto process,discount_pct=0.0; payment_failures=0; device_reuse=1; total_qty=6
O000000785,0,Low,,Auto process,discount_pct=0.0; payment_failures=0; device_reuse=1; total_qty=5
O000000772,0,Low,,Auto process,discount_pct=0.0; payment_failures=0; device_reuse=1; total_qty=5
O000000780,0,Low,,Auto process,discount_pct=0.06; payment_failures=0; device_reuse=1; total_qty=2
O000000779,0,Low,,Auto process,discount_pct=0.0; payment_failures=0; device_reuse=1; total_qty=7
O000000787,0,Low,,Auto process,discount_pct=0.0; payment_failures=0; device_reuse=1; total_qty=3
O000000783,0,Low,,Auto process,discount_pct=0.01; payment_failures=0; device_reuse=1; total_qty=6
O000000770,0,Low,,Auto process,discount_pct=0.0; payment_failures=0; device_reuse=0; total_qty=8
O000000741,0,Low,,Auto process,discount_pct=0.0; payment_failures=0; device_reuse=0; total_qty=7
O000000747,0,Low,,Auto process,discount_pct=0.0; payment_failures=0; device_reuse=1; total_qty=2
O000000760,0,Low,,Auto process,discount_pct=0.0; payment_failures=0; device_reuse=1; total_qty=5
O000000748,0,Low,,Auto process,discount_pct=0.02; payment_failures=0; device_reuse=1; total_qty=8
O000003265,0,Low,,Auto process,discount_pct=0.03; payment_failures=0; device_reuse=1; total_qty=7
O000003279,0,Low,,Auto process,discount_pct=0.01; payment_failures=0; device_reuse=1; total_qty=8
O000003264,0,Low,,Auto process,discount_pct=0.0; payment_failures=0; device_reuse=1; total_qty=5
O000003271,0,Low,,Auto process,discount_pct=0.0; payment_failures=0; device_reuse=1; total_qty=10
O000003268,0,Low,,Auto process,discount_pct=0.0; payment_failures=0; device_reuse=0; total_qty=1
O000003277,0,Low,,Auto process,discount_pct=0.04; payment_failures=0; device_reuse=1; total_qty=9
O000003287,0,Low,,Auto process,discount_pct=0.14; payment_failures=0; device_reuse=0; total_qty=1
O000003261,0,Low,,Auto process,discount_pct=0.0; payment_failures=0; device_reuse=1; total_qty=5
O000003266,0,Low,,Auto process,discount_pct=0.0; payment_failures=0; device_reuse=0; total_qty=3
O000003278,0,Low,,Auto process,discount_pct=0.0; payment_failures=0; device_reuse=1; total_qty=3
O000003289,0,Low,,Auto process,discount_pct=0.0; payment_failures=0; device_reuse=1; total_qty=2
O000003273,0,Low,,Auto process,discount_pct=0.0; payment_failures=0; device_reuse=1; total_qty=10
O000003267,0,Low,,Auto process,discount_pct=0.11; payment_failures=0; device_reuse=1; total_qty=4
O000003272,0,Low,,Auto process,discount_pct=0.0; payment_failures=0; device_reuse=1; total_qty=6
O000003274,0,Low,,Auto process,discount_pct=0.0; payment_failures=0; device_reuse=1; total_qty=6
O000003270,0,Low,,Auto process,discount_pct=0.0; payment_failures=0; device_reuse=0; total_qty=1
O000000753,0,Low,,Auto process,discount_pct=0.0; payment_failures=0; device_reuse=1; total_qty=4
O000000759,0,Low,,Auto process,discount_pct=0.0; payment_failures=0; device_reuse=0; total_qty=8
O000000752,0,Low,,Auto process,discount_pct=0.0; payment_failures=0; device_reuse=1; total_qty=7
O000000742,0,Low,,Auto process,discount_pct=0.0; payment_failures=0; device_reuse=1; total_qty=6
O000000737,0,Low,,Auto process,discount_pct=0.0; payment_failures=0; device_reuse=1; total_qty=3
O000000758,0,Low,,Auto process,discount_pct=0.05; payment_failures=0; device_reuse=0; total_qty=4
O000000738,0,Low,,Auto process,discount_pct=0.02; payment_failures=0; device_reuse=1; total_qty=4
O000000754,0,Low,,Auto process,discount_pct=0.04; payment_failures=0; device_reuse=1; total_qty=5
O000000715,0,Low,,Auto process,discount_pct=0.0; payment_failures=0; device_reuse=1; total_qty=8
O000000740,0,Low,,Auto process,discount_pct=0.06; payment_failures=0; device_reuse=1; total_qty=9
O000000746,0,Low,,Auto process,discount_pct=0.0; payment_failures=0; device_reuse=1; total_qty=5
O000000755,0,Low,,Auto process,discount_pct=0.1; payment_failures=0; device_reuse=1; total_qty=5
O000003326,0,Low,,Auto process,discount_pct=0.0; payment_failures=0; device_reuse=1; total_qty=8
O000003317,0,Low,,Auto process,discount_pct=0.0; payment_failures=0; device_reuse=1; total_qty=2
O000003304,0,Low,,Auto process,discount_pct=0.0; payment_failures=0; device_reuse=1; total_qty=2
O000003300,0,Low,,Auto process,discount_pct=0.1; payment_failures=0; device_reuse=1; total_qty=2
O000003314,0,Low,,Auto process,discount_pct=0.0; payment_failures=0; device_reuse=1; total_qty=4
O000003318,0,Low,,Auto process,discount_pct=0.0; payment_failures=0; device_reuse=1; total_qty=6
O000003299,0,Low,,Auto process,discount_pct=0.02; payment_failures=0; device_reuse=1; total_qty=4
O000003319,0,Low,,Auto process,discount_pct=0.0; payment_failures=0; device_reuse=1; total_qty=2
O000003301,0,Low,,Auto process,discount_pct=0.0; payment_failures=0; device_reuse=1; total_qty=3
O000003308,0,Low,,Auto process,discount_pct=0.0; payment_failures=0; device_reuse=1; total_qty=5
O000003313,0,Low,,Auto process,discount_pct=0.0; payment_failures=0; device_reuse=0; total_qty=4
O000003305,0,Low,,Auto process,discount_pct=0.0; payment_failures=0; device_reuse=1; total_qty=8
O000003293,0,Low,,Auto process,discount_pct=0.0; payment_failures=0; device_reuse=0; total_qty=6
O000003294,0,Low,,Auto process,discount_pct=0.0; payment_failures=0; device_reuse=1; total_qty=5
O000003298,0,Low,,Auto process,discount_pct=0.0; payment_failures=0; device_reuse=0; total_qty=4
O000003316,0,Low,,Auto process,discount_pct=0.0; payment_failures=0; device_reuse=1; total_qty=5
O000003330,0,Low,,Auto process,discount_pct=0.0; payment_failures=0; device_reuse=1; total_qty=6
O000003323,0,Low,,Auto process,discount_pct=0.0; payment_failures=0; device_reuse=0; total_qty=1
O000003332,0,Low,,Auto process,discount_pct=0.0; payment_failures=0; device_reuse=1; total_qty=6
O000003340,0,Low,,Auto process,discount_pct=0.0; payment_failures=0; device_reuse=1; total_qty=6
O000003346,0,Low,,Auto process,discount_pct=0.0; payment_failures=0; device_reuse=1; total_qty=8
O000003347,0,Low,,Auto process,discount_pct=0.0; payment_failures=0; device_reuse=1; total_qty=2
O000003350,0,Low,,Auto process,discount_pct=0.0; payment_failures=0; device_reuse=1; total_qty=7
O000003324,0,Low,,Auto process,discount_pct=0.0; payment_failures=0; device_reuse=1; total_qty=6
O000003328,0,Low,,Auto process,discount_pct=0.0; payment_failures=0; device_reuse=1; total_qty=7
O000003344,0,Low,,Auto process,discount_pct=0.0; payment_failures=0; device_reuse=1; total_qty=3
O000003348,0,Low,,Auto process,discount_pct=0.0; payment_failures=0; device_reuse=1; total_qty=5
O000003345,0,Low,,Auto process,discount_pct=0.0; payment_failures=0; device_reuse=1; total_qty=2
O000003331,0,Low,,Auto process,discount_pct=0.0; payment_failures=0; device_reuse=1; total_qty=6
O000003341,0,Low,,Auto process,discount_pct=0.0; payment_failures=0; device_reuse=1; total_qty=5
O000003334,0,Low,,Auto process,discount_pct=0.0; payment_failures=0; device_reuse=1; total_qty=2
O000003337,0,Low,,Auto process,discount_pct=0.0; payment_failures=0; device_reuse=1; total_qty=5
O000000732,0,Low,,Auto process,discount_pct=0.07; payment_failures=0; device_reuse=1; total_qty=9
O000000717,0,Low,,Auto process,discount_pct=0.0; payment_failures=0; device_reuse=0; total_qty=7
O000000714,0,Low,,Auto process,discount_pct=0.0; payment_failures=0; device_reuse=1; total_qty=2
O000000720,0,Low,,Auto process,discount_pct=0.0; payment_failures=0; device_reuse=1; total_qty=8
O000000716,0,Low,,Auto process,discount_pct=0.0; payment_failures=0; device_reuse=1; total_qty=7
O000000729,0,Low,,Auto process,discount_pct=0.0; payment_failures=0; device_reuse=1; total_qty=5
O000000733,0,Low,,Auto process,discount_pct=0.0; payment_failures=0; device_reuse=1; total_qty=3
O000000725,0,Low,,Auto process,discount_pct=0.09; payment_failures=0; device_reuse=1; total_qty=2
O000000723,0,Low,,Auto process,discount_pct=0.0; payment_failures=0; device_reuse=1; total_qty=4
O000000731,0,Low,,Auto process,discount_pct=0.05; payment_failures=0; device_reuse=1; total_qty=8
O000000727,0,Low,,Auto process,discount_pct=0.0; payment_failures=0; device_reuse=1; total_qty=2
O000000734,0,Low,,Auto process,discount_pct=0.0; payment_failures=0; device_reuse=1; total_qty=1
O000000735,0,Low,,Auto process,discount_pct=0.0; payment_failures=0; device_reuse=1; total_qty=1
O000000713,0,Low,,Auto process,discount_pct=0.0; payment_failures=0; device_reuse=1; total_qty=6
O000003351,0,Low,,Auto process,discount_pct=0.0; payment_failures=0; device_reuse=1; total_qty=4
O000003343,0,Low,,Auto process,discount_pct=0.0; payment_failures=0; device_reuse=1; total_qty=6
O000000699,0,Low,,Auto process,discount_pct=0.0; payment_failures=0; device_reuse=1; total_qty=1
O000000680,0,Low,,Auto process,discount_pct=0.0; payment_failures=0; device_reuse=1; total_qty=10
O000000694,0,Low,,Auto process,discount_pct=0.0; payment_failures=0; device_reuse=1; total_qty=4
O000003355,0,Low,,Auto process,discount_pct=0.0; payment_failures=0; device_reuse=1; total_qty=2
O000003366,0,Low,,Auto process,discount_pct=0.0; payment_failures=0; device_reuse=1; total_qty=4
O000003363,0,Low,,Auto process,discount_pct=0.0; payment_failures=0; device_reuse=1; total_qty=2
O000003358,0,Low,,Auto process,discount_pct=0.04; payment_failures=0; device_reuse=0; total_qty=1
O000003359,0,Low,,Auto process,discount_pct=0.0; payment_failures=0; device_reuse=1; total_qty=9
O000003361,0,Low,,Auto process,discount_pct=0.0; payment_failures=0; device_reuse=1; total_qty=4
O000003362,0,Low,,Auto process,discount_pct=0.0; payment_failures=0; device_reuse=1; total_qty=8
O000003369,0,Low,,Auto process,discount_pct=0.0; payment_failures=0; device_reuse=0; total_qty=3
O000003356,0,Low,,Auto process,discount_pct=0.0; payment_failures=0; device_reuse=1; total_qty=6
O000003353,0,Low,,Auto process,discount_pct=0.0; payment_failures=0; device_reuse=1; total_qty=7
O000003357,0,Low,,Auto process,discount_pct=0.0; payment_failures=0; device_reuse=0; total_qty=3
O000003365,0,Low,,Auto process,discount_pct=0.0; payment_failures=0; device_reuse=1; total_qty=2
O000000722,0,Low,,Auto process,discount_pct=0.0; payment_failures=0; device_reuse=1; total_qty=9
O000003391,0,Low,,Auto process,discount_pct=0.0; payment_failures=0; device_reuse=1; total_qty=7
O000003384,0,Low,,Auto process,discount_pct=0.0; payment_failures=0; device_reuse=1; total_qty=2
O000003390,0,Low,,Auto process,discount_pct=0.0; payment_failures=0; device_reuse=1; total_qty=8
O000003381,0,Low,,Auto process,discount_pct=0.0; payment_failures=0; device_reuse=0; total_qty=3
O000003387,0,Low,,Auto process,discount_pct=0.04; payment_failures=0; device_reuse=1; total_qty=4
O000003374,0,Low,,Auto process,discount_pct=0.0; payment_failures=0; device_reuse=1; total_qty=3
O000003383,0,Low,,Auto process,discount_pct=0.0; payment_failures=0; device_reuse=1; total_qty=2
O000003364,0,Low,,Auto process,discount_pct=0.04; payment_failures=0; device_reuse=1; total_qty=4
O000003360,0,Low,,Auto process,discount_pct=0.0; payment_failures=0; device_reuse=1; total_qty=4
O000003368,0,Low,,Auto process,discount_pct=0.0; payment_failures=0; device_reuse=1; total_qty=8
O000000724,0,Low,,Auto process,discount_pct=0.0; payment_failures=0; device_reuse=1; total_qty=6
O000000691,0,Low,,Auto process,discount_pct=0.12; payment_failures=0; device_reuse=1; total_qty=3
O000000712,0,Low,,Auto process,discount_pct=0.0; payment_failures=0; device_reuse=1; total_qty=5
O000000690,0,Low,,Auto process,discount_pct=0.0; payment_failures=0; device_reuse=1; total_qty=5
O000000679,0,Low,,Auto process,discount_pct=0.0; payment_failures=0; device_reuse=1; total_qty=4
O000000706,0,Low,,Auto process,discount_pct=0.0; payment_failures=0; device_reuse=1; total_qty=6
O000003412,0,Low,,Auto process,discount_pct=0.0; payment_failures=0; device_reuse=0; total_qty=1
O000003413,0,Low,,Auto process,discount_pct=0.01; payment_failures=0; device_reuse=1; total_qty=6
O000003400,0,Low,,Auto process,discount_pct=0.0; payment_failures=0; device_reuse=1; total_qty=1
O000003425,0,Low,,Auto process,discount_pct=0.17; payment_failures=0; device_reuse=0; total_qty=3
O000003408,0,Low,,Auto process,discount_pct=0.0; payment_failures=0; device_reuse=1; total_qty=9
O000003414,0,Low,,Auto process,discount_pct=0.0; payment_failures=0; device_reuse=1; total_qty=6
O000003376,0,Low,,Auto process,discount_pct=0.0; payment_failures=0; device_reuse=1; total_qty=7
O000003371,0,Low,,Auto process,discount_pct=0.0; payment_failures=0; device_reuse=1; total_qty=2
O000003392,0,Low,,Auto process,discount_pct=0.0; payment_failures=0; device_reuse=1; total_qty=5
O000003394,0,Low,,Auto process,discount_pct=0.1; payment_failures=0; device_reuse=0; total_qty=6
O000003393,0,Low,,Auto process,discount_pct=0.05; payment_failures=0; device_reuse=1; total_qty=5
O000003395,0,Low,,Auto process,discount_pct=0.01; payment_failures=0; device_reuse=1; total_qty=2
O000003378,0,Low,,Auto process,discount_pct=0.0; payment_failures=0; device_reuse=1; total_qty=2
O000003386,0,Low,,Auto process,discount_pct=0.0; payment_failures=0; device_reuse=1; total_qty=2
O000003375,0,Low,,Auto process,discount_pct=0.0; payment_failures=0; device_reuse=1; total_qty=3
O000003388,0,Low,,Auto process,discount_pct=0.0; payment_failures=0; device_reuse=0; total_qty=6
O000000677,0,Low,,Auto process,discount_pct=0.0; payment_failures=0; device_reuse=1; total_qty=2
O000000687,0,Low,,Auto process,discount_pct=0.0; payment_failures=0; device_reuse=0; total_qty=4
O000000692,0,Low,,Auto process,discount_pct=0.0; payment_failures=0; device_reuse=1; total_qty=6
O000000686,0,Low,,Auto process,discount_pct=0.0; payment_failures=0; device_reuse=1; total_qty=3
O000000678,0,Low,,Auto process,discount_pct=0.0; payment_failures=0; device_reuse=1; total_qty=8
O000000689,0,Low,,Auto process,discount_pct=0.0; payment_failures=0; device_reuse=1; total_qty=2
O000000688,0,Low,,Auto process,discount_pct=0.0; payment_failures=0; device_reuse=1; total_qty=7
O000000696,0,Low,,Auto process,discount_pct=0.0; payment_failures=0; device_reuse=1; total_qty=3
O000000708,0,Low,,Auto process,discount_pct=0.0; payment_failures=0; device_reuse=1; total_qty=1
O000000682,0,Low,,Auto process,discount_pct=0.17; payment_failures=0; device_reuse=1; total_qty=1
O000000702,0,Low,,Auto process,discount_pct=0.0; payment_failures=0; device_reuse=1; total_qty=4
O000000711,0,Low,,Auto process,discount_pct=0.0; payment_failures=0; device_reuse=1; total_qty=7
O000003415,0,Low,,Auto process,discount_pct=0.0; payment_failures=0; device_reuse=1; total_qty=6
O000003409,0,Low,,Auto process,discount_pct=0.0; payment_failures=0; device_reuse=1; total_qty=8
O000003417,0,Low,,Auto process,discount_pct=0.21; payment_failures=0; device_reuse=1; total_qty=3
O000003407,0,Low,,Auto process,discount_pct=0.0; payment_failures=0; device_reuse=1; total_qty=3
O000003422,0,Low,,Auto process,discount_pct=0.0; payment_failures=0; device_reuse=0; total_qty=3
O000003399,0,Low,,Auto process,discount_pct=0.0; payment_failures=0; device_reuse=0; total_qty=3
O000003403,0,Low,,Auto process,discount_pct=0.0; payment_failures=0; device_reuse=1; total_qty=1
O000003397,0,Low,,Auto process,discount_pct=0.0; payment_failures=0; device_reuse=1; total_qty=10
O000003398,0,Low,,Auto process,discount_pct=0.0; payment_failures=0; device_reuse=1; total_qty=5
O000003419,0,Low,,Auto process,discount_pct=0.0; payment_failures=0; device_reuse=1; total_qty=2
O000003420,0,Low,,Auto process,discount_pct=0.01; payment_failures=0; device_reuse=1; total_qty=8
O000003416,0,Low,,Auto process,discount_pct=0.0; payment_failures=0; device_reuse=0; total_qty=5
O000003406,0,Low,,Auto process,discount_pct=0.0; payment_failures=0; device_reuse=0; total_qty=8
O000003410,0,Low,,Auto process,discount_pct=0.0; payment_failures=0; device_reuse=1; total_qty=3
O000000667,0,Low,,Auto process,discount_pct=0.0; payment_failures=0; device_reuse=1; total_qty=5
O000000664,0,Low,,Auto process,discount_pct=0.0; payment_failures=0; device_reuse=1; total_qty=2
O000000654,0,Low,,Auto process,discount_pct=0.0; payment_failures=0; device_reuse=1; total_qty=8
O000000681,0,Low,,Auto process,discount_pct=0.0; payment_failures=0; device_reuse=1; total_qty=4
O000000705,0,Low,,Auto process,discount_pct=0.0; payment_failures=0; device_reuse=1; total_qty=7
O000000685,0,Low,,Auto process,discount_pct=0.06; payment_failures=0; device_reuse=1; total_qty=8
O000003435,0,Low,,Auto process,discount_pct=0.0; payment_failures=0; device_reuse=1; total_qty=7
O000003430,0,Low,,Auto process,discount_pct=0.0; payment_failures=0; device_reuse=0; total_qty=4
O000003437,0,Low,,Auto process,discount_pct=0.0; payment_failures=0; device_reuse=1; total_qty=2
O000003428,0,Low,,Auto process,discount_pct=0.06; payment_failures=0; device_reuse=0; total_qty=10
O000003438,0,Low,,Auto process,discount_pct=0.0; payment_failures=0; device_reuse=1; total_qty=4
O000003454,0,Low,,Auto process,discount_pct=0.0; payment_failures=0; device_reuse=0; total_qty=4
O000003448,0,Low,,Auto process,discount_pct=0.0; payment_failures=0; device_reuse=1; total_qty=6
O000003451,0,Low,,Auto process,discount_pct=0.0; payment_failures=0; device_reuse=1; total_qty=3
O000003444,0,Low,,Auto process,discount_pct=0.0; payment_failures=0; device_reuse=1; total_qty=2
O000003439,0,Low,,Auto process,discount_pct=0.0; payment_failures=0; device_reuse=1; total_qty=5
O000003440,0,Low,,Auto process,discount_pct=0.0; payment_failures=0; device_reuse=1; total_qty=2
O000003450,0,Low,,Auto process,discount_pct=0.0; payment_failures=0; device_reuse=1; total_qty=8
O000003431,0,Low,,Auto process,discount_pct=0.0; payment_failures=0; device_reuse=1; total_qty=1
O000003429,0,Low,,Auto process,discount_pct=0.01; payment_failures=0; device_reuse=1; total_qty=10
O000003445,0,Low,,Auto process,discount_pct=0.0; payment_failures=0; device_reuse=1; total_qty=9
O000003453,0,Low,,Auto process,discount_pct=0.0; payment_failures=0; device_reuse=1; total_qty=2
O000003467,0,Low,,Auto process,discount_pct=0.0; payment_failures=0; device_reuse=1; total_qty=4
O000003464,0,Low,,Auto process,discount_pct=0.0; payment_failures=0; device_reuse=1; total_qty=7
O000003468,0,Low,,Auto process,discount_pct=0.0; payment_failures=0; device_reuse=1; total_qty=5
O000004610,0,Low,,Auto process,discount_pct=0.0; payment_failures=0; device_reuse=1; total_qty=7
O000003474,0,Low,,Auto process,discount_pct=0.0; payment_failures=0; device_reuse=1; total_qty=6
O000003466,0,Low,,Auto process,discount_pct=0.09; payment_failures=0; device_reuse=1; total_qty=7
O000003455,0,Low,,Auto process,discount_pct=0.0; payment_failures=0; device_reuse=1; total_qty=3
O000003479,0,Low,,Auto process,discount_pct=0.0; payment_failures=0; device_reuse=1; total_qty=6
O000003465,0,Low,,Auto process,discount_pct=0.0; payment_failures=0; device_reuse=1; total_qty=4
O000003476,0,Low,,Auto process,discount_pct=0.0; payment_failures=0; device_reuse=1; total_qty=2
O000003471,0,Low,,Auto process,discount_pct=0.0; payment_failures=0; device_reuse=1; total_qty=5
O000003432,0,Low,,Auto process,discount_pct=0.0; payment_failures=0; device_reuse=1; total_qty=5
O000003436,0,Low,,Auto process,discount_pct=0.01; payment_failures=0; device_reuse=1; total_qty=9
O000003449,0,Low,,Auto process,discount_pct=0.0; payment_failures=0; device_reuse=1; total_qty=4
O000003452,0,Low,,Auto process,discount_pct=0.0; payment_failures=0; device_reuse=0; total_qty=3
O000003427,0,Low,,Auto process,discount_pct=0.0; payment_failures=0; device_reuse=0; total_qty=6
O000000643,0,Low,,Auto process,discount_pct=0.0; payment_failures=0; device_reuse=1; total_qty=4
O000000666,0,Low,,Auto process,discount_pct=0.0; payment_failures=0; device_reuse=0; total_qty=6
O000004623,0,Low,,Auto process,discount_pct=0.0; payment_failures=0; device_reuse=1; total_qty=7
O000000661,0,Low,,Auto process,discount_pct=0.0; payment_failures=0; device_reuse=1; total_qty=4
O000000651,0,Low,,Auto process,discount_pct=0.0; payment_failures=0; device_reuse=1; total_qty=10
O000000644,0,Low,,Auto process,discount_pct=0.0; payment_failures=0; device_reuse=0; total_qty=6
O000000656,0,Low,,Auto process,discount_pct=0.0; payment_failures=0; device_reuse=0; total_qty=3
O000000660,0,Low,,Auto process,discount_pct=0.0; payment_failures=0; device_reuse=1; total_qty=5
O000000671,0,Low,,Auto process,discount_pct=0.0; payment_failures=0; device_reuse=1; total_qty=3
O000000650,0,Low,,Auto process,discount_pct=0.0; payment_failures=0; device_reuse=1; total_qty=2
O000000675,0,Low,,Auto process,discount_pct=0.07; payment_failures=0; device_reuse=1; total_qty=1
O000000640,0,Low,,Auto process,discount_pct=0.01; payment_failures=0; device_reuse=1; total_qty=10
O000000662,0,Low,,Auto process,discount_pct=0.0; payment_failures=0; device_reuse=1; total_qty=7
O000003473,0,Low,,Auto process,discount_pct=0.0; payment_failures=0; device_reuse=1; total_qty=3
O000003461,0,Low,,Auto process,discount_pct=0.0; payment_failures=0; device_reuse=1; total_qty=9
O000003469,0,Low,,Auto process,discount_pct=0.0; payment_failures=0; device_reuse=1; total_qty=1
O000003484,0,Low,,Auto process,discount_pct=0.0; payment_failures=0; device_reuse=1; total_qty=7
O000003501,0,Low,,Auto process,discount_pct=0.0; payment_failures=0; device_reuse=1; total_qty=6
O000003496,0,Low,,Auto process,discount_pct=0.0; payment_failures=0; device_reuse=0; total_qty=5
O000003504,0,Low,,Auto process,discount_pct=0.0; payment_failures=0; device_reuse=1; total_qty=5
O000003489,0,Low,,Auto process,discount_pct=0.0; payment_failures=0; device_reuse=1; total_qty=1
O000003508,0,Low,,Auto process,discount_pct=0.01; payment_failures=0; device_reuse=1; total_qty=9
O000003509,0,Low,,Auto process,discount_pct=0.0; payment_failures=0; device_reuse=1; total_qty=5
O000003494,0,Low,,Auto process,discount_pct=0.0; payment_failures=0; device_reuse=0; total_qty=6
O000003495,0,Low,,Auto process,discount_pct=0.0; payment_failures=0; device_reuse=1; total_qty=6
O000003493,0,Low,,Auto process,discount_pct=0.0; payment_failures=0; device_reuse=0; total_qty=3
O000003481,0,Low,,Auto process,discount_pct=0.0; payment_failures=0; device_reuse=1; total_qty=8
O000003483,0,Low,,Auto process,discount_pct=0.0; payment_failures=0; device_reuse=1; total_qty=2
O000003470,0,Low,,Auto process,discount_pct=0.03; payment_failures=0; device_reuse=1; total_qty=3
O000003460,0,Low,,Auto process,discount_pct=0.0; payment_failures=0; device_reuse=1; total_qty=3
O000003458,0,Low,,Auto process,discount_pct=0.0; payment_failures=0; device_reuse=1; total_qty=3
O000000638,0,Low,,Auto process,discount_pct=0.0; payment_failures=0; device_reuse=1; total_qty=2
O000000652,0,Low,,Auto process,discount_pct=0.0; payment_failures=0; device_reuse=1; total_qty=3
O000000655,0,Low,,Auto process,discount_pct=0.0; payment_failures=0; device_reuse=1; total_qty=2
O000000665,0,Low,,Auto process,discount_pct=0.1; payment_failures=0; device_reuse=1; total_qty=3
O000000673,0,Low,,Auto process,discount_pct=0.0; payment_failures=0; device_reuse=1; total_qty=2
O000000653,0,Low,,Auto process,discount_pct=0.0; payment_failures=0; device_reuse=1; total_qty=6
O000000648,0,Low,,Auto process,discount_pct=0.0; payment_failures=0; device_reuse=1; total_qty=1
O000003486,0,Low,,Auto process,discount_pct=0.02; payment_failures=0; device_reuse=1; total_qty=5
O000003491,0,Low,,Auto process,discount_pct=0.0; payment_failures=0; device_reuse=1; total_qty=2
O000003503,0,Low,,Auto process,discount_pct=0.02; payment_failures=0; device_reuse=0; total_qty=3
O000003487,0,Low,,Auto process,discount_pct=0.0; payment_failures=0; device_reuse=1; total_qty=2
O000003490,0,Low,,Auto process,discount_pct=0.0; payment_failures=0; device_reuse=1; total_qty=6
O000003507,0,Low,,Auto process,discount_pct=0.0; payment_failures=0; device_reuse=1; total_qty=3
O000003492,0,Low,,Auto process,discount_pct=0.0; payment_failures=0; device_reuse=1; total_qty=7
O000003482,0,Low,,Auto process,discount_pct=0.0; payment_failures=0; device_reuse=1; total_qty=1
O000003497,0,Low,,Auto process,discount_pct=0.0; payment_failures=0; device_reuse=1; total_qty=5
O000003502,0,Low,,Auto process,discount_pct=0.0; payment_failures=0; device_reuse=1; total_qty=3
O000000621,0,Low,,Auto process,discount_pct=0.0; payment_failures=0; device_reuse=1; total_qty=5
O000000624,0,Low,,Auto process,discount_pct=0.0; payment_failures=0; device_reuse=1; total_qty=6
O000000631,0,Low,,Auto process,discount_pct=0.0; payment_failures=0; device_reuse=1; total_qty=4
O000000628,0,Low,,Auto process,discount_pct=0.0; payment_failures=0; device_reuse=1; total_qty=1
O000003525,0,Low,,Auto process,discount_pct=0.0; payment_failures=0; device_reuse=1; total_qty=8
O000003529,0,Low,,Auto process,discount_pct=0.0; payment_failures=0; device_reuse=0; total_qty=3
O000003532,0,Low,,Auto process,discount_pct=0.0; payment_failures=0; device_reuse=1; total_qty=5
O000003528,0,Low,,Auto process,discount_pct=0.0; payment_failures=0; device_reuse=0; total_qty=3
O000003526,0,Low,,Auto process,discount_pct=0.0; payment_failures=0; device_reuse=1; total_qty=8
O000003516,0,Low,,Auto process,discount_pct=0.01; payment_failures=0; device_reuse=1; total_qty=8
O000003531,0,Low,,Auto process,discount_pct=0.0; payment_failures=0; device_reuse=1; total_qty=4
O000003500,0,Low,,Auto process,discount_pct=0.02; payment_failures=0; device_reuse=1; total_qty=3
O000000641,0,Low,,Auto process,discount_pct=0.0; payment_failures=0; device_reuse=1; total_qty=3
O000000676,0,Low,,Auto process,discount_pct=0.0; payment_failures=0; device_reuse=1; total_qty=3
O000000668,0,Low,,Auto process,discount_pct=0.0; payment_failures=0; device_reuse=1; total_qty=8
O000000659,0,Low,,Auto process,discount_pct=0.0; payment_failures=0; device_reuse=1; total_qty=1
O000003560,0,Low,,Auto process,discount_pct=0.0; payment_failures=0; device_reuse=1; total_qty=5
O000003515,0,Low,,Auto process,discount_pct=0.0; payment_failures=0; device_reuse=1; total_qty=7
O000003513,0,Low,,Auto process,discount_pct=0.0; payment_failures=0; device_reuse=1; total_qty=4
O000003530,0,Low,,Auto process,discount_pct=0.0; payment_failures=0; device_reuse=1; total_qty=3
O000003519,0,Low,,Auto process,discount_pct=0.0; payment_failures=0; device_reuse=1; total_qty=3
O000003514,0,Low,,Auto process,discount_pct=0.0; payment_failures=0; device_reuse=1; total_qty=5
O000003522,0,Low,,Auto process,discount_pct=0.0; payment_failures=0; device_reuse=1; total_qty=7
O000003520,0,Low,,Auto process,discount_pct=0.0; payment_failures=0; device_reuse=1; total_qty=4
O000000629,0,Low,,Auto process,discount_pct=0.1; payment_failures=0; device_reuse=1; total_qty=1
O000000636,0,Low,,Auto process,discount_pct=0.03; payment_failures=0; device_reuse=1; total_qty=8
O000000634,0,Low,,Auto process,discount_pct=0.0; payment_failures=0; device_reuse=1; total_qty=5
O000000625,0,Low,,Auto process,discount_pct=0.0; payment_failures=0; device_reuse=0; total_qty=5
O000000627,0,Low,,Auto process,discount_pct=0.0; payment_failures=0; device_reuse=1; total_qty=6
O000000633,0,Low,,Auto process,discount_pct=0.0; payment_failures=0; device_reuse=1; total_qty=7
O000000622,0,Low,,Auto process,discount_pct=0.04; payment_failures=0; device_reuse=0; total_qty=3
O000000623,0,Low,,Auto process,discount_pct=0.0; payment_failures=0; device_reuse=0; total_qty=1
O000003564,0,Low,,Auto process,discount_pct=0.13; payment_failures=0; device_reuse=0; total_qty=5
O000003559,0,Low,,Auto process,discount_pct=0.0; payment_failures=0; device_reuse=1; total_qty=9
O000003554,0,Low,,Auto process,discount_pct=0.0; payment_failures=0; device_reuse=1; total_qty=7
O000003536,0,Low,,Auto process,discount_pct=0.0; payment_failures=0; device_reuse=1; total_qty=8
O000003548,0,Low,,Auto process,discount_pct=0.0; payment_failures=0; device_reuse=1; total_qty=3
O000003540,0,Low,,Auto process,discount_pct=0.0; payment_failures=0; device_reuse=1; total_qty=6
O000003549,0,Low,,Auto process,discount_pct=0.06; payment_failures=0; device_reuse=1; total_qty=1
O000003547,0,Low,,Auto process,discount_pct=0.0; payment_failures=0; device_reuse=1; total_qty=7
O000003555,0,Low,,Auto process,discount_pct=0.0; payment_failures=0; device_reuse=1; total_qty=9
O000003539,0,Low,,Auto process,discount_pct=0.0; payment_failures=0; device_reuse=1; total_qty=6
O000003537,0,Low,,Auto process,discount_pct=0.0; payment_failures=0; device_reuse=1; total_qty=6
O000003557,0,Low,,Auto process,discount_pct=0.0; payment_failures=0; device_reuse=1; total_qty=4
O000003550,0,Low,,Auto process,discount_pct=0.0; payment_failures=0; device_reuse=1; total_qty=6
O000003533,0,Low,,Auto process,discount_pct=0.0; payment_failures=0; device_reuse=1; total_qty=4
O000003538,0,Low,,Auto process,discount_pct=0.0; payment_failures=0; device_reuse=1; total_qty=1
O000003556,0,Low,,Auto process,discount_pct=0.0; payment_failures=0; device_reuse=0; total_qty=5
O000000607,0,Low,,Auto process,discount_pct=0.0; payment_failures=0; device_reuse=1; total_qty=6
O000000605,0,Low,,Auto process,discount_pct=0.0; payment_failures=0; device_reuse=1; total_qty=5
O000000616,0,Low,,Auto process,discount_pct=0.0; payment_failures=0; device_reuse=1; total_qty=4
O000000611,0,Low,,Auto process,discount_pct=0.0; payment_failures=0; device_reuse=0; total_qty=10
O000000615,0,Low,,Auto process,discount_pct=0.0; payment_failures=0; device_reuse=0; total_qty=3
O000000604,0,Low,,Auto process,discount_pct=0.0; payment_failures=0; device_reuse=1; total_qty=5
O000000620,0,Low,,Auto process,discount_pct=0.0; payment_failures=0; device_reuse=1; total_qty=6
O000000619,0,Low,,Auto process,discount_pct=0.0; payment_failures=0; device_reuse=1; total_qty=5
O000003565,0,Low,,Auto process,discount_pct=0.0; payment_failures=0; device_reuse=1; total_qty=5
O000003574,0,Low,,Auto process,discount_pct=0.0; payment_failures=0; device_reuse=1; total_qty=6
O000003569,0,Low,,Auto process,discount_pct=0.0; payment_failures=0; device_reuse=0; total_qty=2
O000003567,0,Low,,Auto process,discount_pct=0.0; payment_failures=0; device_reuse=1; total_qty=2
O000003571,0,Low,,Auto process,discount_pct=0.0; payment_failures=0; device_reuse=0; total_qty=7
O000003575,0,Low,,Auto process,discount_pct=0.04; payment_failures=0; device_reuse=1; total_qty=6
O000003562,0,Low,,Auto process,discount_pct=0.0; payment_failures=0; device_reuse=1; total_qty=8
O000003570,0,Low,,Auto process,discount_pct=0.0; payment_failures=0; device_reuse=1; total_qty=5
O000003584,0,Low,,Auto process,discount_pct=0.0; payment_failures=0; device_reuse=1; total_qty=7
O000003568,0,Low,,Auto process,discount_pct=0.0; payment_failures=0; device_reuse=1; total_qty=9
O000003576,0,Low,,Auto process,discount_pct=0.0; payment_failures=0; device_reuse=0; total_qty=2
O000003563,0,Low,,Auto process,discount_pct=0.0; payment_failures=0; device_reuse=1; total_qty=7
O000000593,0,Low,,Auto process,discount_pct=0.0; payment_failures=0; device_reuse=1; total_qty=1
O000000595,0,Low,,Auto process,discount_pct=0.0; payment_failures=0; device_reuse=1; total_qty=5
O000000594,0,Low,,Auto process,discount_pct=0.0; payment_failures=0; device_reuse=1; total_qty=1
O000000587,0,Low,,Auto process,discount_pct=0.0; payment_failures=0; device_reuse=1; total_qty=3
O000000600,0,Low,,Auto process,discount_pct=0.0; payment_failures=0; device_reuse=1; total_qty=1
O000000599,0,Low,,Auto process,discount_pct=0.02; payment_failures=0; device_reuse=1; total_qty=6
O000000596,0,Low,,Auto process,discount_pct=0.0; payment_failures=0; device_reuse=1; total_qty=4
O000000598,0,Low,,Auto process,discount_pct=0.0; payment_failures=0; device_reuse=1; total_qty=6
O000000589,0,Low,,Auto process,discount_pct=0.0; payment_failures=0; device_reuse=0; total_qty=2
O000000586,0,Low,,Auto process,discount_pct=0.0; payment_failures=0; device_reuse=0; total_qty=3
O000000606,0,Low,,Auto process,discount_pct=0.0; payment_failures=0; device_reuse=1; total_qty=4
O000000609,0,Low,,Auto process,discount_pct=0.0; payment_failures=0; device_reuse=1; total_qty=1
O000003595,0,Low,,Auto process,discount_pct=0.0; payment_failures=0; device_reuse=1; total_qty=3
O000003599,0,Low,,Auto process,discount_pct=0.0; payment_failures=0; device_reuse=1; total_qty=8
O000003581,0,Low,,Auto process,discount_pct=0.0; payment_failures=0; device_reuse=1; total_qty=7
O000003579,0,Low,,Auto process,discount_pct=0.02; payment_failures=0; device_reuse=0; total_qty=7
O000003587,0,Low,,Auto process,discount_pct=0.01; payment_failures=0; device_reuse=1; total_qty=7
O000003593,0,Low,,Auto process,discount_pct=0.0; payment_failures=0; device_reuse=1; total_qty=4
O000003591,0,Low,,Auto process,discount_pct=0.0; payment_failures=0; device_reuse=1; total_qty=4
O000003589,0,Low,,Auto process,discount_pct=0.0; payment_failures=0; device_reuse=1; total_qty=9
O000004621,0,Low,,Auto process,discount_pct=0.05; payment_failures=0; device_reuse=1; total_qty=7
O000000590,0,Low,,Auto process,discount_pct=0.0; payment_failures=0; device_reuse=1; total_qty=3
O000000597,0,Low,,Auto process,discount_pct=0.0; payment_failures=0; device_reuse=1; total_qty=9
O000000602,0,Low,,Auto process,discount_pct=0.0; payment_failures=0; device_reuse=0; total_qty=5
O000000570,0,Low,,Auto process,discount_pct=0.0; payment_failures=0; device_reuse=1; total_qty=3
O000000575,0,Low,,Auto process,discount_pct=0.0; payment_failures=0; device_reuse=0; total_qty=1
O000000582,0,Low,,Auto process,discount_pct=0.0; payment_failures=0; device_reuse=1; total_qty=6
O000000555,0,Low,,Auto process,discount_pct=0.0; payment_failures=0; device_reuse=0; total_qty=8
O000000574,0,Low,,Auto process,discount_pct=0.0; payment_failures=0; device_reuse=1; total_qty=5
O000000578,0,Low,,Auto process,discount_pct=0.0; payment_failures=0; device_reuse=1; total_qty=6
O000000577,0,Low,,Auto process,discount_pct=0.0; payment_failures=0; device_reuse=1; total_qty=1
O000000563,0,Low,,Auto process,discount_pct=0.0; payment_failures=0; device_reuse=1; total_qty=4
O000003617,0,Low,,Auto process,discount_pct=0.0; payment_failures=0; device_reuse=1; total_qty=8
O000003629,0,Low,,Auto process,discount_pct=0.0; payment_failures=0; device_reuse=1; total_qty=9
O000003615,0,Low,,Auto process,discount_pct=0.0; payment_failures=0; device_reuse=1; total_qty=4
O000003626,0,Low,,Auto process,discount_pct=0.0; payment_failures=0; device_reuse=1; total_qty=1
O000003623,0,Low,,Auto process,discount_pct=0.0; payment_failures=0; device_reuse=1; total_qty=1
O000003621,0,Low,,Auto process,discount_pct=0.0; payment_failures=0; device_reuse=1; total_qty=6
O000003608,0,Low,,Auto process,discount_pct=0.0; payment_failures=0; device_reuse=1; total_qty=3
O000003611,0,Low,,Auto process,discount_pct=0.0; payment_failures=0; device_reuse=0; total_qty=3
O000003625,0,Low,,Auto process,discount_pct=0.0; payment_failures=0; device_reuse=1; total_qty=2
O000003604,0,Low,,Auto process,discount_pct=0.09; payment_failures=0; device_reuse=1; total_qty=6
O000003601,0,Low,,Auto process,discount_pct=0.0; payment_failures=0; device_reuse=1; total_qty=7
O000003627,0,Low,,Auto process,discount_pct=0.0; payment_failures=0; device_reuse=1; total_qty=6
O000003644,0,Low,,Auto process,discount_pct=0.0; payment_failures=0; device_reuse=1; total_qty=8
O000003639,0,Low,,Auto process,discount_pct=0.17; payment_failures=0; device_reuse=1; total_qty=3
O000003619,0,Low,,Auto process,discount_pct=0.0; payment_failures=0; device_reuse=1; total_qty=6
O000003602,0,Low,,Auto process,discount_pct=0.0; payment_failures=0; device_reuse=1; total_qty=1
O000003620,0,Low,,Auto process,discount_pct=0.0; payment_failures=0; device_reuse=1; total_qty=5
O000003612,0,Low,,Auto process,discount_pct=0.0; payment_failures=0; device_reuse=1; total_qty=5
O000003609,0,Low,,Auto process,discount_pct=0.0; payment_failures=0; device_reuse=1; total_qty=3
O000003624,0,Low,,Auto process,discount_pct=0.0; payment_failures=0; device_reuse=1; total_qty=3
O000003607,0,Low,,Auto process,discount_pct=0.02; payment_failures=0; device_reuse=1; total_qty=7
O000003613,0,Low,,Auto process,discount_pct=0.0; payment_failures=0; device_reuse=0; total_qty=3
O000000565,0,Low,,Auto process,discount_pct=0.0; payment_failures=0; device_reuse=1; total_qty=2
O000000584,0,Low,,Auto process,discount_pct=0.0; payment_failures=0; device_reuse=1; total_qty=7
O000000568,0,Low,,Auto process,discount_pct=0.02; payment_failures=0; device_reuse=1; total_qty=7
O000000566,0,Low,,Auto process,discount_pct=0.0; payment_failures=0; device_reuse=1; total_qty=2
O000000558,0,Low,,Auto process,discount_pct=0.01; payment_failures=0; device_reuse=0; total_qty=7
O000000576,0,Low,,Auto process,discount_pct=0.0; payment_failures=0; device_reuse=1; total_qty=3
O000000543,0,Low,,Auto process,discount_pct=0.0; payment_failures=0; device_reuse=1; total_qty=4
O000000547,0,Low,,Auto process,discount_pct=0.0; payment_failures=0; device_reuse=1; total_qty=3
O000000545,0,Low,,Auto process,discount_pct=0.05; payment_failures=0; device_reuse=1; total_qty=3
O000000552,0,Low,,Auto process,discount_pct=0.0; payment_failures=0; device_reuse=1; total_qty=4
O000000539,0,Low,,Auto process,discount_pct=0.0; payment_failures=0; device_reuse=1; total_qty=3
O000003656,0,Medium,,Call verification,discount_pct=0.0; payment_failures=0; device_reuse=1; total_qty=7
O000003631,0,Medium,,Call verification,discount_pct=0.0; payment_failures=0; device_reuse=1; total_qty=1
O000003655,0,Medium,,Call verification,discount_pct=0.04; payment_failures=0; device_reuse=1; total_qty=4
O000003653,0,Low,,Auto process,discount_pct=0.0; payment_failures=0; device_reuse=1; total_qty=3
O000003660,0,Low,,Auto process,discount_pct=0.06; payment_failures=0; device_reuse=1; total_qty=1
O000003634,0,Low,,Auto process,discount_pct=0.0; payment_failures=0; device_reuse=1; total_qty=9
O000003650,0,Low,,Auto process,discount_pct=0.0; payment_failures=0; device_reuse=1; total_qty=1
O000003635,0,Low,,Auto process,discount_pct=0.0; payment_failures=0; device_reuse=1; total_qty=4
O000003642,0,Low,,Auto process,discount_pct=0.0; payment_failures=0; device_reuse=1; total_qty=1
O000003636,0,Low,,Auto process,discount_pct=0.01; payment_failures=0; device_reuse=1; total_qty=5
O000003652,0,Low,,Auto process,discount_pct=0.0; payment_failures=0; device_reuse=1; total_qty=7
O000003671,0,Medium,,Call verification,discount_pct=0.0; payment_failures=0; device_reuse=1; total_qty=2
O000003630,0,Medium,,Call verification,discount_pct=0.04; payment_failures=0; device_reuse=1; total_qty=6
O000003643,0,Medium,,Call verification,discount_pct=0.0; payment_failures=0; device_reuse=1; total_qty=7
O000003658,0,Medium,,Call verification,discount_pct=0.0; payment_failures=0; device_reuse=1; total_qty=1
O000003654,0,Medium,,Call verification,discount_pct=0.0; payment_failures=0; device_reuse=1; total_qty=3
O000003647,0,Medium,,Call verification,discount_pct=0.0; payment_failures=0; device_reuse=1; total_qty=2
O000000548,0,Low,,Auto process,discount_pct=0.05; payment_failures=0; device_reuse=1; total_qty=6
O000000544,0,Low,,Auto process,discount_pct=0.0; payment_failures=0; device_reuse=1; total_qty=4
O000000541,0,Low,,Auto process,discount_pct=0.0; payment_failures=0; device_reuse=0; total_qty=4
O000000551,0,Low,,Auto process,discount_pct=0.0; payment_failures=0; device_reuse=1; total_qty=2
O000000534,0,Low,,Auto process,discount_pct=0.0; payment_failures=0; device_reuse=1; total_qty=5
O000000519,0,Low,,Auto process,discount_pct=0.0; payment_failures=0; device_reuse=1; total_qty=9
O000000523,0,Low,,Auto process,discount_pct=0.0; payment_failures=0; device_reuse=1; total_qty=4
O000000521,0,Low,,Auto process,discount_pct=0.0; payment_failures=0; device_reuse=1; total_qty=2
O000000550,0,Low,,Auto process,discount_pct=0.02; payment_failures=0; device_reuse=1; total_qty=6
O000000549,0,Low,,Auto process,discount_pct=0.0; payment_failures=0; device_reuse=1; total_qty=7
O000000522,0,Low,,Auto process,discount_pct=0.0; payment_failures=0; device_reuse=0; total_qty=3
O000000497,0,Low,,Auto process,discount_pct=0.0; payment_failures=0; device_reuse=1; total_qty=4
O000000496,0,Low,,Auto process,discount_pct=0.0; payment_failures=0; device_reuse=0; total_qty=8
O000000506,0,Low,,Auto process,discount_pct=0.0; payment_failures=0; device_reuse=1; total_qty=4
O000003676,0,Medium,,Call verification,discount_pct=0.0; payment_failures=0; device_reuse=1; total_qty=2
O000003665,0,Medium,,Call verification,discount_pct=0.08; payment_failures=0; device_reuse=1; total_qty=8
O000003687,0,Medium,,Call verification,discount_pct=0.03; payment_failures=0; device_reuse=1; total_qty=7
O000003668,0,Medium,,Call verification,discount_pct=0.0; payment_failures=0; device_reuse=0; total_qty=10
O000003669,0,Medium,,Call verification,discount_pct=0.0; payment_failures=0; device_reuse=0; total_qty=7
O000003679,0,Medium,,Call verification,discount_pct=0.04; payment_failures=0; device_reuse=1; total_qty=6
O000003688,0,Medium,,Call verification,discount_pct=0.03; payment_failures=0; device_reuse=1; total_qty=4
O000003685,0,Medium,,Call verification,discount_pct=0.0; payment_failures=0; device_reuse=0; total_qty=8
O000003667,0,Medium,,Call verification,discount_pct=0.06; payment_failures=0; device_reuse=1; total_qty=5
O000003664,0,Medium,,Call verification,discount_pct=0.0; payment_failures=0; device_reuse=1; total_qty=1
O000003683,0,Medium,,Call verification,discount_pct=0.0; payment_failures=0; device_reuse=1; total_qty=3
O000003670,0,Medium,,Call verification,discount_pct=0.0; payment_failures=0; device_reuse=0; total_qty=1
O000003701,0,Medium,,Call verification,discount_pct=0.0; payment_failures=0; device_reuse=1; total_qty=6
O000003693,0,Medium,,Call verification,discount_pct=0.0; payment_failures=0; device_reuse=1; total_qty=7
O000003719,0,Medium,,Call verification,discount_pct=0.0; payment_failures=0; device_reuse=0; total_qty=5
O000003706,0,Medium,,Call verification,discount_pct=0.0; payment_failures=0; device_reuse=0; total_qty=1
O000003694,0,Medium,,Call verification,discount_pct=0.0; payment_failures=0; device_reuse=1; total_qty=7
O000003699,0,Medium,,Call verification,discount_pct=0.0; payment_failures=0; device_reuse=1; total_qty=3
O000003709,0,Medium,,Call verification,discount_pct=0.0; payment_failures=0; device_reuse=1; total_qty=3
O000003678,0,Medium,,Call verification,discount_pct=0.0; payment_failures=0; device_reuse=0; total_qty=9
O000003686,0,Medium,,Call verification,discount_pct=0.1; payment_failures=0; device_reuse=1; total_qty=1
O000003680,0,Medium,,Call verification,discount_pct=0.1; payment_failures=0; device_reuse=1; total_qty=1
O000003674,0,Medium,,Call verification,discount_pct=0.04; payment_failures=0; device_reuse=0; total_qty=3
O000000530,0,Low,,Auto process,discount_pct=0.1; payment_failures=0; device_reuse=1; total_qty=4
O000000525,0,Low,,Auto process,discount_pct=0.0; payment_failures=0; device_reuse=1; total_qty=10
O000000526,0,Low,,Auto process,discount_pct=0.0; payment_failures=0; device_reuse=1; total_qty=3
O000000533,0,Low,,Auto process,discount_pct=0.0; payment_failures=0; device_reuse=1; total_qty=5
O000000517,0,Low,,Auto process,discount_pct=0.0; payment_failures=0; device_reuse=1; total_qty=8
O000000501,0,Low,,Auto process,discount_pct=0.0; payment_failures=0; device_reuse=1; total_qty=7
O000000511,0,Low,,Auto process,discount_pct=0.0; payment_failures=0; device_reuse=1; total_qty=3
O000000492,0,Low,,Auto process,discount_pct=0.09; payment_failures=0; device_reuse=1; total_qty=3
O000000508,0,Low,,Auto process,discount_pct=0.0; payment_failures=0; device_reuse=0; total_qty=7
O000000498,0,Low,,Auto process,discount_pct=0.0; payment_failures=0; device_reuse=1; total_qty=5
O000000509,0,Low,,Auto process,discount_pct=0.0; payment_failures=0; device_reuse=1; total_qty=2
O000000490,0,Low,,Auto process,discount_pct=0.0; payment_failures=0; device_reuse=1; total_qty=3
O000000489,0,Low,,Auto process,discount_pct=0.0; payment_failures=0; device_reuse=1; total_qty=10
O000000495,0,Low,,Auto process,discount_pct=0.03; payment_failures=0; device_reuse=1; total_qty=3
O000000510,0,Low,,Auto process,discount_pct=0.0; payment_failures=0; device_reuse=1; total_qty=8
O000000493,0,Low,,Auto process,discount_pct=0.05; payment_failures=0; device_reuse=0; total_qty=3
O000000503,0,Low,,Auto process,discount_pct=0.0; payment_failures=0; device_reuse=0; total_qty=9
O000003718,0,Medium,,Call verification,discount_pct=0.0; payment_failures=0; device_reuse=1; total_qty=8
O000003711,0,Medium,,Call verification,discount_pct=0.0; payment_failures=0; device_reuse=0; total_qty=2
O000003712,0,Medium,,Call verification,discount_pct=0.0; payment_failures=0; device_reuse=1; total_qty=3
O000003707,0,Medium,,Call verification,discount_pct=0.0; payment_failures=0; device_reuse=1; total_qty=8
O000003727,0,Medium,,Call verification,discount_pct=0.0; payment_failures=0; device_reuse=0; total_qty=5
O000003738,0,Medium,,Call verification,discount_pct=0.0; payment_failures=0; device_reuse=1; total_qty=3
O000003743,0,Medium,,Call verification,discount_pct=0.0; payment_failures=0; device_reuse=1; total_qty=8
O000003734,0,Medium,,Call verification,discount_pct=0.0; payment_failures=0; device_reuse=1; total_qty=4
O000003724,0,Medium,,Call verification,discount_pct=0.0; payment_failures=0; device_reuse=1; total_qty=3
O000003747,0,Medium,,Call verification,discount_pct=0.0; payment_failures=0; device_reuse=1; total_qty=7
O000003732,0,Medium,,Call verification,discount_pct=0.0; payment_failures=0; device_reuse=1; total_qty=5
O000003737,0,Medium,,Call verification,discount_pct=0.01; payment_failures=0; device_reuse=0; total_qty=9
O000003726,0,Medium,,Call verification,discount_pct=0.0; payment_failures=0; device_reuse=1; total_qty=5
O000003723,0,Medium,,Call verification,discount_pct=0.0; payment_failures=0; device_reuse=1; total_qty=9
O000003714,0,Medium,,Call verification,discount_pct=0.0; payment_failures=0; device_reuse=1; total_qty=6
O000003715,0,Medium,,Call verification,discount_pct=0.0; payment_failures=0; device_reuse=1; total_qty=5
O000003716,0,Medium,,Call verification,discount_pct=0.0; payment_failures=0; device_reuse=1; total_qty=1
O000003720,0,Medium,,Call verification,discount_pct=0.0; payment_failures=0; device_reuse=0; total_qty=7
O000003690,0,Medium,,Call verification,discount_pct=0.0; payment_failures=0; device_reuse=1; total_qty=6
O000000516,0,Low,,Auto process,discount_pct=0.0; payment_failures=0; device_reuse=1; total_qty=6
O000000473,0,Low,,Auto process,discount_pct=0.0; payment_failures=0; device_reuse=1; total_qty=6
O000000480,0,Low,,Auto process,discount_pct=0.0; payment_failures=0; device_reuse=1; total_qty=8
O000000467,0,Low,,Auto process,discount_pct=0.0; payment_failures=0; device_reuse=1; total_qty=9
O000000479,0,Low,,Auto process,discount_pct=0.0; payment_failures=0; device_reuse=0; total_qty=6
O000000487,0,Low,,Auto process,discount_pct=0.0; payment_failures=0; device_reuse=1; total_qty=3
O000000483,0,Low,,Auto process,discount_pct=0.07; payment_failures=0; device_reuse=1; total_qty=7
O000000482,0,Low,,Auto process,discount_pct=0.0; payment_failures=0; device_reuse=1; total_qty=2
O000000486,0,Low,,Auto process,discount_pct=0.0; payment_failures=0; device_reuse=0; total_qty=4
O000003748,0,Medium,,Call verification,discount_pct=0.0; payment_failures=0; device_reuse=1; total_qty=4
O000003725,0,Medium,,Call verification,discount_pct=0.04; payment_failures=0; device_reuse=1; total_qty=3
O000003735,0,Medium,,Call verification,discount_pct=0.01; payment_failures=0; device_reuse=1; total_qty=6
O000003729,0,Medium,,Call verification,discount_pct=0.0; payment_failures=0; device_reuse=1; total_qty=8
O000003745,0,Medium,,Call verification,discount_pct=0.0; payment_failures=0; device_reuse=1; total_qty=3
O000003722,0,Medium,,Call verification,discount_pct=0.0; payment_failures=0; device_reuse=0; total_qty=2
O000003740,0,Medium,,Call verification,discount_pct=0.0; payment_failures=0; device_reuse=1; total_qty=6
O000003736,0,Medium,,Call verification,discount_pct=0.05; payment_failures=0; device_reuse=1; total_qty=2
O000000476,0,Low,,Auto process,discount_pct=0.02; payment_failures=0; device_reuse=1; total_qty=6
O000000481,0,Low,,Auto process,discount_pct=0.0; payment_failures=0; device_reuse=1; total_qty=6
O000000469,0,Low,,Auto process,discount_pct=0.12; payment_failures=0; device_reuse=1; total_qty=1
O000000477,0,Low,,Auto process,discount_pct=0.24; payment_failures=0; device_reuse=1; total_qty=1
O000000461,0,Low,,Auto process,discount_pct=0.0; payment_failures=0; device_reuse=1; total_qty=5
O000000448,0,Low,,Auto process,discount_pct=0.0; payment_failures=0; device_reuse=1; total_qty=2
O000003766,0,Medium,,Call verification,discount_pct=0.0; payment_failures=0; device_reuse=1; total_qty=2
O000003767,0,Medium,,Call verification,discount_pct=0.0; payment_failures=0; device_reuse=1; total_qty=9
O000003764,0,Medium,,Call verification,discount_pct=0.0; payment_failures=0; device_reuse=1; total_qty=7
O000003751,0,Medium,,Call verification,discount_pct=0.0; payment_failures=0; device_reuse=1; total_qty=4
O000003772,0,Medium,,Call verification,discount_pct=0.0; payment_failures=0; device_reuse=1; total_qty=3
O000003753,0,Medium,,Call verification,discount_pct=0.0; payment_failures=0; device_reuse=1; total_qty=7
O000003777,0,Medium,,Call verification,discount_pct=0.0; payment_failures=0; device_reuse=1; total_qty=5
O000003752,0,Medium,,Call verification,discount_pct=0.0; payment_failures=0; device_reuse=0; total_qty=3
O000003765,0,Medium,,Call verification,discount_pct=0.01; payment_failures=0; device_reuse=1; total_qty=6
O000000468,0,Low,,Auto process,discount_pct=0.0; payment_failures=0; device_reuse=1; total_qty=1
O000003792,0,Medium,,Call verification,discount_pct=0.02; payment_failures=0; device_reuse=1; total_qty=4
O000003758,0,Medium,,Call verification,discount_pct=0.0; payment_failures=0; device_reuse=1; total_qty=9
O000003760,0,Medium,,Call verification,discount_pct=0.0; payment_failures=0; device_reuse=1; total_qty=6
O000003774,0,Medium,,Call verification,discount_pct=0.0; payment_failures=0; device_reuse=1; total_qty=3
O000003755,0,Medium,,Call verification,discount_pct=0.0; payment_failures=0; device_reuse=1; total_qty=4
O000003757,0,Medium,,Call verification,discount_pct=0.04; payment_failures=0; device_reuse=1; total_qty=4
O000003778,0,Medium,,Call verification,discount_pct=0.0; payment_failures=0; device_reuse=1; total_qty=10
O000003771,0,Medium,,Call verification,discount_pct=0.0; payment_failures=0; device_reuse=1; total_qty=6
O000003759,0,Medium,,Call verification,discount_pct=0.1; payment_failures=0; device_reuse=1; total_qty=3
O000003762,0,Medium,,Call verification,discount_pct=0.0; payment_failures=0; device_reuse=1; total_qty=5
O000003763,0,Medium,,Call verification,discount_pct=0.0; payment_failures=0; device_reuse=0; total_qty=6
O000003768,0,Medium,,Call verification,discount_pct=0.0; payment_failures=0; device_reuse=1; total_qty=1
O000003773,0,Medium,,Call verification,discount_pct=0.0; payment_failures=0; device_reuse=1; total_qty=7
O000003775,0,Medium,,Call verification,discount_pct=0.0; payment_failures=0; device_reuse=1; total_qty=3
O000000471,0,Low,,Auto process,discount_pct=0.06; payment_failures=0; device_reuse=1; total_qty=6
O000000488,0,Low,,Auto process,discount_pct=0.0; payment_failures=0; device_reuse=1; total_qty=4
O000000457,0,Low,,Auto process,discount_pct=0.0; payment_failures=0; device_reuse=1; total_qty=3
O000000458,0,Low,,Auto process,discount_pct=0.0; payment_failures=0; device_reuse=0; total_qty=5
O000000459,0,Low,,Auto process,discount_pct=0.06; payment_failures=0; device_reuse=1; total_qty=6
O000000455,0,Low,,Auto process,discount_pct=0.0; payment_failures=0; device_reuse=1; total_qty=5
O000000449,0,Low,,Auto process,discount_pct=0.0; payment_failures=0; device_reuse=1; total_qty=1
O000003796,0,Medium,,Call verification,discount_pct=0.0; payment_failures=0; device_reuse=0; total_qty=9
O000003795,0,Medium,,Call verification,discount_pct=0.0; payment_failures=0; device_reuse=1; total_qty=3
O000003800,0,Medium,,Call verification,discount_pct=0.0; payment_failures=0; device_reuse=1; total_qty=7
O000003791,0,Medium,,Call verification,discount_pct=0.0; payment_failures=0; device_reuse=1; total_qty=1
O000003801,0,Medium,,Call verification,discount_pct=0.0; payment_failures=0; device_reuse=1; total_qty=7
O000003788,0,Medium,,Call verification,discount_pct=0.03; payment_failures=0; device_reuse=1; total_qty=7
O000003782,0,Medium,,Call verification,discount_pct=0.0; payment_failures=0; device_reuse=1; total_qty=9
O000003799,0,Medium,,Call verification,discount_pct=0.0; payment_failures=0; device_reuse=1; total_qty=2
O000003785,0,Medium,,Call verification,discount_pct=0.25; payment_failures=0; device_reuse=1; total_qty=3
O000003781,0,Medium,,Call verification,discount_pct=0.0; payment_failures=0; device_reuse=1; total_qty=3
O000003786,0,Medium,,Call verification,discount_pct=0.0; payment_failures=0; device_reuse=1; total_qty=9
O000003814,0,Medium,,Call verification,discount_pct=0.03; payment_failures=0; device_reuse=1; total_qty=2
O000003803,0,Medium,,Call verification,discount_pct=0.0; payment_failures=0; device_reuse=1; total_qty=3
O000003821,0,Medium,,Call verification,discount_pct=0.0; payment_failures=0; device_reuse=1; total_qty=10
O000003807,0,Medium,,Call verification,discount_pct=0.0; payment_failures=0; device_reuse=1; total_qty=2
O000003816,0,Medium,,Call verification,discount_pct=0.0; payment_failures=0; device_reuse=0; total_qty=4
O000003827,0,Medium,,Call verification,discount_pct=0.0; payment_failures=0; device_reuse=1; total_qty=9
O000003826,0,Medium,,Call verification,discount_pct=0.0; payment_failures=0; device_reuse=1; total_qty=8
O000003822,0,Medium,,Call verification,discount_pct=0.0; payment_failures=0; device_reuse=1; total_qty=5
O000003804,0,Medium,,Call verification,discount_pct=0.0; payment_failures=0; device_reuse=1; total_qty=5
O000003780,0,Medium,,Call verification,discount_pct=0.21; payment_failures=0; device_reuse=1; total_qty=3
O000003787,0,Medium,,Call verification,discount_pct=0.0; payment_failures=0; device_reuse=1; total_qty=1
O000003783,0,Medium,,Call verification,discount_pct=0.0; payment_failures=0; device_reuse=1; total_qty=10
O000000453,0,Low,,Auto process,discount_pct=0.0; payment_failures=0; device_reuse=1; total_qty=5
O000000462,0,Low,,Auto process,discount_pct=0.0; payment_failures=0; device_reuse=1; total_qty=1
O000000450,0,Low,,Auto process,discount_pct=0.0; payment_failures=0; device_reuse=1; total_qty=9
O000000465,0,Low,,Auto process,discount_pct=0.0; payment_failures=0; device_reuse=1; total_qty=3
O000003828,0,Medium,,Call verification,discount_pct=0.0; payment_failures=0; device_reuse=0; total_qty=6
O000003846,0,Medium,,Call verification,discount_pct=0.0; payment_failures=0; device_reuse=0; total_qty=3
O000003836,0,Medium,,Call verification,discount_pct=0.0; payment_failures=0; device_reuse=1; total_qty=4
O000003848,0,Medium,,Call verification,discount_pct=0.0; payment_failures=0; device_reuse=0; total_qty=3
O000003842,0,Medium,,Call verification,discount_pct=0.02; payment_failures=0; device_reuse=1; total_qty=10
O000003802,0,Medium,,Call verification,discount_pct=0.0; payment_failures=0; device_reuse=1; total_qty=4
O000003810,0,Medium,,Call verification,discount_pct=0.0; payment_failures=0; device_reuse=1; total_qty=2
O000003811,0,Medium,,Call verification,discount_pct=0.0; payment_failures=0; device_reuse=1; total_qty=7
O000003825,0,Medium,,Call verification,discount_pct=0.0; payment_failures=0; device_reuse=1; total_qty=3
O000003813,0,Medium,,Call verification,discount_pct=0.0; payment_failures=0; device_reuse=1; total_qty=7
O000003806,0,Medium,,Call verification,discount_pct=0.0; payment_failures=0; device_reuse=1; total_qty=2
O000003824,0,Medium,,Call verification,discount_pct=0.0; payment_failures=0; device_reuse=1; total_qty=5
O000003809,0,Medium,,Call verification,discount_pct=0.0; payment_failures=0; device_reuse=1; total_qty=4
O000003817,0,Medium,,Call verification,discount_pct=0.0; payment_failures=0; device_reuse=1; total_qty=7
O000003820,0,Medium,,Call verification,discount_pct=0.0; payment_failures=0; device_reuse=1; total_qty=4
O000003818,0,Medium,,Call verification,discount_pct=0.04; payment_failures=0; device_reuse=1; total_qty=7
O000000434,0,Low,,Auto process,discount_pct=0.0; payment_failures=0; device_reuse=1; total_qty=7
O000000429,0,Low,,Auto process,discount_pct=0.03; payment_failures=0; device_reuse=1; total_qty=1
O000000441,0,Low,,Auto process,discount_pct=0.03; payment_failures=0; device_reuse=0; total_qty=4
O000000435,0,Low,,Auto process,discount_pct=0.0; payment_failures=0; device_reuse=1; total_qty=4
O000000422,0,Low,,Auto process,discount_pct=0.0; payment_failures=0; device_reuse=1; total_qty=9
O000000440,0,Low,,Auto process,discount_pct=0.0; payment_failures=0; device_reuse=1; total_qty=8
O000000424,0,Low,,Auto process,discount_pct=0.0; payment_failures=0; device_reuse=1; total_qty=5
O000000431,0,Low,,Auto process,discount_pct=0.0; payment_failures=0; device_reuse=0; total_qty=4
O000000438,0,Low,,Auto process,discount_pct=0.02; payment_failures=0; device_reuse=1; total_qty=8
O000000437,0,Low,,Auto process,discount_pct=0.0; payment_failures=0; device_reuse=1; total_qty=1
O000000420,0,Low,,Auto process,discount_pct=0.0; payment_failures=0; device_reuse=0; total_qty=3
O000003840,0,Medium,,Call verification,discount_pct=0.04; payment_failures=0; device_reuse=1; total_qty=3
O000003845,0,Medium,,Call verification,discount_pct=0.0; payment_failures=0; device_reuse=1; total_qty=5
O000003831,0,Medium,,Call verification,discount_pct=0.0; payment_failures=0; device_reuse=1; total_qty=5
O000003833,0,Medium,,Call verification,discount_pct=0.0; payment_failures=0; device_reuse=1; total_qty=3
O000003839,0,Medium,,Call verification,discount_pct=0.0; payment_failures=0; device_reuse=1; total_qty=3
O000000433,0,Low,,Auto process,discount_pct=0.0; payment_failures=0; device_reuse=1; total_qty=5
O000000427,0,Low,,Auto process,discount_pct=0.0; payment_failures=0; device_reuse=1; total_qty=5
O000000419,0,Low,,Auto process,discount_pct=0.0; payment_failures=0; device_reuse=1; total_qty=8
O000000408,0,Low,,Auto process,discount_pct=0.0; payment_failures=0; device_reuse=0; total_qty=4
O000000410,0,Low,,Auto process,discount_pct=0.0; payment_failures=0; device_reuse=1; total_qty=2
O000000395,0,Low,,Auto process,discount_pct=0.0; payment_failures=0; device_reuse=1; total_qty=1
O000003866,0,Medium,,Call verification,discount_pct=0.0; payment_failures=0; device_reuse=1; total_qty=8
O000003868,0,Medium,,Call verification,discount_pct=0.0; payment_failures=0; device_reuse=1; total_qty=2
O000003872,0,Medium,,Call verification,discount_pct=0.0; payment_failures=0; device_reuse=1; total_qty=8
O000003876,0,Medium,,Call verification,discount_pct=0.08; payment_failures=0; device_reuse=1; total_qty=3
O000003869,0,Medium,,Call verification,discount_pct=0.0; payment_failures=0; device_reuse=1; total_qty=2
O000003835,0,Medium,,Call verification,discount_pct=0.0; payment_failures=0; device_reuse=1; total_qty=6
O000003837,0,Medium,,Call verification,discount_pct=0.0; payment_failures=0; device_reuse=1; total_qty=8
O000003830,0,Medium,,Call verification,discount_pct=0.0; payment_failures=0; device_reuse=1; total_qty=4
O000003829,0,Medium,,Call verification,discount_pct=0.04; payment_failures=0; device_reuse=1; total_qty=4
O000000436,0,Low,,Auto process,discount_pct=0.0; payment_failures=0; device_reuse=1; total_qty=5
O000000401,0,Low,,Auto process,discount_pct=0.0; payment_failures=0; device_reuse=1; total_qty=3
O000000406,0,Low,,Auto process,discount_pct=0.0; payment_failures=0; device_reuse=1; total_qty=4
O000000417,0,Low,,Auto process,discount_pct=0.0; payment_failures=0; device_reuse=1; total_qty=1
O000003853,0,Medium,,Call verification,discount_pct=0.0; payment_failures=0; device_reuse=1; total_qty=8
O000003856,0,Medium,,Call verification,discount_pct=0.0; payment_failures=0; device_reuse=0; total_qty=1
O000003861,0,Medium,,Call verification,discount_pct=0.01; payment_failures=0; device_reuse=0; total_qty=8
O000003864,0,Medium,,Call verification,discount_pct=0.0; payment_failures=0; device_reuse=1; total_qty=6
O000003862,0,Medium,,Call verification,discount_pct=0.0; payment_failures=0; device_reuse=1; total_qty=6
O000003849,0,Medium,,Call verification,discount_pct=0.0; payment_failures=0; device_reuse=1; total_qty=5
O000003863,0,Medium,,Call verification,discount_pct=0.13; payment_failures=0; device_reuse=1; total_qty=2
O000003865,0,Medium,,Call verification,discount_pct=0.0; payment_failures=0; device_reuse=1; total_qty=6
O000003850,0,Medium,,Call verification,discount_pct=0.0; payment_failures=0; device_reuse=1; total_qty=3
O000003873,0,Medium,,Call verification,discount_pct=0.11; payment_failures=0; device_reuse=1; total_qty=3
O000003852,0,Medium,,Call verification,discount_pct=0.0; payment_failures=0; device_reuse=1; total_qty=4
O000000443,0,Low,,Auto process,discount_pct=0.0; payment_failures=0; device_reuse=1; total_qty=7
O000000428,0,Low,,Auto process,discount_pct=0.0; payment_failures=0; device_reuse=1; total_qty=5
O000003889,0,Medium,,Call verification,discount_pct=0.0; payment_failures=0; device_reuse=1; total_qty=3
O000003885,0,Medium,,Call verification,discount_pct=0.0; payment_failures=0; device_reuse=1; total_qty=8
O000003896,0,Medium,,Call verification,discount_pct=0.0; payment_failures=0; device_reuse=1; total_qty=6
O000000403,0,Low,,Auto process,discount_pct=0.0; payment_failures=0; device_reuse=1; total_qty=1
O000000413,0,Low,,Auto process,discount_pct=0.0; payment_failures=0; device_reuse=1; total_qty=7
O000000396,0,Low,,Auto process,discount_pct=0.09; payment_failures=0; device_reuse=1; total_qty=1
O000000393,0,Low,,Auto process,discount_pct=0.0; payment_failures=0; device_reuse=1; total_qty=8
O000000397,0,Low,,Auto process,discount_pct=0.0; payment_failures=0; device_reuse=1; total_qty=5
O000000415,0,Low,,Auto process,discount_pct=0.0; payment_failures=0; device_reuse=1; total_qty=7
O000000414,0,Low,,Auto process,discount_pct=0.0; payment_failures=0; device_reuse=1; total_qty=9
O000000400,0,Low,,Auto process,discount_pct=0.0; payment_failures=0; device_reuse=0; total_qty=7
O000000404,0,Low,,Auto process,discount_pct=0.0; payment_failures=0; device_reuse=1; total_qty=8
O000000398,0,Low,,Auto process,discount_pct=0.2; payment_failures=0; device_reuse=1; total_qty=3
O000000418,0,Low,,Auto process,discount_pct=0.0; payment_failures=0; device_reuse=0; total_qty=9
O000000416,0,Low,,Auto process,discount_pct=0.0; payment_failures=0; device_reuse=1; total_qty=4
O000000411,0,Low,,Auto process,discount_pct=0.0; payment_failures=0; device_reuse=1; total_qty=2
O000000385,0,Low,,Auto process,discount_pct=0.0; payment_failures=0; device_reuse=1; total_qty=3
O000000389,0,Low,,Auto process,discount_pct=0.0; payment_failures=0; device_reuse=1; total_qty=5
O000000387,0,Low,,Auto process,discount_pct=0.06; payment_failures=0; device_reuse=0; total_qty=7
O000003886,0,Medium,,Call verification,discount_pct=0.0; payment_failures=0; device_reuse=1; total_qty=3
O000003888,0,Medium,,Call verification,discount_pct=0.0; payment_failures=0; device_reuse=1; total_qty=7
O000003902,0,Medium,,Call verification,discount_pct=0.0; payment_failures=0; device_reuse=0; total_qty=7
O000003879,0,Medium,,Call verification,discount_pct=0.06; payment_failures=0; device_reuse=0; total_qty=1
O000003900,0,Medium,,Call verification,discount_pct=0.0; payment_failures=0; device_reuse=1; total_qty=7
O000003894,0,Medium,,Call verification,discount_pct=0.0; payment_failures=0; device_reuse=0; total_qty=6
O000004614,0,Medium,,Call verification,discount_pct=0.0; payment_failures=0; device_reuse=1; total_qty=4
O000003884,0,Medium,,Call verification,discount_pct=0.0; payment_failures=0; device_reuse=1; total_qty=2
O000003880,0,Medium,,Call verification,discount_pct=0.0; payment_failures=0; device_reuse=0; total_qty=10
O000003882,0,Medium,,Call verification,discount_pct=0.0; payment_failures=0; device_reuse=1; total_qty=8
O000003890,0,Medium,,Call verification,discount_pct=0.0; payment_failures=0; device_reuse=0; total_qty=3
O000003897,0,Medium,,Call verification,discount_pct=0.0; payment_failures=0; device_reuse=1; total_qty=7
O000003887,0,Medium,,Call verification,discount_pct=0.0; payment_failures=0; device_reuse=0; total_qty=7
O000003918,0,Medium,,Call verification,discount_pct=0.0; payment_failures=0; device_reuse=0; total_qty=8
O000003907,0,Medium,,Call verification,discount_pct=0.0; payment_failures=0; device_reuse=1; total_qty=8
O000003919,0,Medium,,Call verification,discount_pct=0.0; payment_failures=0; device_reuse=1; total_qty=4
O000003916,0,Medium,,Call verification,discount_pct=0.09; payment_failures=0; device_reuse=1; total_qty=8
O000003906,0,Medium,,Call verification,discount_pct=0.0; payment_failures=0; device_reuse=1; total_qty=7
O000003908,0,Medium,,Call verification,discount_pct=0.0; payment_failures=0; device_reuse=1; total_qty=5
O000003912,0,Medium,,Call verification,discount_pct=0.0; payment_failures=0; device_reuse=1; total_qty=5
O000003921,0,Medium,,Call verification,discount_pct=0.0; payment_failures=0; device_reuse=1; total_qty=1
O000003922,0,Medium,,Call verification,discount_pct=0.01; payment_failures=0; device_reuse=1; total_qty=5
O000000407,0,Low,,Auto process,discount_pct=0.0; payment_failures=0; device_reuse=1; total_qty=7
O000000412,0,Low,,Auto process,discount_pct=0.0; payment_failures=0; device_reuse=1; total_qty=4
O000000392,0,Low,,Auto process,discount_pct=0.0; payment_failures=0; device_reuse=1; total_qty=7
O000000382,0,Low,,Auto process,discount_pct=0.0; payment_failures=0; device_reuse=1; total_qty=4
O000000390,0,Low,,Auto process,discount_pct=0.0; payment_failures=0; device_reuse=0; total_qty=5
O000000391,0,Low,,Auto process,discount_pct=0.04; payment_failures=0; device_reuse=1; total_qty=7
O000000383,0,Low,,Auto process,discount_pct=0.0; payment_failures=0; device_reuse=1; total_qty=8
O000000381,0,Low,,Auto process,discount_pct=0.1; payment_failures=0; device_reuse=1; total_qty=1
O000000362,0,Low,,Auto process,discount_pct=0.0; payment_failures=0; device_reuse=1; total_qty=1
O000000360,0,Low,,Auto process,discount_pct=0.0; payment_failures=0; device_reuse=1; total_qty=6
O000000356,0,Low,,Auto process,discount_pct=0.0; payment_failures=0; device_reuse=1; total_qty=2
O000000370,0,Low,,Auto process,discount_pct=0.0; payment_failures=0; device_reuse=1; total_qty=5
O000003935,0,Medium,,Call verification,discount_pct=0.02; payment_failures=0; device_reuse=1; total_qty=4
O000003936,0,Medium,,Call verification,discount_pct=0.0; payment_failures=0; device_reuse=1; total_qty=8
O000003930,0,Medium,,Call verification,discount_pct=0.0; payment_failures=0; device_reuse=1; total_qty=5
O000003934,0,Medium,,Call verification,discount_pct=0.0; payment_failures=0; device_reuse=1; total_qty=1
O000003942,0,Medium,,Call verification,discount_pct=0.0; payment_failures=0; device_reuse=1; total_qty=3
O000003927,0,Medium,,Call verification,discount_pct=0.0; payment_failures=0; device_reuse=1; total_qty=3
O000003928,0,Medium,,Call verification,discount_pct=0.0; payment_failures=0; device_reuse=1; total_qty=3
O000003938,0,Medium,,Call verification,discount_pct=0.04; payment_failures=0; device_reuse=1; total_qty=4
O000003932,0,Medium,,Call verification,discount_pct=0.0; payment_failures=0; device_reuse=0; total_qty=7
O000003923,0,Medium,,Call verification,discount_pct=0.0; payment_failures=0; device_reuse=1; total_qty=7
O000003914,0,Medium,,Call verification,discount_pct=0.0; payment_failures=0; device_reuse=0; total_qty=4
O000003948,0,Medium,,Call verification,discount_pct=0.0; payment_failures=0; device_reuse=0; total_qty=3
O000004612,0,Medium,,Call verification,discount_pct=0.02; payment_failures=0; device_reuse=1; total_qty=4
O000003944,0,Medium,,Call verification,discount_pct=0.0; payment_failures=0; device_reuse=1; total_qty=10
O000003951,0,Medium,,Call verification,discount_pct=0.0; payment_failures=0; device_reuse=1; total_qty=5
O000003954,0,Medium,,Call verification,discount_pct=0.02; payment_failures=0; device_reuse=0; total_qty=7
O000003958,0,Medium,,Call verification,discount_pct=0.05; payment_failures=0; device_reuse=1; total_qty=8
O000003957,0,Medium,,Call verification,discount_pct=0.0; payment_failures=0; device_reuse=1; total_qty=3
O000003959,0,Medium,,Call verification,discount_pct=0.0; payment_failures=0; device_reuse=1; total_qty=8
O000003940,0,Medium,,Call verification,discount_pct=0.0; payment_failures=0; device_reuse=0; total_qty=7
O000003929,0,Medium,,Call verification,discount_pct=0.07; payment_failures=0; device_reuse=1; total_qty=2
O000000388,0,Low,,Auto process,discount_pct=0.0; payment_failures=0; device_reuse=1; total_qty=9
O000000379,0,Low,,Auto process,discount_pct=0.04; payment_failures=0; device_reuse=1; total_qty=7
O000000378,0,Low,,Auto process,discount_pct=0.0; payment_failures=0; device_reuse=1; total_qty=5
O000000376,0,Low,,Auto process,discount_pct=0.0; payment_failures=0; device_reuse=1; total_qty=9
O000000380,0,Low,,Auto process,discount_pct=0.0; payment_failures=0; device_reuse=1; total_qty=10
O000000386,0,Low,,Auto process,discount_pct=0.0; payment_failures=0; device_reuse=1; total_qty=7
O000003976,0,Medium,,Call verification,discount_pct=0.0; payment_failures=0; device_reuse=1; total_qty=3
O000003989,0,Medium,,Call verification,discount_pct=0.0; payment_failures=0; device_reuse=0; total_qty=2
O000003985,0,Medium,,Call verification,discount_pct=0.0; payment_failures=0; device_reuse=1; total_qty=7
O000003977,0,Medium,,Call verification,discount_pct=0.0; payment_failures=0; device_reuse=1; total_qty=1
O000003971,0,Medium,,Call verification,discount_pct=0.0; payment_failures=0; device_reuse=1; total_qty=7
O000003973,0,Medium,,Call verification,discount_pct=0.0; payment_failures=0; device_reuse=1; total_qty=4
O000003970,0,Medium,,Call verification,discount_pct=0.0; payment_failures=0; device_reuse=1; total_qty=7
O000003956,0,Medium,,Call verification,discount_pct=0.0; payment_failures=0; device_reuse=1; total_qty=3
O000003966,0,Medium,,Call verification,discount_pct=0.0; payment_failures=0; device_reuse=1; total_qty=2
O000003953,0,Medium,,Call verification,discount_pct=0.0; payment_failures=0; device_reuse=1; total_qty=4
O000003965,0,Medium,,Call verification,discount_pct=0.0; payment_failures=0; device_reuse=1; total_qty=6
O000003960,0,Medium,,Call verification,discount_pct=0.0; payment_failures=0; device_reuse=1; total_qty=3
O000003964,0,Medium,,Call verification,discount_pct=0.0; payment_failures=0; device_reuse=1; total_qty=2
O000003955,0,Medium,,Call verification,discount_pct=0.0; payment_failures=0; device_reuse=1; total_qty=7
O000003943,0,Medium,,Call verification,discount_pct=0.0; payment_failures=0; device_reuse=1; total_qty=2
O000003963,0,Medium,,Call verification,discount_pct=0.11; payment_failures=0; device_reuse=1; total_qty=2
O000000358,0,Low,,Auto process,discount_pct=0.0; payment_failures=0; device_reuse=0; total_qty=9
O000000359,0,Low,,Auto process,discount_pct=0.0; payment_failures=0; device_reuse=1; total_qty=3
O000000375,0,Low,,Auto process,discount_pct=0.1; payment_failures=0; device_reuse=0; total_qty=4
O000000364,0,Low,,Auto process,discount_pct=0.0; payment_failures=0; device_reuse=1; total_qty=7
O000000355,0,Low,,Auto process,discount_pct=0.0; payment_failures=0; device_reuse=1; total_qty=8
O000000367,0,Low,,Auto process,discount_pct=0.0; payment_failures=0; device_reuse=1; total_qty=2
O000000354,0,Low,,Auto process,discount_pct=0.0; payment_failures=0; device_reuse=1; total_qty=8
O000000368,0,Low,,Auto process,discount_pct=0.0; payment_failures=0; device_reuse=0; total_qty=8
O000000366,0,Low,,Auto process,discount_pct=0.0; payment_failures=0; device_reuse=1; total_qty=3
O000000374,0,Low,,Auto process,discount_pct=0.0; payment_failures=0; device_reuse=1; total_qty=3
O000003982,0,Medium,,Call verification,discount_pct=0.0; payment_failures=0; device_reuse=1; total_qty=3
O000003975,0,Medium,,Call verification,discount_pct=0.0; payment_failures=0; device_reuse=1; total_qty=4
O000003979,0,Medium,,Call verification,discount_pct=0.0; payment_failures=0; device_reuse=1; total_qty=6
O000003983,0,Medium,,Call verification,discount_pct=0.0; payment_failures=0; device_reuse=1; total_qty=5
O000003980,0,Medium,,Call verification,discount_pct=0.0; payment_failures=0; device_reuse=1; total_qty=4
O000003972,0,Medium,,Call verification,discount_pct=0.0; payment_failures=0; device_reuse=1; total_qty=4
O000004015,0,Medium,,Call verification,discount_pct=0.0; payment_failures=0; device_reuse=1; total_qty=4
O000004007,0,Medium,,Call verification,discount_pct=0.0; payment_failures=0; device_reuse=1; total_qty=3
O000004000,0,Medium,,Call verification,discount_pct=0.01; payment_failures=0; device_reuse=1; total_qty=9
O000004008,0,Medium,,Call verification,discount_pct=0.0; payment_failures=0; device_reuse=0; total_qty=2
O000004001,0,Medium,,Call verification,discount_pct=0.0; payment_failures=0; device_reuse=1; total_qty=7
O000004005,0,Medium,,Call verification,discount_pct=0.0; payment_failures=0; device_reuse=0; total_qty=3
O000004013,0,Medium,,Call verification,discount_pct=0.0; payment_failures=0; device_reuse=0; total_qty=1
O000004014,0,Medium,,Call verification,discount_pct=0.0; payment_failures=0; device_reuse=1; total_qty=3
O000004002,0,Medium,,Call verification,discount_pct=0.0; payment_failures=0; device_reuse=1; total_qty=7
O000003981,0,Medium,,Call verification,discount_pct=0.0; payment_failures=0; device_reuse=1; total_qty=4
O000003974,0,Medium,,Call verification,discount_pct=0.0; payment_failures=0; device_reuse=1; total_qty=7
O000003978,0,Medium,,Call verification,discount_pct=0.0; payment_failures=0; device_reuse=1; total_qty=8
O000003986,0,Medium,,Call verification,discount_pct=0.0; payment_failures=0; device_reuse=1; total_qty=5
O000000372,0,Low,,Auto process,discount_pct=0.0; payment_failures=0; device_reuse=1; total_qty=5
O000000371,0,Low,,Auto process,discount_pct=0.0; payment_failures=0; device_reuse=1; total_qty=1
O000000365,0,Low,,Auto process,discount_pct=0.0; payment_failures=0; device_reuse=1; total_qty=7
O000000328,0,Low,,Auto process,discount_pct=0.0; payment_failures=0; device_reuse=1; total_qty=7
O000000329,0,Low,,Auto process,discount_pct=0.0; payment_failures=0; device_reuse=0; total_qty=6
O000000338,0,Low,,Auto process,discount_pct=0.0; payment_failures=0; device_reuse=0; total_qty=8
O000000350,0,Low,,Auto process,discount_pct=0.0; payment_failures=0; device_reuse=1; total_qty=6
O000000346,0,Low,,Auto process,discount_pct=0.0; payment_failures=0; device_reuse=1; total_qty=6
O000000337,0,Low,,Auto process,discount_pct=0.0; payment_failures=0; device_reuse=1; total_qty=2
O000000344,0,Low,,Auto process,discount_pct=0.0; payment_failures=0; device_reuse=1; total_qty=1
O000000334,0,Low,,Auto process,discount_pct=0.2; payment_failures=0; device_reuse=1; total_qty=4
O000000330,0,Low,,Auto process,discount_pct=0.0; payment_failures=0; device_reuse=1; total_qty=1
O000000331,0,Low,,Auto process,discount_pct=0.0; payment_failures=0; device_reuse=1; total_qty=3
O000003995,0,Medium,,Call verification,discount_pct=0.0; payment_failures=0; device_reuse=0; total_qty=3
O000004017,0,Medium,,Call verification,discount_pct=0.0; payment_failures=0; device_reuse=1; total_qty=2
O000003997,0,Medium,,Call verification,discount_pct=0.0; payment_failures=0; device_reuse=1; total_qty=4
O000004011,0,Medium,,Call verification,discount_pct=0.0; payment_failures=0; device_reuse=1; total_qty=6
O000004009,0,Medium,,Call verification,discount_pct=0.0; payment_failures=0; device_reuse=1; total_qty=3
O000003994,0,Medium,,Call verification,discount_pct=0.0; payment_failures=0; device_reuse=1; total_qty=1
O000000336,0,Low,,Auto process,discount_pct=0.0; payment_failures=0; device_reuse=1; total_qty=7
O000000326,0,Low,,Auto process,discount_pct=0.0; payment_failures=0; device_reuse=0; total_qty=5
O000000333,0,Low,,Auto process,discount_pct=0.12; payment_failures=0; device_reuse=1; total_qty=3
O000000349,0,Low,,Auto process,discount_pct=0.0; payment_failures=0; device_reuse=1; total_qty=3
O000000348,0,Low,,Auto process,discount_pct=0.0; payment_failures=0; device_reuse=1; total_qty=8
O000000335,0,Low,,Auto process,discount_pct=0.0; payment_failures=0; device_reuse=1; total_qty=1
O000000299,0,Low,,Auto process,discount_pct=0.0; payment_failures=0; device_reuse=1; total_qty=3
O000000297,0,Low,,Auto process,discount_pct=0.01; payment_failures=0; device_reuse=1; total_qty=7
O000000301,0,Low,,Auto process,discount_pct=0.1; payment_failures=0; device_reuse=1; total_qty=6
O000004038,0,Medium,,Call verification,discount_pct=0.0; payment_failures=0; device_reuse=1; total_qty=5
O000004046,0,Medium,,Call verification,discount_pct=0.0; payment_failures=0; device_reuse=1; total_qty=2
O000004042,0,Medium,,Call verification,discount_pct=0.0; payment_failures=0; device_reuse=1; total_qty=3
O000004004,0,Medium,,Call verification,discount_pct=0.0; payment_failures=0; device_reuse=1; total_qty=8
O000000347,0,Low,,Auto process,discount_pct=0.0; payment_failures=0; device_reuse=1; total_qty=5
O000000341,0,Low,,Auto process,discount_pct=0.0; payment_failures=0; device_reuse=1; total_qty=5
O000000343,0,Low,,Auto process,discount_pct=0.0; payment_failures=0; device_reuse=1; total_qty=1
O000004028,0,Medium,,Call verification,discount_pct=0.0; payment_failures=0; device_reuse=1; total_qty=5
O000004047,0,Medium,,Call verification,discount_pct=0.0; payment_failures=0; device_reuse=0; total_qty=3
O000004026,0,Medium,,Call verification,discount_pct=0.0; payment_failures=0; device_reuse=1; total_qty=2
O000004043,0,Medium,,Call verification,discount_pct=0.0; payment_failures=0; device_reuse=1; total_qty=7
O000004030,0,Medium,,Call verification,discount_pct=0.0; payment_failures=0; device_reuse=1; total_qty=4
O000004048,0,Medium,,Call verification,discount_pct=0.0; payment_failures=0; device_reuse=1; total_qty=9
O000004033,0,Medium,,Call verification,discount_pct=0.0; payment_failures=0; device_reuse=1; total_qty=4
O000004027,0,Medium,,Call verification,discount_pct=0.0; payment_failures=0; device_reuse=1; total_qty=3
O000004021,0,Medium,,Call verification,discount_pct=0.0; payment_failures=0; device_reuse=1; total_qty=3
O000004020,0,Medium,,Call verification,discount_pct=0.0; payment_failures=0; device_reuse=0; total_qty=5
O000004054,0,Medium,,Call verification,discount_pct=0.0; payment_failures=0; device_reuse=1; total_qty=6
O000004031,0,Medium,,Call verification,discount_pct=0.0; payment_failures=0; device_reuse=1; total_qty=8
O000004024,0,Medium,,Call verification,discount_pct=0.0; payment_failures=0; device_reuse=0; total_qty=10
O000004044,0,Medium,,Call verification,discount_pct=0.0; payment_failures=0; device_reuse=1; total_qty=2
O000004035,0,Medium,,Call verification,discount_pct=0.0; payment_failures=0; device_reuse=1; total_qty=3
O000000340,0,Low,,Auto process,discount_pct=0.04; payment_failures=0; device_reuse=1; total_qty=6
O000004078,0,Medium,,Call verification,discount_pct=0.0; payment_failures=0; device_reuse=1; total_qty=10
O000004076,0,Medium,,Call verification,discount_pct=0.0; payment_failures=0; device_reuse=0; total_qty=6
O000004080,0,Medium,,Call verification,discount_pct=0.0; payment_failures=0; device_reuse=1; total_qty=2
O000004066,0,Medium,,Call verification,discount_pct=0.04; payment_failures=0; device_reuse=1; total_qty=7
O000004073,0,Medium,,Call verification,discount_pct=0.0; payment_failures=0; device_reuse=1; total_qty=3
O000004067,0,Medium,,Call verification,discount_pct=0.0; payment_failures=0; device_reuse=1; total_qty=8
O000004064,0,Medium,,Call verification,discount_pct=0.0; payment_failures=0; device_reuse=1; total_qty=4
O000004062,0,Medium,,Call verification,discount_pct=0.0; payment_failures=0; device_reuse=1; total_qty=1
O000004061,0,Medium,,Call verification,discount_pct=0.0; payment_failures=0; device_reuse=1; total_qty=3
O000004072,0,Medium,,Call verification,discount_pct=0.04; payment_failures=0; device_reuse=1; total_qty=8
O000004079,0,Medium,,Call verification,discount_pct=0.01; payment_failures=0; device_reuse=0; total_qty=5
O000004059,0,Medium,,Call verification,discount_pct=0.03; payment_failures=0; device_reuse=1; total_qty=3
O000004050,0,Medium,,Call verification,discount_pct=0.0; payment_failures=0; device_reuse=1; total_qty=8
O000004040,0,Medium,,Call verification,discount_pct=0.0; payment_failures=0; device_reuse=1; total_qty=8
O000004034,0,Medium,,Call verification,discount_pct=0.0; payment_failures=0; device_reuse=1; total_qty=2
O000004029,0,Medium,,Call verification,discount_pct=0.0; payment_failures=0; device_reuse=1; total_qty=5
O000000319,0,Low,,Auto process,discount_pct=0.01; payment_failures=0; device_reuse=1; total_qty=8
O000000304,0,Low,,Auto process,discount_pct=0.18; payment_failures=0; device_reuse=1; total_qty=6
O000000303,0,Low,,Auto process,discount_pct=0.0; payment_failures=0; device_reuse=1; total_qty=4
O000000322,0,Low,,Auto process,discount_pct=0.0; payment_failures=0; device_reuse=0; total_qty=7
O000000309,0,Low,,Auto process,discount_pct=0.0; payment_failures=0; device_reuse=1; total_qty=4
O000000294,0,Low,,Auto process,discount_pct=0.02; payment_failures=0; device_reuse=0; total_qty=6
O000000313,0,Low,,Auto process,discount_pct=0.0; payment_failures=0; device_reuse=1; total_qty=3
O000000317,0,Low,,Auto process,discount_pct=0.0; payment_failures=0; device_reuse=1; total_qty=1
O000000296,0,Low,,Auto process,discount_pct=0.0; payment_failures=0; device_reuse=0; total_qty=3
O000000324,0,Low,,Auto process,discount_pct=0.0; payment_failures=0; device_reuse=0; total_qty=1
O000000315,0,Low,,Auto process,discount_pct=0.02; payment_failures=0; device_reuse=1; total_qty=3
O000000312,0,Low,,Auto process,discount_pct=0.0; payment_failures=0; device_reuse=1; total_qty=5
O000000310,0,Low,,Auto process,discount_pct=0.0; payment_failures=0; device_reuse=0; total_qty=7
O000000292,0,Low,,Auto process,discount_pct=0.08; payment_failures=0; device_reuse=1; total_qty=9
O000004069,0,Medium,,Call verification,discount_pct=0.0; payment_failures=0; device_reuse=1; total_qty=3
O000004082,0,Medium,,Call verification,discount_pct=0.0; payment_failures=0; device_reuse=0; total_qty=4
O000004101,0,Medium,,Call verification,discount_pct=0.0; payment_failures=0; device_reuse=1; total_qty=1
O000004093,0,Medium,,Call verification,discount_pct=0.0; payment_failures=0; device_reuse=1; total_qty=4
O000004092,0,Medium,,Call verification,discount_pct=0.0; payment_failures=0; device_reuse=1; total_qty=8
O000004084,0,Medium,,Call verification,discount_pct=0.0; payment_failures=0; device_reuse=0; total_qty=2
O000004109,0,Medium,,Call verification,discount_pct=0.0; payment_failures=0; device_reuse=1; total_qty=6
O000004108,0,Medium,,Call verification,discount_pct=0.0; payment_failures=0; device_reuse=1; total_qty=7
O000004100,0,Medium,,Call verification,discount_pct=0.0; payment_failures=0; device_reuse=0; total_qty=3
O000004105,0,Medium,,Call verification,discount_pct=0.0; payment_failures=0; device_reuse=1; total_qty=1
O000004085,0,Medium,,Call verification,discount_pct=0.0; payment_failures=0; device_reuse=1; total_qty=7
O000000316,0,Low,,Auto process,discount_pct=0.0; payment_failures=0; device_reuse=1; total_qty=2
O000000320,0,Low,,Auto process,discount_pct=0.2; payment_failures=0; device_reuse=1; total_qty=2
O000000307,0,Low,,Auto process,discount_pct=0.0; payment_failures=0; device_reuse=1; total_qty=1
O000000283,0,Low,,Auto process,discount_pct=0.0; payment_failures=0; device_reuse=1; total_qty=3
O000000271,0,Low,,Auto process,discount_pct=0.0; payment_failures=0; device_reuse=1; total_qty=6
O000000269,0,Low,,Auto process,discount_pct=0.0; payment_failures=0; device_reuse=0; total_qty=6
O000000318,0,Low,,Auto process,discount_pct=0.0; payment_failures=0; device_reuse=1; total_qty=5
O000000284,0,Low,,Auto process,discount_pct=0.0; payment_failures=0; device_reuse=1; total_qty=5
O000000268,0,Low,,Auto process,discount_pct=0.0; payment_failures=0; device_reuse=0; total_qty=6
O000000285,0,Low,,Auto process,discount_pct=0.03; payment_failures=0; device_reuse=1; total_qty=3
O000000280,0,Low,,Auto process,discount_pct=0.0; payment_failures=0; device_reuse=1; total_qty=6
O000000276,0,Low,,Auto process,discount_pct=0.0; payment_failures=0; device_reuse=1; total_qty=4
O000000266,0,Low,,Auto process,discount_pct=0.0; payment_failures=0; device_reuse=1; total_qty=7
O000000265,0,Low,,Auto process,discount_pct=0.11; payment_failures=0; device_reuse=1; total_qty=1
O000000277,0,Low,,Auto process,discount_pct=0.02; payment_failures=0; device_reuse=0; total_qty=5
O000004089,0,Medium,,Call verification,discount_pct=0.1; payment_failures=0; device_reuse=1; total_qty=2
O000004098,0,Medium,,Call verification,discount_pct=0.0; payment_failures=0; device_reuse=1; total_qty=3
O000004086,0,Medium,,Call verification,discount_pct=0.0; payment_failures=0; device_reuse=1; total_qty=2
O000004099,0,Medium,,Call verification,discount_pct=0.0; payment_failures=0; device_reuse=1; total_qty=4
O000004097,0,Medium,,Call verification,discount_pct=0.0; payment_failures=0; device_reuse=0; total_qty=3
O000004088,0,Medium,,Call verification,discount_pct=0.0; payment_failures=0; device_reuse=1; total_qty=4
O000004090,0,Medium,,Call verification,discount_pct=0.0; payment_failures=0; device_reuse=0; total_qty=4
O000004112,0,Medium,,Call verification,discount_pct=0.0; payment_failures=0; device_reuse=0; total_qty=4
O000000241,0,Low,,Auto process,discount_pct=0.0; payment_failures=0; device_reuse=1; total_qty=8
O000004613,0,Low,,Auto process,discount_pct=0.0; payment_failures=0; device_reuse=1; total_qty=8
O000004616,0,Low,,Auto process,discount_pct=0.0; payment_failures=0; device_reuse=1; total_qty=6
O000000258,0,Low,,Auto process,discount_pct=0.0; payment_failures=0; device_reuse=1; total_qty=3
O000000252,0,Low,,Auto process,discount_pct=0.0; payment_failures=0; device_reuse=1; total_qty=1
O000004136,0,Medium,,Call verification,discount_pct=0.0; payment_failures=0; device_reuse=0; total_qty=6
O000004126,0,Medium,,Call verification,discount_pct=0.01; payment_failures=0; device_reuse=0; total_qty=10
O000004123,0,Medium,,Call verification,discount_pct=0.0; payment_failures=0; device_reuse=1; total_qty=8
O000004119,0,Medium,,Call verification,discount_pct=0.0; payment_failures=0; device_reuse=1; total_qty=4
O000004120,0,Medium,,Call verification,discount_pct=0.0; payment_failures=0; device_reuse=1; total_qty=3
O000004127,0,Medium,,Call verification,discount_pct=0.0; payment_failures=0; device_reuse=1; total_qty=2
O000000286,0,Low,,Auto process,discount_pct=0.0; payment_failures=0; device_reuse=1; total_qty=5
O000000288,0,Low,,Auto process,discount_pct=0.0; payment_failures=0; device_reuse=1; total_qty=8
O000000287,0,Low,,Auto process,discount_pct=0.07; payment_failures=0; device_reuse=1; total_qty=3
O000000291,0,Low,,Auto process,discount_pct=0.0; payment_failures=0; device_reuse=1; total_qty=4
O000000264,0,Low,,Auto process,discount_pct=0.02; payment_failures=0; device_reuse=0; total_qty=3
O000004158,0,Medium,,Call verification,discount_pct=0.0; payment_failures=0; device_reuse=0; total_qty=7
O000004164,0,Medium,,Call verification,discount_pct=0.0; payment_failures=0; device_reuse=0; total_qty=4
O000004165,0,Medium,,Call verification,discount_pct=0.0; payment_failures=0; device_reuse=1; total_qty=6
O000004161,0,Medium,,Call verification,discount_pct=0.06; payment_failures=0; device_reuse=1; total_qty=7
O000004159,0,Medium,,Call verification,discount_pct=0.0; payment_failures=0; device_reuse=0; total_qty=2
O000004168,0,Medium,,Call verification,discount_pct=0.0; payment_failures=0; device_reuse=1; total_qty=6
O000004128,0,Medium,,Call verification,discount_pct=0.0; payment_failures=0; device_reuse=1; total_qty=5
O000004115,0,Medium,,Call verification,discount_pct=0.0; payment_failures=0; device_reuse=1; total_qty=3
O000004135,0,Medium,,Call verification,discount_pct=0.0; payment_failures=0; device_reuse=1; total_qty=8
O000004117,0,Medium,,Call verification,discount_pct=0.0; payment_failures=0; device_reuse=1; total_qty=6
O000004131,0,Medium,,Call verification,discount_pct=0.0; payment_failures=0; device_reuse=1; total_qty=8
O000004116,0,Medium,,Call verification,discount_pct=0.0; payment_failures=0; device_reuse=1; total_qty=4
O000004130,0,Medium,,Call verification,discount_pct=0.0; payment_failures=0; device_reuse=1; total_qty=4
O000004124,0,Medium,,Call verification,discount_pct=0.0; payment_failures=0; device_reuse=1; total_qty=3
O000000256,0,Low,,Auto process,discount_pct=0.02; payment_failures=0; device_reuse=1; total_qty=4
O000000247,0,Low,,Auto process,discount_pct=0.0; payment_failures=0; device_reuse=0; total_qty=7
O000000260,0,Low,,Auto process,discount_pct=0.03; payment_failures=0; device_reuse=1; total_qty=4
O000000246,0,Low,,Auto process,discount_pct=0.07; payment_failures=0; device_reuse=1; total_qty=1
O000000262,0,Low,,Auto process,discount_pct=0.0; payment_failures=0; device_reuse=1; total_qty=2
O000000244,0,Low,,Auto process,discount_pct=0.02; payment_failures=0; device_reuse=1; total_qty=5
O000000254,0,Low,,Auto process,discount_pct=0.0; payment_failures=0; device_reuse=1; total_qty=2
O000000253,0,Low,,Auto process,discount_pct=0.01; payment_failures=0; device_reuse=1; total_qty=5
O000000250,0,Low,,Auto process,discount_pct=0.0; payment_failures=0; device_reuse=0; total_qty=4
O000004146,0,Medium,,Call verification,discount_pct=0.0; payment_failures=0; device_reuse=0; total_qty=7
O000004162,0,Medium,,Call verification,discount_pct=0.0; payment_failures=0; device_reuse=1; total_qty=5
O000004169,0,Medium,,Call verification,discount_pct=0.02; payment_failures=0; device_reuse=1; total_qty=6
O000004151,0,Medium,,Call verification,discount_pct=0.0; payment_failures=0; device_reuse=1; total_qty=4
O000004140,0,Medium,,Call verification,discount_pct=0.0; payment_failures=0; device_reuse=1; total_qty=6
O000004167,0,Medium,,Call verification,discount_pct=0.0; payment_failures=0; device_reuse=1; total_qty=8
O000004163,0,Medium,,Call verification,discount_pct=0.0; payment_failures=0; device_reuse=1; total_qty=2
O000004170,0,Medium,,Call verification,discount_pct=0.0; payment_failures=0; device_reuse=1; total_qty=5
O000004144,0,Medium,,Call verification,discount_pct=0.0; payment_failures=0; device_reuse=1; total_qty=4
O000004187,0,Medium,,Call verification,discount_pct=0.04; payment_failures=0; device_reuse=1; total_qty=7
O000004147,0,Medium,,Call verification,discount_pct=0.0; payment_failures=0; device_reuse=1; total_qty=8
O000004153,0,Medium,,Call verification,discount_pct=0.0; payment_failures=0; device_reuse=1; total_qty=1
O000004160,0,Medium,,Call verification,discount_pct=0.0; payment_failures=0; device_reuse=1; total_qty=1
O000004142,0,Medium,,Call verification,discount_pct=0.0; payment_failures=0; device_reuse=1; total_qty=9
O000004154,0,Medium,,Call verification,discount_pct=0.0; payment_failures=0; device_reuse=1; total_qty=5
O000004152,0,Medium,,Call verification,discount_pct=0.12; payment_failures=0; device_reuse=1; total_qty=3
O000004141,0,Medium,,Call verification,discount_pct=0.05; payment_failures=0; device_reuse=1; total_qty=9
O000004149,0,Medium,,Call verification,discount_pct=0.0; payment_failures=0; device_reuse=1; total_qty=3
O000004143,0,Medium,,Call verification,discount_pct=0.0; payment_failures=0; device_reuse=1; total_qty=2
O000000257,0,Low,,Auto process,discount_pct=0.0; payment_failures=0; device_reuse=1; total_qty=3
O000000245,0,Low,,Auto process,discount_pct=0.0; payment_failures=0; device_reuse=1; total_qty=7
O000000249,0,Low,,Auto process,discount_pct=0.06; payment_failures=0; device_reuse=1; total_qty=5
O000000251,0,Low,,Auto process,discount_pct=0.0; payment_failures=0; device_reuse=0; total_qty=1
O000000263,0,Low,,Auto process,discount_pct=0.0; payment_failures=0; device_reuse=1; total_qty=3
O000000261,0,Low,,Auto process,discount_pct=0.0; payment_failures=0; device_reuse=1; total_qty=7
O000000226,0,Low,,Auto process,discount_pct=0.0; payment_failures=0; device_reuse=1; total_qty=2
O000000229,0,Low,,Auto process,discount_pct=0.0; payment_failures=0; device_reuse=1; total_qty=5
O000000239,0,Low,,Auto process,discount_pct=0.0; payment_failures=0; device_reuse=1; total_qty=6
O000000230,0,Low,,Auto process,discount_pct=0.0; payment_failures=0; device_reuse=1; total_qty=5
O000000221,0,Low,,Auto process,discount_pct=0.0; payment_failures=0; device_reuse=1; total_qty=5
O000000219,0,Low,,Auto process,discount_pct=0.0; payment_failures=0; device_reuse=1; total_qty=6
O000004177,0,Medium,,Call verification,discount_pct=0.0; payment_failures=0; device_reuse=1; total_qty=3
O000004178,0,Medium,,Call verification,discount_pct=0.0; payment_failures=0; device_reuse=1; total_qty=8
O000004186,0,Medium,,Call verification,discount_pct=0.0; payment_failures=0; device_reuse=1; total_qty=5
O000004171,0,Medium,,Call verification,discount_pct=0.0; payment_failures=0; device_reuse=1; total_qty=1
O000004185,0,Medium,,Call verification,discount_pct=0.0; payment_failures=0; device_reuse=1; total_qty=3
O000004179,0,Medium,,Call verification,discount_pct=0.0; payment_failures=0; device_reuse=0; total_qty=2
O000004184,0,Medium,,Call verification,discount_pct=0.0; payment_failures=0; device_reuse=1; total_qty=8
O000004195,0,Medium,,Call verification,discount_pct=0.0; payment_failures=0; device_reuse=1; total_qty=5
O000004182,0,Medium,,Call verification,discount_pct=0.0; payment_failures=0; device_reuse=1; total_qty=9
O000004202,0,Medium,,Call verification,discount_pct=0.0; payment_failures=0; device_reuse=1; total_qty=10
O000004230,0,Medium,,Call verification,discount_pct=0.05; payment_failures=0; device_reuse=1; total_qty=4
O000004226,0,Medium,,Call verification,discount_pct=0.0; payment_failures=0; device_reuse=1; total_qty=5
O000004217,0,Medium,,Call verification,discount_pct=0.0; payment_failures=0; device_reuse=1; total_qty=8
O000004188,0,Medium,,Call verification,discount_pct=0.0; payment_failures=0; device_reuse=0; total_qty=3
O000004200,0,Medium,,Call verification,discount_pct=0.0; payment_failures=0; device_reuse=1; total_qty=8
O000004183,0,Medium,,Call verification,discount_pct=0.0; payment_failures=0; device_reuse=1; total_qty=6
O000004201,0,Medium,,Call verification,discount_pct=0.0; payment_failures=0; device_reuse=1; total_qty=2
O000004196,0,Medium,,Call verification,discount_pct=0.0; payment_failures=0; device_reuse=1; total_qty=6
O000004190,0,Medium,,Call verification,discount_pct=0.01; payment_failures=0; device_reuse=1; total_qty=9
O000004175,0,Medium,,Call verification,discount_pct=0.0; payment_failures=0; device_reuse=0; total_qty=5
O000004192,0,Medium,,Call verification,discount_pct=0.02; payment_failures=0; device_reuse=1; total_qty=7
O000000234,0,Low,,Auto process,discount_pct=0.0; payment_failures=0; device_reuse=1; total_qty=6
O000000222,0,Low,,Auto process,discount_pct=0.0; payment_failures=0; device_reuse=1; total_qty=5
O000000216,0,Low,,Auto process,discount_pct=0.0; payment_failures=0; device_reuse=1; total_qty=6
O000000235,0,Low,,Auto process,discount_pct=0.0; payment_failures=0; device_reuse=1; total_qty=4
O000000227,0,Low,,Auto process,discount_pct=0.0; payment_failures=0; device_reuse=1; total_qty=8
O000004235,0,Medium,,Call verification,discount_pct=0.0; payment_failures=0; device_reuse=1; total_qty=7
O000004212,0,Medium,,Call verification,discount_pct=0.0; payment_failures=0; device_reuse=1; total_qty=2
O000004222,0,Medium,,Call verification,discount_pct=0.0; payment_failures=0; device_reuse=1; total_qty=3
O000004218,0,Medium,,Call verification,discount_pct=0.0; payment_failures=0; device_reuse=1; total_qty=6
O000004208,0,Medium,,Call verification,discount_pct=0.0; payment_failures=0; device_reuse=1; total_qty=4
O000004229,0,Medium,,Call verification,discount_pct=0.0; payment_failures=0; device_reuse=1; total_qty=3
O000004231,0,Medium,,Call verification,discount_pct=0.01; payment_failures=0; device_reuse=1; total_qty=7
O000004205,0,Medium,,Call verification,discount_pct=0.0; payment_failures=0; device_reuse=0; total_qty=6
O000004242,0,Medium,,Call verification,discount_pct=0.0; payment_failures=0; device_reuse=1; total_qty=9
O000004228,0,Medium,,Call verification,discount_pct=0.0; payment_failures=0; device_reuse=1; total_qty=8
O000004219,0,Medium,,Call verification,discount_pct=0.0; payment_failures=0; device_reuse=1; total_qty=7
O000004239,0,Medium,,Call verification,discount_pct=0.0; payment_failures=0; device_reuse=0; total_qty=6
O000004216,0,Medium,,Call verification,discount_pct=0.0; payment_failures=0; device_reuse=1; total_qty=6
O000004238,0,Medium,,Call verification,discount_pct=0.0; payment_failures=0; device_reuse=1; total_qty=6
O000004214,0,Medium,,Call verification,discount_pct=0.02; payment_failures=0; device_reuse=1; total_qty=4
O000004209,0,Medium,,Call verification,discount_pct=0.0; payment_failures=0; device_reuse=1; total_qty=2
O000000228,0,Low,,Auto process,discount_pct=0.0; payment_failures=0; device_reuse=1; total_qty=2
O000004618,0,Low,,Auto process,discount_pct=0.0; payment_failures=0; device_reuse=1; total_qty=5
O000000201,0,Low,,Auto process,discount_pct=0.0; payment_failures=0; device_reuse=1; total_qty=4
O000000192,0,Low,,Auto process,discount_pct=0.0; payment_failures=0; device_reuse=1; total_qty=2
O000000199,0,Low,,Auto process,discount_pct=0.03; payment_failures=0; device_reuse=1; total_qty=6
O000000191,0,Low,,Auto process,discount_pct=0.0; payment_failures=0; device_reuse=1; total_qty=2
O000004236,0,Medium,,Call verification,discount_pct=0.0; payment_failures=0; device_reuse=1; total_qty=1
O000004207,0,Medium,,Call verification,discount_pct=0.0; payment_failures=1; device_reuse=1; total_qty=1
O000004210,0,Medium,,Call verification,discount_pct=0.0; payment_failures=0; device_reuse=0; total_qty=1
O000004213,0,Medium,,Call verification,discount_pct=0.0; payment_failures=0; device_reuse=1; total_qty=5
O000004206,0,Medium,,Call verification,discount_pct=0.04; payment_failures=0; device_reuse=1; total_qty=7
O000004243,0,Medium,,Call verification,discount_pct=0.0; payment_failures=0; device_reuse=1; total_qty=5
O000004241,0,Medium,,Call verification,discount_pct=0.0; payment_failures=0; device_reuse=1; total_qty=4
O000004204,0,Medium,,Call verification,discount_pct=0.28; payment_failures=0; device_reuse=1; total_qty=4
O000004203,0,Medium,,Call verification,discount_pct=0.0; payment_failures=0; device_reuse=0; total_qty=1
O000004237,0,Medium,,Call verification,discount_pct=0.0; payment_failures=0; device_reuse=1; total_qty=1
O000004275,0,Medium,,Call verification,discount_pct=0.0; payment_failures=0; device_reuse=1; total_qty=6
O000004250,0,Medium,,Call verification,discount_pct=0.0; payment_failures=0; device_reuse=1; total_qty=5
O000004273,0,Medium,,Call verification,discount_pct=0.0; payment_failures=0; device_reuse=0; total_qty=1
O000004267,0,Medium,,Call verification,discount_pct=0.0; payment_failures=0; device_reuse=1; total_qty=4
O000004252,0,Medium,,Call verification,discount_pct=0.0; payment_failures=0; device_reuse=1; total_qty=1
O000004244,0,Medium,,Call verification,discount_pct=0.0; payment_failures=0; device_reuse=1; total_qty=2
O000004253,0,Medium,,Call verification,discount_pct=0.0; payment_failures=0; device_reuse=1; total_qty=3
O000004251,0,Medium,,Call verification,discount_pct=0.0; payment_failures=0; device_reuse=1; total_qty=7
O000004262,0,Medium,,Call verification,discount_pct=0.0; payment_failures=0; device_reuse=0; total_qty=3
O000004224,0,Medium,,Call verification,discount_pct=0.0; payment_failures=0; device_reuse=1; total_qty=10
O000000240,0,Low,,Auto process,discount_pct=0.0; payment_failures=0; device_reuse=1; total_qty=7
O000000233,0,Low,,Auto process,discount_pct=0.0; payment_failures=0; device_reuse=1; total_qty=5
O000000218,0,Low,,Auto process,discount_pct=0.0; payment_failures=0; device_reuse=1; total_qty=5
O000000237,0,Low,,Auto process,discount_pct=0.0; payment_failures=0; device_reuse=1; total_qty=5
O000000232,0,Low,,Auto process,discount_pct=0.0; payment_failures=0; device_reuse=1; total_qty=3
O000000238,0,Low,,Auto process,discount_pct=0.0; payment_failures=0; device_reuse=1; total_qty=3
O000000205,0,Low,,Auto process,discount_pct=0.0; payment_failures=0; device_reuse=1; total_qty=3
O000000211,0,Low,,Auto process,discount_pct=0.0; payment_failures=0; device_reuse=0; total_qty=8
O000000210,0,Low,,Auto process,discount_pct=0.0; payment_failures=0; device_reuse=1; total_qty=8
O000000194,0,Low,,Auto process,discount_pct=0.02; payment_failures=0; device_reuse=0; total_qty=8
O000000195,0,Low,,Auto process,discount_pct=0.0; payment_failures=0; device_reuse=1; total_qty=2
O000004266,0,Medium,,Call verification,discount_pct=0.0; payment_failures=0; device_reuse=1; total_qty=1
O000004259,0,Medium,,Call verification,discount_pct=0.0; payment_failures=0; device_reuse=0; total_qty=2
O000004265,0,Medium,,Call verification,discount_pct=0.04; payment_failures=0; device_reuse=1; total_qty=3
O000004246,0,Medium,,Call verification,discount_pct=0.0; payment_failures=0; device_reuse=0; total_qty=6
O000004270,0,Medium,,Call verification,discount_pct=0.0; payment_failures=0; device_reuse=1; total_qty=1
O000004249,0,Medium,,Call verification,discount_pct=0.14; payment_failures=0; device_reuse=1; total_qty=5
O000004257,0,Medium,,Call verification,discount_pct=0.0; payment_failures=0; device_reuse=1; total_qty=4
O000004255,0,Medium,,Call verification,discount_pct=0.0; payment_failures=0; device_reuse=1; total_qty=3
O000004256,0,Medium,,Call verification,discount_pct=0.0; payment_failures=0; device_reuse=1; total_qty=7
O000004264,0,Medium,,Call verification,discount_pct=0.0; payment_failures=0; device_reuse=1; total_qty=6
O000004258,0,Medium,,Call verification,discount_pct=0.0; payment_failures=0; device_reuse=1; total_qty=1
O000004298,0,Medium,,Call verification,discount_pct=0.0; payment_failures=0; device_reuse=1; total_qty=3
O000004277,0,Medium,,Call verification,discount_pct=0.07; payment_failures=0; device_reuse=1; total_qty=2
O000004303,0,Medium,,Call verification,discount_pct=0.07; payment_failures=0; device_reuse=1; total_qty=4
O000004287,0,Medium,,Call verification,discount_pct=0.02; payment_failures=0; device_reuse=0; total_qty=9
O000004295,0,Medium,,Call verification,discount_pct=0.04; payment_failures=1; device_reuse=1; total_qty=5
O000004290,0,Medium,,Call verification,discount_pct=0.0; payment_failures=0; device_reuse=1; total_qty=6
O000004269,0,Medium,,Call verification,discount_pct=0.0; payment_failures=0; device_reuse=1; total_qty=3
O000004245,0,Medium,,Call verification,discount_pct=0.0; payment_failures=0; device_reuse=1; total_qty=5
O000000207,0,Low,,Auto process,discount_pct=0.0; payment_failures=0; device_reuse=1; total_qty=8
O000000214,0,Low,,Auto process,discount_pct=0.0; payment_failures=0; device_reuse=1; total_qty=8
O000000197,0,Low,,Auto process,discount_pct=0.0; payment_failures=0; device_reuse=1; total_qty=8
O000000202,0,Low,,Auto process,discount_pct=0.02; payment_failures=0; device_reuse=1; total_qty=8
O000000203,0,Low,,Auto process,discount_pct=0.0; payment_failures=0; device_reuse=1; total_qty=8
O000000209,0,Low,,Auto process,discount_pct=0.0; payment_failures=0; device_reuse=1; total_qty=2
O000000196,0,Low,,Auto process,discount_pct=0.04; payment_failures=0; device_reuse=1; total_qty=2
O000000206,0,Low,,Auto process,discount_pct=0.0; payment_failures=0; device_reuse=1; total_qty=4
O000000174,0,Low,,Auto process,discount_pct=0.0; payment_failures=0; device_reuse=1; total_qty=8
O000000181,0,Low,,Auto process,discount_pct=0.0; payment_failures=0; device_reuse=1; total_qty=10
O000000172,0,Low,,Auto process,discount_pct=0.0; payment_failures=0; device_reuse=1; total_qty=6
O000000176,0,Low,,Auto process,discount_pct=0.0; payment_failures=0; device_reuse=1; total_qty=6
O000000185,0,Low,,Auto process,discount_pct=0.0; payment_failures=0; device_reuse=1; total_qty=4
O000000177,0,Low,,Auto process,discount_pct=0.08; payment_failures=0; device_reuse=1; total_qty=1
O000000178,0,Low,,Auto process,discount_pct=0.0; payment_failures=0; device_reuse=0; total_qty=8
O000004285,0,Medium,,Call verification,discount_pct=0.0; payment_failures=0; device_reuse=1; total_qty=6
O000004284,0,Medium,,Call verification,discount_pct=0.0; payment_failures=0; device_reuse=1; total_qty=4
O000004296,0,Medium,,Call verification,discount_pct=0.0; payment_failures=0; device_reuse=1; total_qty=7
O000004279,0,Medium,,Call verification,discount_pct=0.0; payment_failures=0; device_reuse=1; total_qty=7
O000004293,0,Medium,,Call verification,discount_pct=0.0; payment_failures=0; device_reuse=1; total_qty=7
O000004283,0,Medium,,Call verification,discount_pct=0.18; payment_failures=0; device_reuse=1; total_qty=3
O000004286,0,Medium,,Call verification,discount_pct=0.0; payment_failures=0; device_reuse=1; total_qty=4
O000004300,0,Medium,,Call verification,discount_pct=0.02; payment_failures=0; device_reuse=1; total_qty=8
O000004292,0,Medium,,Call verification,discount_pct=0.0; payment_failures=0; device_reuse=1; total_qty=4
O000000155,0,Low,,Auto process,discount_pct=0.14; payment_failures=0; device_reuse=1; total_qty=3
O000000165,0,Low,,Auto process,discount_pct=0.0; payment_failures=0; device_reuse=1; total_qty=6
O000004320,0,Medium,,Call verification,discount_pct=0.05; payment_failures=0; device_reuse=0; total_qty=3
O000004319,0,Medium,,Call verification,discount_pct=0.0; payment_failures=0; device_reuse=1; total_qty=4
O000004316,0,Medium,,Call verification,discount_pct=0.0; payment_failures=0; device_reuse=1; total_qty=1
O000004311,0,Medium,,Call verification,discount_pct=0.0; payment_failures=0; device_reuse=0; total_qty=2
O000004313,0,Medium,,Call verification,discount_pct=0.0; payment_failures=0; device_reuse=1; total_qty=8
O000004324,0,Medium,,Call verification,discount_pct=0.0; payment_failures=0; device_reuse=1; total_qty=3
O000004314,0,Medium,,Call verification,discount_pct=0.0; payment_failures=0; device_reuse=0; total_qty=2
O000004327,0,Medium,,Call verification,discount_pct=0.0; payment_failures=0; device_reuse=1; total_qty=4
O000004322,0,Medium,,Call verification,discount_pct=0.1; payment_failures=0; device_reuse=1; total_qty=3
O000004312,0,Medium,,Call verification,discount_pct=0.0; payment_failures=0; device_reuse=1; total_qty=10
O000004304,0,Medium,,Call verification,discount_pct=0.0; payment_failures=0; device_reuse=1; total_qty=7
O000004317,0,Medium,,Call verification,discount_pct=0.0; payment_failures=0; device_reuse=1; total_qty=3
O000000189,0,Low,,Auto process,discount_pct=0.0; payment_failures=0; device_reuse=1; total_qty=3
O000000184,0,Low,,Auto process,discount_pct=0.0; payment_failures=0; device_reuse=1; total_qty=5
O000004342,0,Medium,,Call verification,discount_pct=0.09; payment_failures=0; device_reuse=1; total_qty=7
O000004347,0,Medium,,Call verification,discount_pct=0.0; payment_failures=0; device_reuse=1; total_qty=4
O000004334,0,Medium,,Call verification,discount_pct=0.0; payment_failures=0; device_reuse=1; total_qty=3
O000004339,0,Medium,,Call verification,discount_pct=0.09; payment_failures=0; device_reuse=0; total_qty=1
O000004348,0,Medium,,Call verification,discount_pct=0.0; payment_failures=0; device_reuse=1; total_qty=1
O000004329,0,Medium,,Call verification,discount_pct=0.0; payment_failures=0; device_reuse=1; total_qty=5
O000004321,0,Medium,,Call verification,discount_pct=0.0; payment_failures=0; device_reuse=0; total_qty=1
O000004307,0,Medium,,Call verification,discount_pct=0.0; payment_failures=0; device_reuse=0; total_qty=5
O000004323,0,Medium,,Call verification,discount_pct=0.0; payment_failures=0; device_reuse=1; total_qty=1
O000004326,0,Medium,,Call verification,discount_pct=0.0; payment_failures=0; device_reuse=1; total_qty=5
O000000179,0,Low,,Auto process,discount_pct=0.0; payment_failures=0; device_reuse=1; total_qty=4
O000000183,0,Low,,Auto process,discount_pct=0.0; payment_failures=0; device_reuse=0; total_qty=7
O000000163,0,Low,,Auto process,discount_pct=0.0; payment_failures=0; device_reuse=1; total_qty=7
O000000170,0,Low,,Auto process,discount_pct=0.01; payment_failures=0; device_reuse=1; total_qty=6
O000000161,0,Low,,Auto process,discount_pct=0.0; payment_failures=0; device_reuse=1; total_qty=6
O000000169,0,Low,,Auto process,discount_pct=0.0; payment_failures=0; device_reuse=1; total_qty=5
O000000167,0,Low,,Auto process,discount_pct=0.0; payment_failures=0; device_reuse=1; total_qty=4
O000000168,0,Low,,Auto process,discount_pct=0.0; payment_failures=0; device_reuse=1; total_qty=8
O000000140,0,Low,,Auto process,discount_pct=0.0; payment_failures=0; device_reuse=1; total_qty=7
O000000152,0,Low,,Auto process,discount_pct=0.0; payment_failures=0; device_reuse=1; total_qty=2
O000000150,0,Low,,Auto process,discount_pct=0.0; payment_failures=0; device_reuse=1; total_qty=3
O000000142,0,Low,,Auto process,discount_pct=0.0; payment_failures=0; device_reuse=1; total_qty=9
O000000143,0,Low,,Auto process,discount_pct=0.0; payment_failures=0; device_reuse=1; total_qty=2
O000000151,0,Low,,Auto process,discount_pct=0.0; payment_failures=0; device_reuse=1; total_qty=3
O000000141,0,Low,,Auto process,discount_pct=0.09; payment_failures=0; device_reuse=1; total_qty=6
O000004351,0,Medium,,Call verification,discount_pct=0.0; payment_failures=0; device_reuse=1; total_qty=2
O000004354,0,Medium,,Call verification,discount_pct=0.0; payment_failures=0; device_reuse=1; total_qty=7
O000004332,0,Medium,,Call verification,discount_pct=0.02; payment_failures=0; device_reuse=1; total_qty=1
O000004344,0,Medium,,Call verification,discount_pct=0.0; payment_failures=0; device_reuse=0; total_qty=8
O000004350,0,Medium,,Call verification,discount_pct=0.0; payment_failures=0; device_reuse=1; total_qty=4
O000004345,0,Medium,,Call verification,discount_pct=0.03; payment_failures=0; device_reuse=1; total_qty=8
O000004357,0,Medium,,Call verification,discount_pct=0.0; payment_failures=0; device_reuse=1; total_qty=4
O000004365,0,Medium,,Call verification,discount_pct=0.0; payment_failures=0; device_reuse=1; total_qty=4
O000004377,0,Medium,,Call verification,discount_pct=0.0; payment_failures=0; device_reuse=1; total_qty=2
O000004366,0,Medium,,Call verification,discount_pct=0.0; payment_failures=0; device_reuse=1; total_qty=8
O000004369,0,Medium,,Call verification,discount_pct=0.01; payment_failures=0; device_reuse=1; total_qty=10
O000004373,0,Medium,,Call verification,discount_pct=0.0; payment_failures=0; device_reuse=1; total_qty=1
O000004374,0,Medium,,Call verification,discount_pct=0.0; payment_failures=0; device_reuse=1; total_qty=2
O000004363,0,Medium,,Call verification,discount_pct=0.0; payment_failures=0; device_reuse=1; total_qty=7
O000004370,0,Medium,,Call verification,discount_pct=0.0; payment_failures=0; device_reuse=0; total_qty=10
O000004359,0,Medium,,Call verification,discount_pct=0.0; payment_failures=0; device_reuse=1; total_qty=2
O000004333,0,Medium,,Call verification,discount_pct=0.0; payment_failures=0; device_reuse=1; total_qty=3
O000004336,0,Medium,,Call verification,discount_pct=0.0; payment_failures=0; device_reuse=1; total_qty=4
O000004355,0,Medium,,Call verification,discount_pct=0.04; payment_failures=0; device_reuse=1; total_qty=1
O000000156,0,Low,,Auto process,discount_pct=0.0; payment_failures=0; device_reuse=0; total_qty=2
O000000162,0,Low,,Auto process,discount_pct=0.0; payment_failures=0; device_reuse=1; total_qty=2
O000000164,0,Low,,Auto process,discount_pct=0.0; payment_failures=0; device_reuse=1; total_qty=8
O000000157,0,Low,,Auto process,discount_pct=0.0; payment_failures=0; device_reuse=1; total_qty=5
O000000137,0,Low,,Auto process,discount_pct=0.01; payment_failures=0; device_reuse=1; total_qty=6
O000000138,0,Low,,Auto process,discount_pct=0.0; payment_failures=0; device_reuse=1; total_qty=6
O000000133,0,Low,,Auto process,discount_pct=0.0; payment_failures=0; device_reuse=1; total_qty=6
O000000146,0,Low,,Auto process,discount_pct=0.05; payment_failures=0; device_reuse=1; total_qty=8
O000000153,0,Low,,Auto process,discount_pct=0.01; payment_failures=0; device_reuse=1; total_qty=6
O000000154,0,Low,,Auto process,discount_pct=0.0; payment_failures=0; device_reuse=0; total_qty=9
O000000130,0,Low,,Auto process,discount_pct=0.0; payment_failures=0; device_reuse=1; total_qty=8
O000000125,0,Low,,Auto process,discount_pct=0.0; payment_failures=0; device_reuse=1; total_qty=4
O000004390,0,Medium,,Call verification,discount_pct=0.03; payment_failures=0; device_reuse=1; total_qty=4
O000004391,0,Medium,,Call verification,discount_pct=0.0; payment_failures=0; device_reuse=1; total_qty=9
O000004375,0,Medium,,Call verification,discount_pct=0.0; payment_failures=0; device_reuse=1; total_qty=2
O000004362,0,Medium,,Call verification,discount_pct=0.0; payment_failures=0; device_reuse=1; total_qty=4
O000004372,0,Medium,,Call verification,discount_pct=0.0; payment_failures=0; device_reuse=1; total_qty=6
O000004376,0,Medium,,Call verification,discount_pct=0.0; payment_failures=0; device_reuse=1; total_qty=10
O000004371,0,Medium,,Call verification,discount_pct=0.0; payment_failures=0; device_reuse=1; total_qty=3
O000004364,0,Medium,,Call verification,discount_pct=0.0; payment_failures=0; device_reuse=1; total_qty=3
O000004448,0,Medium,,Call verification,discount_pct=0.0; payment_failures=0; device_reuse=1; total_qty=8
O000004402,0,Medium,,Call verification,discount_pct=0.0; payment_failures=0; device_reuse=1; total_qty=7
O000004421,0,Medium,,Call verification,discount_pct=0.0; payment_failures=0; device_reuse=1; total_qty=4
O000004380,0,Medium,,Call verification,discount_pct=0.0; payment_failures=0; device_reuse=1; total_qty=7
O000004381,0,Medium,,Call verification,discount_pct=0.0; payment_failures=0; device_reuse=1; total_qty=3
O000004379,0,Medium,,Call verification,discount_pct=0.09; payment_failures=0; device_reuse=1; total_qty=6
O000004387,0,Medium,,Call verification,discount_pct=0.0; payment_failures=0; device_reuse=1; total_qty=1
O000004386,0,Medium,,Call verification,discount_pct=0.0; payment_failures=0; device_reuse=1; total_qty=3
O000004396,0,Medium,,Call verification,discount_pct=0.0; payment_failures=0; device_reuse=1; total_qty=3
O000004382,0,Medium,,Call verification,discount_pct=0.0; payment_failures=0; device_reuse=1; total_qty=1
O000004384,0,Medium,,Call verification,discount_pct=0.0; payment_failures=0; device_reuse=1; total_qty=5
O000004394,0,Medium,,Call verification,discount_pct=0.0; payment_failures=0; device_reuse=0; total_qty=8
O000004397,0,Medium,,Call verification,discount_pct=0.0; payment_failures=0; device_reuse=1; total_qty=9
O000004392,0,Medium,,Call verification,discount_pct=0.02; payment_failures=0; device_reuse=1; total_qty=2
O000004383,0,Medium,,Call verification,discount_pct=0.0; payment_failures=0; device_reuse=1; total_qty=3
O000000144,0,Low,,Auto process,discount_pct=0.0; payment_failures=0; device_reuse=1; total_qty=5
O000004426,0,Medium,,Call verification,discount_pct=0.0; payment_failures=0; device_reuse=1; total_qty=9
O000004442,0,Medium,,Call verification,discount_pct=0.0; payment_failures=0; device_reuse=0; total_qty=5
O000004449,0,Medium,,Call verification,discount_pct=0.0; payment_failures=0; device_reuse=1; total_qty=7
O000004407,0,Medium,,Call verification,discount_pct=0.02; payment_failures=0; device_reuse=1; total_qty=8
O000004434,0,Medium,,Call verification,discount_pct=0.0; payment_failures=0; device_reuse=1; total_qty=7
O000004441,0,Medium,,Call verification,discount_pct=0.0; payment_failures=0; device_reuse=1; total_qty=7
O000004435,0,Medium,,Call verification,discount_pct=0.0; payment_failures=0; device_reuse=1; total_qty=3
O000004408,0,Medium,,Call verification,discount_pct=0.0; payment_failures=0; device_reuse=0; total_qty=8
O000004413,0,Medium,,Call verification,discount_pct=0.0; payment_failures=0; device_reuse=1; total_qty=9
O000004446,0,Medium,,Call verification,discount_pct=0.0; payment_failures=0; device_reuse=1; total_qty=4
O000004422,0,Medium,,Call verification,discount_pct=0.0; payment_failures=0; device_reuse=1; total_qty=3
O000004424,0,Medium,,Call verification,discount_pct=0.0; payment_failures=0; device_reuse=1; total_qty=8
O000004412,0,Medium,,Call verification,discount_pct=0.0; payment_failures=0; device_reuse=1; total_qty=5
O000004436,0,Medium,,Call verification,discount_pct=0.0; payment_failures=0; device_reuse=1; total_qty=3
O000004406,0,Medium,,Call verification,discount_pct=0.0; payment_failures=0; device_reuse=0; total_qty=1
O000004420,0,Medium,,Call verification,discount_pct=0.0; payment_failures=0; device_reuse=1; total_qty=10
O000000119,0,Low,,Auto process,discount_pct=0.0; payment_failures=0; device_reuse=0; total_qty=10
O000000121,0,Low,,Auto process,discount_pct=0.01; payment_failures=0; device_reuse=1; total_qty=7
O000000118,0,Low,,Auto process,discount_pct=0.0; payment_failures=0; device_reuse=1; total_qty=7
O000000124,0,Low,,Auto process,discount_pct=0.0; payment_failures=0; device_reuse=1; total_qty=1
O000000132,0,Low,,Auto process,discount_pct=0.0; payment_failures=0; device_reuse=0; total_qty=1
O000000113,0,Low,,Auto process,discount_pct=0.01; payment_failures=0; device_reuse=0; total_qty=4
O000000114,0,Low,,Auto process,discount_pct=0.0; payment_failures=0; device_reuse=1; total_qty=10
O000000120,0,Low,,Auto process,discount_pct=0.0; payment_failures=0; device_reuse=1; total_qty=5
O000000131,0,Low,,Auto process,discount_pct=0.0; payment_failures=0; device_reuse=1; total_qty=5
O000000123,0,Low,,Auto process,discount_pct=0.0; payment_failures=0; device_reuse=1; total_qty=1
O000000115,0,Low,,Auto process,discount_pct=0.0; payment_failures=0; device_reuse=1; total_qty=10
O000004415,0,Medium,,Call verification,discount_pct=0.0; payment_failures=0; device_reuse=1; total_qty=6
O000004429,0,Medium,,Call verification,discount_pct=0.0; payment_failures=0; device_reuse=0; total_qty=6
O000004401,0,Medium,,Call verification,discount_pct=0.02; payment_failures=0; device_reuse=1; total_qty=8
O000004400,0,Medium,,Call verification,discount_pct=0.0; payment_failures=0; device_reuse=1; total_qty=7
O000004411,0,Medium,,Call verification,discount_pct=0.0; payment_failures=0; device_reuse=1; total_qty=8
O000000095,0,Low,,Auto process,discount_pct=0.0; payment_failures=0; device_reuse=1; total_qty=4
O000000097,0,Low,,Auto process,discount_pct=0.0; payment_failures=0; device_reuse=1; total_qty=7
O000000110,0,Low,,Auto process,discount_pct=0.0; payment_failures=0; device_reuse=1; total_qty=7
O000000107,0,Low,,Auto process,discount_pct=0.03; payment_failures=0; device_reuse=1; total_qty=7
O000004427,0,Medium,,Call verification,discount_pct=0.0; payment_failures=0; device_reuse=1; total_qty=4
O000004430,0,Medium,,Call verification,discount_pct=0.0; payment_failures=0; device_reuse=1; total_qty=3
O000004440,0,Medium,,Call verification,discount_pct=0.0; payment_failures=0; device_reuse=1; total_qty=2
O000004439,0,Medium,,Call verification,discount_pct=0.0; payment_failures=0; device_reuse=1; total_qty=1
O000004425,0,Medium,,Call verification,discount_pct=0.0; payment_failures=0; device_reuse=1; total_qty=5
O000004432,0,Medium,,Call verification,discount_pct=0.0; payment_failures=0; device_reuse=1; total_qty=4
O000004414,0,Medium,,Call verification,discount_pct=0.0; payment_failures=0; device_reuse=1; total_qty=2
O000004447,0,Medium,,Call verification,discount_pct=0.0; payment_failures=0; device_reuse=1; total_qty=6
O000004437,0,Medium,,Call verification,discount_pct=0.01; payment_failures=0; device_reuse=1; total_qty=8
O000000117,0,Low,,Auto process,discount_pct=0.0; payment_failures=0; device_reuse=1; total_qty=4
O000000127,0,Low,,Auto process,discount_pct=0.0; payment_failures=0; device_reuse=1; total_qty=7
O000000116,0,Low,,Auto process,discount_pct=0.0; payment_failures=0; device_reuse=1; total_qty=7
O000004466,0,Medium,,Call verification,discount_pct=0.0; payment_failures=0; device_reuse=1; total_qty=10
O000004450,0,Medium,,Call verification,discount_pct=0.0; payment_failures=0; device_reuse=1; total_qty=3
O000004458,0,Medium,,Call verification,discount_pct=0.02; payment_failures=0; device_reuse=0; total_qty=7
O000004453,0,Medium,,Call verification,discount_pct=0.0; payment_failures=0; device_reuse=0; total_qty=5
O000004464,0,Medium,,Call verification,discount_pct=0.0; payment_failures=0; device_reuse=1; total_qty=7
O000004455,0,Medium,,Call verification,discount_pct=0.0; payment_failures=0; device_reuse=1; total_qty=6
O000000098,0,Low,,Auto process,discount_pct=0.04; payment_failures=0; device_reuse=1; total_qty=7
O000000109,0,Low,,Auto process,discount_pct=0.0; payment_failures=0; device_reuse=1; total_qty=4
O000000105,0,Low,,Auto process,discount_pct=0.03; payment_failures=0; device_reuse=1; total_qty=4
O000000103,0,Low,,Auto process,discount_pct=0.0; payment_failures=0; device_reuse=1; total_qty=7
O000000100,0,Low,,Auto process,discount_pct=0.0; payment_failures=0; device_reuse=0; total_qty=6
O000000108,0,Low,,Auto process,discount_pct=0.0; payment_failures=0; device_reuse=1; total_qty=4
O000000112,0,Low,,Auto process,discount_pct=0.0; payment_failures=0; device_reuse=1; total_qty=8
O000000094,0,Low,,Auto process,discount_pct=0.0; payment_failures=0; device_reuse=1; total_qty=2
O000000096,0,Low,,Auto process,discount_pct=0.07; payment_failures=0; device_reuse=1; total_qty=2
O000000104,0,Low,,Auto process,discount_pct=0.0; payment_failures=0; device_reuse=1; total_qty=7
O000000067,0,Low,,Auto process,discount_pct=0.0; payment_failures=0; device_reuse=0; total_qty=2
O000000079,0,Low,,Auto process,discount_pct=0.0; payment_failures=0; device_reuse=1; total_qty=5
O000000087,0,Low,,Auto process,discount_pct=0.0; payment_failures=0; device_reuse=0; total_qty=10
O000000088,0,Low,,Auto process,discount_pct=0.0; payment_failures=0; device_reuse=1; total_qty=4
O000000077,0,Low,,Auto process,discount_pct=0.03; payment_failures=0; device_reuse=1; total_qty=10
O000000071,0,Low,,Auto process,discount_pct=0.06; payment_failures=0; device_reuse=1; total_qty=1
O000000081,0,Low,,Auto process,discount_pct=0.0; payment_failures=0; device_reuse=1; total_qty=7
O000004476,0,Medium,,Call verification,discount_pct=0.0; payment_failures=0; device_reuse=1; total_qty=8
O000004487,0,Medium,,Call verification,discount_pct=0.0; payment_failures=0; device_reuse=1; total_qty=4
O000004485,0,Medium,,Call verification,discount_pct=0.0; payment_failures=0; device_reuse=1; total_qty=3
O000004488,0,Medium,,Call verification,discount_pct=0.0; payment_failures=0; device_reuse=1; total_qty=5
O000004481,0,Medium,,Call verification,discount_pct=0.0; payment_failures=0; device_reuse=1; total_qty=10
O000004452,0,Medium,,Call verification,discount_pct=0.0; payment_failures=0; device_reuse=1; total_qty=2
O000004457,0,Medium,,Call verification,discount_pct=0.0; payment_failures=0; device_reuse=1; total_qty=5
O000004461,0,Medium,,Call verification,discount_pct=0.13; payment_failures=0; device_reuse=1; total_qty=7
O000004470,0,Medium,,Call verification,discount_pct=0.0; payment_failures=0; device_reuse=0; total_qty=4
O000000076,0,Low,,Auto process,discount_pct=0.0; payment_failures=0; device_reuse=1; total_qty=9
O000004477,0,Medium,,Call verification,discount_pct=0.07; payment_failures=0; device_reuse=1; total_qty=5
O000004478,0,Medium,,Call verification,discount_pct=0.0; payment_failures=0; device_reuse=1; total_qty=3
O000004493,0,Medium,,Call verification,discount_pct=0.0; payment_failures=0; device_reuse=1; total_qty=4
O000004480,0,Medium,,Call verification,discount_pct=0.0; payment_failures=0; device_reuse=1; total_qty=1
O000004472,0,Medium,,Call verification,discount_pct=0.0; payment_failures=0; device_reuse=1; total_qty=6
O000004491,0,Medium,,Call verification,discount_pct=0.0; payment_failures=0; device_reuse=1; total_qty=9
O000004473,0,Medium,,Call verification,discount_pct=0.0; payment_failures=0; device_reuse=1; total_qty=1
O000004483,0,Medium,,Call verification,discount_pct=0.0; payment_failures=0; device_reuse=1; total_qty=4
O000004474,0,Medium,,Call verification,discount_pct=0.0; payment_failures=0; device_reuse=1; total_qty=7
O000004486,0,Medium,,Call verification,discount_pct=0.0; payment_failures=0; device_reuse=1; total_qty=6
O000000092,0,Low,,Auto process,discount_pct=0.0; payment_failures=0; device_reuse=1; total_qty=7
O000000106,0,Low,,Auto process,discount_pct=0.0; payment_failures=0; device_reuse=1; total_qty=7
O000000091,0,Low,,Auto process,discount_pct=0.04; payment_failures=0; device_reuse=1; total_qty=9
O000000102,0,Low,,Auto process,discount_pct=0.0; payment_failures=0; device_reuse=1; total_qty=6
O000000099,0,Low,,Auto process,discount_pct=0.08; payment_failures=0; device_reuse=1; total_qty=2
O000004498,0,Medium,,Call verification,discount_pct=0.0; payment_failures=0; device_reuse=1; total_qty=7
O000004519,0,Medium,,Call verification,discount_pct=0.01; payment_failures=0; device_reuse=1; total_qty=5
O000004521,0,Medium,,Call verification,discount_pct=0.0; payment_failures=0; device_reuse=1; total_qty=1
O000004495,0,Medium,,Call verification,discount_pct=0.0; payment_failures=0; device_reuse=1; total_qty=2
O000004497,0,Medium,,Call verification,discount_pct=0.01; payment_failures=0; device_reuse=0; total_qty=5
O000004509,0,Medium,,Call verification,discount_pct=0.08; payment_failures=0; device_reuse=1; total_qty=10
O000004512,0,Medium,,Call verification,discount_pct=0.0; payment_failures=0; device_reuse=1; total_qty=4
O000004494,0,Medium,,Call verification,discount_pct=0.0; payment_failures=0; device_reuse=1; total_qty=3
O000004499,0,Medium,,Call verification,discount_pct=0.0; payment_failures=0; device_reuse=1; total_qty=8
O000004505,0,Medium,,Call verification,discount_pct=0.0; payment_failures=0; device_reuse=1; total_qty=6
O000000069,0,Low,,Auto process,discount_pct=0.0; payment_failures=0; device_reuse=0; total_qty=4
O000000068,0,Low,,Auto process,discount_pct=0.0; payment_failures=0; device_reuse=1; total_qty=4
O000000083,0,Low,,Auto process,discount_pct=0.19; payment_failures=0; device_reuse=1; total_qty=1
O000000070,0,Low,,Auto process,discount_pct=0.0; payment_failures=0; device_reuse=1; total_qty=2
O000000074,0,Low,,Auto process,discount_pct=0.0; payment_failures=0; device_reuse=1; total_qty=3
O000000086,0,Low,,Auto process,discount_pct=0.0; payment_failures=0; device_reuse=1; total_qty=4
O000004536,0,Medium,,Call verification,discount_pct=0.0; payment_failures=0; device_reuse=1; total_qty=5
O000004527,0,Medium,,Call verification,discount_pct=0.0; payment_failures=0; device_reuse=1; total_qty=4
O000004550,0,Medium,,Call verification,discount_pct=0.0; payment_failures=0; device_reuse=1; total_qty=3
O000004558,0,Medium,,Call verification,discount_pct=0.0; payment_failures=0; device_reuse=1; total_qty=7
O000004556,0,Medium,,Call verification,discount_pct=0.0; payment_failures=0; device_reuse=1; total_qty=5
O000004529,0,Medium,,Call verification,discount_pct=0.0; payment_failures=0; device_reuse=1; total_qty=8
O000004535,0,Medium,,Call verification,discount_pct=0.0; payment_failures=0; device_reuse=1; total_qty=3
O000004557,0,Medium,,Call verification,discount_pct=0.0; payment_failures=0; device_reuse=0; total_qty=8
O000004508,0,Medium,,Call verification,discount_pct=0.0; payment_failures=0; device_reuse=1; total_qty=1
O000004501,0,Medium,,Call verification,discount_pct=0.0; payment_failures=0; device_reuse=1; total_qty=2
O000004520,0,Medium,,Call verification,discount_pct=0.0; payment_failures=0; device_reuse=1; total_qty=4
O000004518,0,Medium,,Call verification,discount_pct=0.0; payment_failures=0; device_reuse=1; total_qty=7
O000004496,0,Medium,,Call verification,discount_pct=0.0; payment_failures=0; device_reuse=1; total_qty=1
O000004500,0,Medium,,Call verification,discount_pct=0.0; payment_failures=0; device_reuse=1; total_qty=2
O000004502,0,Medium,,Call verification,discount_pct=0.0; payment_failures=0; device_reuse=1; total_qty=1
O000004517,0,Medium,,Call verification,discount_pct=0.0; payment_failures=0; device_reuse=1; total_qty=5
O000000051,0,Low,,Auto process,discount_pct=0.1; payment_failures=0; device_reuse=1; total_qty=3
O000000065,0,Low,,Auto process,discount_pct=0.06; payment_failures=0; device_reuse=1; total_qty=10
O000000063,0,Low,,Auto process,discount_pct=0.0; payment_failures=0; device_reuse=1; total_qty=5
O000000055,0,Low,,Auto process,discount_pct=0.0; payment_failures=0; device_reuse=1; total_qty=3
O000000046,0,Low,,Auto process,discount_pct=0.0; payment_failures=0; device_reuse=1; total_qty=2
O000000047,0,Low,,Auto process,discount_pct=0.0; payment_failures=0; device_reuse=1; total_qty=9
O000000053,0,Low,,Auto process,discount_pct=0.01; payment_failures=0; device_reuse=1; total_qty=9
O000000049,0,Low,,Auto process,discount_pct=0.02; payment_failures=0; device_reuse=1; total_qty=3
O000000064,0,Low,,Auto process,discount_pct=0.0; payment_failures=0; device_reuse=0; total_qty=8
O000000054,0,Low,,Auto process,discount_pct=0.0; payment_failures=0; device_reuse=1; total_qty=3
O000000056,0,Low,,Auto process,discount_pct=0.0; payment_failures=0; device_reuse=1; total_qty=3
O000000062,0,Low,,Auto process,discount_pct=0.0; payment_failures=0; device_reuse=1; total_qty=3
O000004545,0,Medium,,Call verification,discount_pct=0.0; payment_failures=0; device_reuse=1; total_qty=7
O000004539,0,Medium,,Call verification,discount_pct=0.0; payment_failures=0; device_reuse=1; total_qty=4
O000004538,0,Medium,,Call verification,discount_pct=0.0; payment_failures=0; device_reuse=0; total_qty=1
O000004544,0,Medium,,Call verification,discount_pct=0.1; payment_failures=0; device_reuse=1; total_qty=2
O000004567,0,Medium,,Call verification,discount_pct=0.0; payment_failures=0; device_reuse=1; total_qty=7
O000004579,0,Medium,,Call verification,discount_pct=0.0; payment_failures=0; device_reuse=1; total_qty=5
O000004577,0,Medium,,Call verification,discount_pct=0.0; payment_failures=0; device_reuse=1; total_qty=2
O000004568,0,Medium,,Call verification,discount_pct=0.0; payment_failures=0; device_reuse=1; total_qty=1
O000004530,0,Medium,,Call verification,discount_pct=0.0; payment_failures=0; device_reuse=1; total_qty=7
O000004525,0,Medium,,Call verification,discount_pct=0.0; payment_failures=0; device_reuse=1; total_qty=4
O000004540,0,Medium,,Call verification,discount_pct=0.2; payment_failures=0; device_reuse=1; total_qty=1
O000004543,0,Medium,,Call verification,discount_pct=0.07; payment_failures=0; device_reuse=1; total_qty=2
O000004553,0,Medium,,Call verification,discount_pct=0.0; payment_failures=0; device_reuse=1; total_qty=1
O000004537,0,Medium,,Call verification,discount_pct=0.0; payment_failures=0; device_reuse=1; total_qty=2
O000004534,0,Medium,,Call verification,discount_pct=0.0; payment_failures=0; device_reuse=1; total_qty=4
O000004523,0,Medium,,Call verification,discount_pct=0.0; payment_failures=0; device_reuse=1; total_qty=1
O000004542,0,Medium,,Call verification,discount_pct=0.0; payment_failures=0; device_reuse=1; total_qty=1
O000004549,0,Medium,,Call verification,discount_pct=0.01; payment_failures=0; device_reuse=1; total_qty=7
O000004522,0,Medium,,Call verification,discount_pct=0.0; payment_failures=0; device_reuse=1; total_qty=9
O000000058,0,Low,,Auto process,discount_pct=0.0; payment_failures=0; device_reuse=1; total_qty=5
O000004585,0,Medium,,Call verification,discount_pct=0.0; payment_failures=0; device_reuse=1; total_qty=9
O000004600,0,Medium,,Call verification,discount_pct=0.07; payment_failures=0; device_reuse=0; total_qty=1
O000004604,0,Medium,,Call verification,discount_pct=0.0; payment_failures=0; device_reuse=1; total_qty=6
O000004561,0,Medium,,Call verification,discount_pct=0.0; payment_failures=0; device_reuse=1; total_qty=1
O000004578,0,Medium,,Call verification,discount_pct=0.0; payment_failures=0; device_reuse=1; total_qty=7
O000004572,0,Medium,,Call verification,discount_pct=0.0; payment_failures=0; device_reuse=1; total_qty=8
O000000029,0,Low,,Auto process,discount_pct=0.0; payment_failures=0; device_reuse=1; total_qty=3
O000000026,0,Low,,Auto process,discount_pct=0.0; payment_failures=0; device_reuse=1; total_qty=3
O000000033,0,Low,,Auto process,discount_pct=0.0; payment_failures=0; device_reuse=1; total_qty=5
O000000045,0,Low,,Auto process,discount_pct=0.0; payment_failures=0; device_reuse=1; total_qty=3
O000000025,0,Low,,Auto process,discount_pct=0.0; payment_failures=0; device_reuse=1; total_qty=6
O000000018,0,Low,,Auto process,discount_pct=0.0; payment_failures=0; device_reuse=1; total_qty=5
O000000020,0,Low,,Auto process,discount_pct=0.05; payment_failures=0; device_reuse=1; total_qty=10
O000000011,0,Low,,Auto process,discount_pct=0.0; payment_failures=0; device_reuse=1; total_qty=7
O000000022,0,Low,,Auto process,discount_pct=0.0; payment_failures=0; device_reuse=1; total_qty=7
O000000059,0,Low,,Auto process,discount_pct=0.0; payment_failures=0; device_reuse=1; total_qty=4
O000001730,0,Low,,Auto process,discount_pct=0.0; payment_failures=0; device_reuse=1; total_qty=4
O000001721,0,Low,,Auto process,discount_pct=0.12; payment_failures=0; device_reuse=1; total_qty=5
O000001724,0,Low,,Auto process,discount_pct=0.0; payment_failures=0; device_reuse=0; total_qty=8
O000001698,0,Low,,Auto process,discount_pct=0.02; payment_failures=0; device_reuse=1; total_qty=6
O000001687,0,Low,,Auto process,discount_pct=0.01; payment_failures=0; device_reuse=1; total_qty=3
O000001700,0,Low,,Auto process,discount_pct=0.15; payment_failures=0; device_reuse=1; total_qty=1
O000001704,0,Low,,Auto process,discount_pct=0.0; payment_failures=0; device_reuse=1; total_qty=2
O000001696,0,Low,,Auto process,discount_pct=0.07; payment_failures=0; device_reuse=1; total_qty=6
O000001706,0,Low,,Auto process,discount_pct=0.0; payment_failures=0; device_reuse=0; total_qty=8
O000004588,0,Medium,,Call verification,discount_pct=0.0; payment_failures=0; device_reuse=1; total_qty=2
O000004609,0,Medium,,Call verification,discount_pct=0.0; payment_failures=0; device_reuse=1; total_qty=1
O000004590,0,Medium,,Call verification,discount_pct=0.0; payment_failures=0; device_reuse=1; total_qty=3
O000004593,0,Medium,,Call verification,discount_pct=0.0; payment_failures=0; device_reuse=1; total_qty=8
O000004595,0,Medium,,Call verification,discount_pct=0.0; payment_failures=0; device_reuse=1; total_qty=7
O000004598,0,Medium,,Call verification,discount_pct=0.0; payment_failures=0; device_reuse=1; total_qty=6
O000004597,0,Medium,,Call verification,discount_pct=0.0; payment_failures=0; device_reuse=1; total_qty=6
